ALTER TABLE `diva_pv_info_level`
    ADD UNIQUE KEY `UK4xslhvucv2anj83qbjp61j8j5` (`pv_id`, `edition`, `level`);

INSERT IGNORE INTO diva_pv_entry (demo_end, demo_start, difficulty, edition, playable_end, playable_start, pv_id, version) VALUES ('2029-01-01 15:00:00.000000', '2020-02-12 15:00:00.000000', 'EASY', 'ORIGINAL', '2029-01-01 15:00:00.000000', '2020-02-12 15:00:00.000000', 268, 1);
INSERT IGNORE INTO diva_pv_entry (demo_end, demo_start, difficulty, edition, playable_end, playable_start, pv_id, version) VALUES ('2029-01-01 15:00:00.000000', '2020-02-12 15:00:00.000000', 'NORMAL', 'ORIGINAL', '2029-01-01 15:00:00.000000', '2020-02-12 15:00:00.000000', 268, 1);
INSERT IGNORE INTO diva_pv_entry (demo_end, demo_start, difficulty, edition, playable_end, playable_start, pv_id, version) VALUES ('2029-01-01 15:00:00.000000', '2020-02-12 15:00:00.000000', 'HARD', 'ORIGINAL', '2029-01-01 15:00:00.000000', '2020-02-12 15:00:00.000000', 268, 1);
INSERT IGNORE INTO diva_pv_entry (demo_end, demo_start, difficulty, edition, playable_end, playable_start, pv_id, version) VALUES ('2029-01-01 15:00:00.000000', '2020-02-12 15:00:00.000000', 'EXTREME', 'ORIGINAL', '2029-01-01 15:00:00.000000', '2020-02-12 15:00:00.000000', 268, 1);

INSERT IGNORE INTO diva_pv_entry (demo_end, demo_start, difficulty, edition, playable_end, playable_start, pv_id, version) VALUES ('2029-01-01 15:00:00.000000', '2020-02-12 15:00:00.000000', 'EASY', 'ORIGINAL', '2029-01-01 15:00:00.000000', '2020-02-12 15:00:00.000000', 269, 1);
INSERT IGNORE INTO diva_pv_entry (demo_end, demo_start, difficulty, edition, playable_end, playable_start, pv_id, version) VALUES ('2029-01-01 15:00:00.000000', '2020-02-12 15:00:00.000000', 'NORMAL', 'ORIGINAL', '2029-01-01 15:00:00.000000', '2020-02-12 15:00:00.000000', 269, 1);
INSERT IGNORE INTO diva_pv_entry (demo_end, demo_start, difficulty, edition, playable_end, playable_start, pv_id, version) VALUES ('2029-01-01 15:00:00.000000', '2020-02-12 15:00:00.000000', 'HARD', 'ORIGINAL', '2029-01-01 15:00:00.000000', '2020-02-12 15:00:00.000000', 269, 1);
INSERT IGNORE INTO diva_pv_entry (demo_end, demo_start, difficulty, edition, playable_end, playable_start, pv_id, version) VALUES ('2029-01-01 15:00:00.000000', '2020-02-12 15:00:00.000000', 'EXTREME', 'ORIGINAL', '2029-01-01 15:00:00.000000', '2020-02-12 15:00:00.000000', 269, 1);

INSERT IGNORE INTO diva_pv_entry (demo_end, demo_start, difficulty, edition, playable_end, playable_start, pv_id, version) VALUES ('2029-01-01 15:00:00.000000', '2020-02-12 15:00:00.000000', 'EASY', 'ORIGINAL', '2029-01-01 15:00:00.000000', '2020-02-12 15:00:00.000000', 270, 1);
INSERT IGNORE INTO diva_pv_entry (demo_end, demo_start, difficulty, edition, playable_end, playable_start, pv_id, version) VALUES ('2029-01-01 15:00:00.000000', '2020-02-12 15:00:00.000000', 'NORMAL', 'ORIGINAL', '2029-01-01 15:00:00.000000', '2020-02-12 15:00:00.000000', 270, 1);
INSERT IGNORE INTO diva_pv_entry (demo_end, demo_start, difficulty, edition, playable_end, playable_start, pv_id, version) VALUES ('2029-01-01 15:00:00.000000', '2020-02-12 15:00:00.000000', 'HARD', 'ORIGINAL', '2029-01-01 15:00:00.000000', '2020-02-12 15:00:00.000000', 270, 1);
INSERT IGNORE INTO diva_pv_entry (demo_end, demo_start, difficulty, edition, playable_end, playable_start, pv_id, version) VALUES ('2029-01-01 15:00:00.000000', '2020-02-12 15:00:00.000000', 'EXTREME', 'ORIGINAL', '2029-01-01 15:00:00.000000', '2020-02-12 15:00:00.000000', 270, 1);

INSERT IGNORE INTO diva_pv_entry (demo_end, demo_start, difficulty, edition, playable_end, playable_start, pv_id, version) VALUES ('2029-01-01 15:00:00.000000', '2020-02-12 15:00:00.000000', 'EASY', 'ORIGINAL', '2029-01-01 15:00:00.000000', '2020-02-12 15:00:00.000000', 271, 1);
INSERT IGNORE INTO diva_pv_entry (demo_end, demo_start, difficulty, edition, playable_end, playable_start, pv_id, version) VALUES ('2029-01-01 15:00:00.000000', '2020-02-12 15:00:00.000000', 'NORMAL', 'ORIGINAL', '2029-01-01 15:00:00.000000', '2020-02-12 15:00:00.000000', 271, 1);
INSERT IGNORE INTO diva_pv_entry (demo_end, demo_start, difficulty, edition, playable_end, playable_start, pv_id, version) VALUES ('2029-01-01 15:00:00.000000', '2020-02-12 15:00:00.000000', 'HARD', 'ORIGINAL', '2029-01-01 15:00:00.000000', '2020-02-12 15:00:00.000000', 271, 1);
INSERT IGNORE INTO diva_pv_entry (demo_end, demo_start, difficulty, edition, playable_end, playable_start, pv_id, version) VALUES ('2029-01-01 15:00:00.000000', '2020-02-12 15:00:00.000000', 'EXTREME', 'ORIGINAL', '2029-01-01 15:00:00.000000', '2020-02-12 15:00:00.000000', 271, 1);

INSERT IGNORE INTO diva_pv_entry (demo_end, demo_start, difficulty, edition, playable_end, playable_start, pv_id, version) VALUES ('2029-01-01 15:00:00.000000', '2020-02-12 15:00:00.000000', 'EASY', 'ORIGINAL', '2029-01-01 15:00:00.000000', '2020-02-12 15:00:00.000000', 272, 1);
INSERT IGNORE INTO diva_pv_entry (demo_end, demo_start, difficulty, edition, playable_end, playable_start, pv_id, version) VALUES ('2029-01-01 15:00:00.000000', '2020-02-12 15:00:00.000000', 'NORMAL', 'ORIGINAL', '2029-01-01 15:00:00.000000', '2020-02-12 15:00:00.000000', 272, 1);
INSERT IGNORE INTO diva_pv_entry (demo_end, demo_start, difficulty, edition, playable_end, playable_start, pv_id, version) VALUES ('2029-01-01 15:00:00.000000', '2020-02-12 15:00:00.000000', 'HARD', 'ORIGINAL', '2029-01-01 15:00:00.000000', '2020-02-12 15:00:00.000000', 272, 1);
INSERT IGNORE INTO diva_pv_entry (demo_end, demo_start, difficulty, edition, playable_end, playable_start, pv_id, version) VALUES ('2029-01-01 15:00:00.000000', '2020-02-12 15:00:00.000000', 'EXTREME', 'ORIGINAL', '2029-01-01 15:00:00.000000', '2020-02-12 15:00:00.000000', 272, 1);

INSERT IGNORE INTO diva_pv_entry (demo_end, demo_start, difficulty, edition, playable_end, playable_start, pv_id, version) VALUES ('2029-01-01 15:00:00.000000', '2020-02-12 15:00:00.000000', 'EASY', 'ORIGINAL', '2029-01-01 15:00:00.000000', '2020-02-12 15:00:00.000000', 273, 1);
INSERT IGNORE INTO diva_pv_entry (demo_end, demo_start, difficulty, edition, playable_end, playable_start, pv_id, version) VALUES ('2029-01-01 15:00:00.000000', '2020-02-12 15:00:00.000000', 'NORMAL', 'ORIGINAL', '2029-01-01 15:00:00.000000', '2020-02-12 15:00:00.000000', 273, 1);
INSERT IGNORE INTO diva_pv_entry (demo_end, demo_start, difficulty, edition, playable_end, playable_start, pv_id, version) VALUES ('2029-01-01 15:00:00.000000', '2020-02-12 15:00:00.000000', 'HARD', 'ORIGINAL', '2029-01-01 15:00:00.000000', '2020-02-12 15:00:00.000000', 273, 1);
INSERT IGNORE INTO diva_pv_entry (demo_end, demo_start, difficulty, edition, playable_end, playable_start, pv_id, version) VALUES ('2029-01-01 15:00:00.000000', '2020-02-12 15:00:00.000000', 'EXTREME', 'ORIGINAL', '2029-01-01 15:00:00.000000', '2020-02-12 15:00:00.000000', 273, 1);


INSERT IGNORE INTO diva_pv_entry (demo_end, demo_start, difficulty, edition, playable_end, playable_start, pv_id, version) VALUES ('2029-01-01 15:00:00.000000', '2020-02-12 15:00:00.000000', 'EASY', 'ORIGINAL', '2029-01-01 15:00:00.000000', '2020-02-12 15:00:00.000000', 274, 1);
INSERT IGNORE INTO diva_pv_entry (demo_end, demo_start, difficulty, edition, playable_end, playable_start, pv_id, version) VALUES ('2029-01-01 15:00:00.000000', '2020-02-12 15:00:00.000000', 'NORMAL', 'ORIGINAL', '2029-01-01 15:00:00.000000', '2020-02-12 15:00:00.000000', 274, 1);
INSERT IGNORE INTO diva_pv_entry (demo_end, demo_start, difficulty, edition, playable_end, playable_start, pv_id, version) VALUES ('2029-01-01 15:00:00.000000', '2020-02-12 15:00:00.000000', 'HARD', 'ORIGINAL', '2029-01-01 15:00:00.000000', '2020-02-12 15:00:00.000000', 274, 1);
INSERT IGNORE INTO diva_pv_entry (demo_end, demo_start, difficulty, edition, playable_end, playable_start, pv_id, version) VALUES ('2029-01-01 15:00:00.000000', '2020-02-12 15:00:00.000000', 'EXTREME', 'ORIGINAL', '2029-01-01 15:00:00.000000', '2020-02-12 15:00:00.000000', 274, 1);


INSERT IGNORE INTO diva_pv_entry (demo_end, demo_start, difficulty, edition, playable_end, playable_start, pv_id, version) VALUES ('2029-01-01 15:00:00.000000', '2020-02-12 15:00:00.000000', 'EASY', 'ORIGINAL', '2029-01-01 15:00:00.000000', '2020-02-12 15:00:00.000000', 275, 1);
INSERT IGNORE INTO diva_pv_entry (demo_end, demo_start, difficulty, edition, playable_end, playable_start, pv_id, version) VALUES ('2029-01-01 15:00:00.000000', '2020-02-12 15:00:00.000000', 'NORMAL', 'ORIGINAL', '2029-01-01 15:00:00.000000', '2020-02-12 15:00:00.000000', 275, 1);
INSERT IGNORE INTO diva_pv_entry (demo_end, demo_start, difficulty, edition, playable_end, playable_start, pv_id, version) VALUES ('2029-01-01 15:00:00.000000', '2020-02-12 15:00:00.000000', 'HARD', 'ORIGINAL', '2029-01-01 15:00:00.000000', '2020-02-12 15:00:00.000000', 275, 1);
INSERT IGNORE INTO diva_pv_entry (demo_end, demo_start, difficulty, edition, playable_end, playable_start, pv_id, version) VALUES ('2029-01-01 15:00:00.000000', '2020-02-12 15:00:00.000000', 'EXTREME', 'ORIGINAL', '2029-01-01 15:00:00.000000', '2020-02-12 15:00:00.000000', 275, 1);

INSERT IGNORE INTO diva_pv_entry (demo_end, demo_start, difficulty, edition, playable_end, playable_start, pv_id, version) VALUES ('2029-01-01 15:00:00.000000', '2020-02-12 15:00:00.000000', 'EASY', 'ORIGINAL', '2029-01-01 15:00:00.000000', '2020-02-12 15:00:00.000000', 276, 1);
INSERT IGNORE INTO diva_pv_entry (demo_end, demo_start, difficulty, edition, playable_end, playable_start, pv_id, version) VALUES ('2029-01-01 15:00:00.000000', '2020-02-12 15:00:00.000000', 'NORMAL', 'ORIGINAL', '2029-01-01 15:00:00.000000', '2020-02-12 15:00:00.000000', 276, 1);
INSERT IGNORE INTO diva_pv_entry (demo_end, demo_start, difficulty, edition, playable_end, playable_start, pv_id, version) VALUES ('2029-01-01 15:00:00.000000', '2020-02-12 15:00:00.000000', 'HARD', 'ORIGINAL', '2029-01-01 15:00:00.000000', '2020-02-12 15:00:00.000000', 276, 1);
INSERT IGNORE INTO diva_pv_entry (demo_end, demo_start, difficulty, edition, playable_end, playable_start, pv_id, version) VALUES ('2029-01-01 15:00:00.000000', '2020-02-12 15:00:00.000000', 'EXTREME', 'ORIGINAL', '2029-01-01 15:00:00.000000', '2020-02-12 15:00:00.000000', 276, 1);

INSERT IGNORE INTO diva_pv_entry (demo_end, demo_start, difficulty, edition, playable_end, playable_start, pv_id, version) VALUES ('2029-01-01 15:00:00.000000', '2020-02-12 15:00:00.000000', 'EASY', 'ORIGINAL', '2029-01-01 15:00:00.000000', '2020-02-12 15:00:00.000000', 277, 1);
INSERT IGNORE INTO diva_pv_entry (demo_end, demo_start, difficulty, edition, playable_end, playable_start, pv_id, version) VALUES ('2029-01-01 15:00:00.000000', '2020-02-12 15:00:00.000000', 'NORMAL', 'ORIGINAL', '2029-01-01 15:00:00.000000', '2020-02-12 15:00:00.000000', 277, 1);
INSERT IGNORE INTO diva_pv_entry (demo_end, demo_start, difficulty, edition, playable_end, playable_start, pv_id, version) VALUES ('2029-01-01 15:00:00.000000', '2020-02-12 15:00:00.000000', 'HARD', 'ORIGINAL', '2029-01-01 15:00:00.000000', '2020-02-12 15:00:00.000000', 277, 1);
INSERT IGNORE INTO diva_pv_entry (demo_end, demo_start, difficulty, edition, playable_end, playable_start, pv_id, version) VALUES ('2029-01-01 15:00:00.000000', '2020-02-12 15:00:00.000000', 'EXTREME', 'ORIGINAL', '2029-01-01 15:00:00.000000', '2020-02-12 15:00:00.000000', 277, 1);

INSERT IGNORE INTO diva_pv_info (pv_id, bpm, song_name, song_name_eng, song_name_reading, arranger, lyrics, music, performer_number) VALUES (268, 153, 'Catch the Wave', 'Catch the Wave', 'きゃっちざうぇーぶ', 'kz', 'kz', 'kz', 6);
INSERT IGNORE INTO diva_pv_info (pv_id, bpm, song_name, song_name_eng, song_name_reading, arranger, lyrics, music, performer_number) VALUES (269, 130, '39みゅーじっく！', '39 Music!', 'さんきゅーみゅーじっく', 'みきとP', 'みきとP', 'みきとP', 1);
INSERT IGNORE INTO diva_pv_info (pv_id, bpm, song_name, song_name_eng, song_name_reading, arranger, lyrics, music, performer_number) VALUES (270, 152, 'エイリアンエイリアン', 'Alien Alien', 'えいりあんえいりあん', 'ナユタン星人', 'ナユタン星人', 'ナユタン星人', 1);
INSERT IGNORE INTO diva_pv_info (pv_id, bpm, song_name, song_name_eng, song_name_reading, arranger, lyrics, music, performer_number) VALUES (271, 185, 'テオ', 'Teo', 'てお', 'Omoi', 'Sakurai', 'Omoi', 2);
INSERT IGNORE INTO diva_pv_info (pv_id, bpm, song_name, song_name_eng, song_name_reading, arranger, lyrics, music, performer_number) VALUES (272, 200, 'ヒバナ', 'HIBANA', 'ひばな', 'Rockwell', 'DECO*27、Mes', 'DECO*27', 1);
INSERT IGNORE INTO diva_pv_info (pv_id, bpm, song_name, song_name_eng, song_name_reading, arranger, lyrics, music, performer_number) VALUES (273, 150, 'ロキ', 'ROKI', 'ろき', 'みきとP', 'みきとP', 'みきとP', 2);
INSERT IGNORE INTO diva_pv_info (pv_id, bpm, song_name, song_name_eng, song_name_reading, arranger, lyrics, music, performer_number) VALUES (274, 172, 'ジグソーパズル', 'Jigsaw puzzle', 'じぐそーぱずる', 'まふまふ', 'まふまふ', 'まふまふ', 1);
INSERT IGNORE INTO diva_pv_info (pv_id, bpm, song_name, song_name_eng, song_name_reading, arranger, lyrics, music, performer_number) VALUES (275, 128, 'どりーみんチュチュ', 'Dreamin Chuchu', 'どりーみんちゅちゅ', 'emon(Tes.)', 'emon(Tes.)', 'emon(Tes.)', 1);
INSERT IGNORE INTO diva_pv_info (pv_id, bpm, song_name, song_name_eng, song_name_reading, arranger, lyrics, music, performer_number) VALUES (276, 144, '大江戸ジュリアナイト', 'Ooedo Julianight', 'おおえどじゅりあないと', 'Mitchie M', 'Mitchie M', 'Mitchie M', 2);
INSERT IGNORE INTO diva_pv_info (pv_id, bpm, song_name, song_name_eng, song_name_reading, arranger, lyrics, music, performer_number) VALUES (277, 132, 'ジターバグ', 'Jitter bug', 'じたーばぐ', '蜂屋ななし', '蜂屋ななし', '蜂屋ななし', 2);
INSERT IGNORE INTO diva_pv_info_level (pv_id, edition, level, version, diff) VALUES (268, 0, 'PV_LV_03_0', 1, 'normal');
INSERT IGNORE INTO diva_pv_info_level (pv_id, edition, level, version, diff) VALUES (268, 0, 'PV_LV_05_5', 1, 'hard');
INSERT IGNORE INTO diva_pv_info_level (pv_id, edition, level, version, diff) VALUES (268, 0, 'PV_LV_01_5', 1, 'easy');
INSERT IGNORE INTO diva_pv_info_level (pv_id, edition, level, version, diff) VALUES (268, 0, 'PV_LV_08_0', 1, 'extreme');
INSERT IGNORE INTO diva_pv_info_level (pv_id, edition, level, version, diff) VALUES (269, 0, 'PV_LV_04_0', 1, 'normal');
INSERT IGNORE INTO diva_pv_info_level (pv_id, edition, level, version, diff) VALUES (269, 0, 'PV_LV_06_0', 1, 'hard');
INSERT IGNORE INTO diva_pv_info_level (pv_id, edition, level, version, diff) VALUES (269, 0, 'PV_LV_01_5', 1, 'easy');
INSERT IGNORE INTO diva_pv_info_level (pv_id, edition, level, version, diff) VALUES (269, 0, 'PV_LV_08_5', 1, 'extreme');
INSERT IGNORE INTO diva_pv_info_level (pv_id, edition, level, version, diff) VALUES (270, 0, 'PV_LV_04_0', 1, 'normal');
INSERT IGNORE INTO diva_pv_info_level (pv_id, edition, level, version, diff) VALUES (270, 0, 'PV_LV_07_0', 1, 'hard');
INSERT IGNORE INTO diva_pv_info_level (pv_id, edition, level, version, diff) VALUES (270, 0, 'PV_LV_01_5', 1, 'easy');
INSERT IGNORE INTO diva_pv_info_level (pv_id, edition, level, version, diff) VALUES (270, 0, 'PV_LV_08_5', 1, 'extreme');
INSERT IGNORE INTO diva_pv_info_level (pv_id, edition, level, version, diff) VALUES (271, 0, 'PV_LV_05_0', 1, 'normal');
INSERT IGNORE INTO diva_pv_info_level (pv_id, edition, level, version, diff) VALUES (271, 0, 'PV_LV_07_5', 1, 'hard');
INSERT IGNORE INTO diva_pv_info_level (pv_id, edition, level, version, diff) VALUES (271, 0, 'PV_LV_02_0', 1, 'easy');
INSERT IGNORE INTO diva_pv_info_level (pv_id, edition, level, version, diff) VALUES (271, 0, 'PV_LV_09_0', 1, 'extreme');
INSERT IGNORE INTO diva_pv_info_level (pv_id, edition, level, version, diff) VALUES (272, 0, 'PV_LV_05_0', 1, 'normal');
INSERT IGNORE INTO diva_pv_info_level (pv_id, edition, level, version, diff) VALUES (272, 0, 'PV_LV_07_5', 1, 'hard');
INSERT IGNORE INTO diva_pv_info_level (pv_id, edition, level, version, diff) VALUES (272, 0, 'PV_LV_02_0', 1, 'easy');
INSERT IGNORE INTO diva_pv_info_level (pv_id, edition, level, version, diff) VALUES (272, 0, 'PV_LV_08_5', 1, 'extreme');
INSERT IGNORE INTO diva_pv_info_level (pv_id, edition, level, version, diff) VALUES (273, 0, 'PV_LV_04_5', 1, 'normal');
INSERT IGNORE INTO diva_pv_info_level (pv_id, edition, level, version, diff) VALUES (273, 0, 'PV_LV_07_0', 1, 'hard');
INSERT IGNORE INTO diva_pv_info_level (pv_id, edition, level, version, diff) VALUES (273, 0, 'PV_LV_02_0', 1, 'easy');
INSERT IGNORE INTO diva_pv_info_level (pv_id, edition, level, version, diff) VALUES (273, 0, 'PV_LV_09_0', 1, 'extreme');
INSERT IGNORE INTO diva_pv_info_level (pv_id, edition, level, version, diff) VALUES (274, 0, 'PV_LV_04_5', 1, 'normal');
INSERT IGNORE INTO diva_pv_info_level (pv_id, edition, level, version, diff) VALUES (274, 0, 'PV_LV_07_5', 1, 'hard');
INSERT IGNORE INTO diva_pv_info_level (pv_id, edition, level, version, diff) VALUES (274, 0, 'PV_LV_02_0', 1, 'easy');
INSERT IGNORE INTO diva_pv_info_level (pv_id, edition, level, version, diff) VALUES (274, 0, 'PV_LV_09_5', 1, 'extreme');
INSERT IGNORE INTO diva_pv_info_level (pv_id, edition, level, version, diff) VALUES (275, 0, 'PV_LV_05_0', 1, 'normal');
INSERT IGNORE INTO diva_pv_info_level (pv_id, edition, level, version, diff) VALUES (275, 0, 'PV_LV_06_5', 1, 'hard');
INSERT IGNORE INTO diva_pv_info_level (pv_id, edition, level, version, diff) VALUES (275, 0, 'PV_LV_03_5', 1, 'easy');
INSERT IGNORE INTO diva_pv_info_level (pv_id, edition, level, version, diff) VALUES (275, 0, 'PV_LV_08_0', 1, 'extreme');
INSERT IGNORE INTO diva_pv_info_level (pv_id, edition, level, version, diff) VALUES (276, 0, 'PV_LV_04_0', 1, 'normal');
INSERT IGNORE INTO diva_pv_info_level (pv_id, edition, level, version, diff) VALUES (276, 0, 'PV_LV_07_5', 1, 'hard');
INSERT IGNORE INTO diva_pv_info_level (pv_id, edition, level, version, diff) VALUES (276, 0, 'PV_LV_01_5', 1, 'easy');
INSERT IGNORE INTO diva_pv_info_level (pv_id, edition, level, version, diff) VALUES (276, 0, 'PV_LV_09_0', 1, 'extreme');
INSERT IGNORE INTO diva_pv_info_level (pv_id, edition, level, version, diff) VALUES (277, 0, 'PV_LV_04_0', 1, 'normal');
INSERT IGNORE INTO diva_pv_info_level (pv_id, edition, level, version, diff) VALUES (277, 0, 'PV_LV_08_0', 1, 'hard');
INSERT IGNORE INTO diva_pv_info_level (pv_id, edition, level, version, diff) VALUES (277, 0, 'PV_LV_01_5', 1, 'easy');
INSERT IGNORE INTO diva_pv_info_level (pv_id, edition, level, version, diff) VALUES (277, 0, 'PV_LV_09_0', 1, 'extreme');