INSERT INTO chusan_game_character (id, name, release_tag, works_name, illustrator_name, add_images) VALUES (15430, 'ヴァンパイア', 'v2 2.10.00', 'DECO*27', 'None', '-1:,-1:,-1:,-1:,-1:,-1:,-1:,-1:,-1:');
INSERT INTO chusan_game_character (id, name, release_tag, works_name, illustrator_name, add_images) VALUES (15440, 'アニマル', 'v2 2.10.00', 'DECO*27', 'None', '-1:,-1:,-1:,-1:,-1:,-1:,-1:,-1:,-1:');
INSERT INTO chusan_game_character (id, name, release_tag, works_name, illustrator_name, add_images) VALUES (15450, '状態異常彼女', 'v2 2.10.00', 'DECO*27', 'None', '-1:,-1:,-1:,-1:,-1:,-1:,-1:,-1:,-1:');
INSERT INTO chusan_game_character (id, name, release_tag, works_name, illustrator_name, add_images) VALUES (15460, 'U', 'v2 2.10.00', 'DECO*27', 'None', '-1:,-1:,-1:,-1:,-1:,-1:,-1:,-1:,-1:');
INSERT INTO chusan_game_character (id, name, release_tag, works_name, illustrator_name, add_images) VALUES (15470, 'シンデレラ', 'v2 2.10.00', 'DECO*27', 'None', '-1:,-1:,-1:,-1:,-1:,-1:,-1:,-1:,-1:');
INSERT INTO chusan_game_character (id, name, release_tag, works_name, illustrator_name, add_images) VALUES (15480, 'ケサランパサラン', 'v2 2.10.00', 'DECO*27', 'None', '-1:,-1:,-1:,-1:,-1:,-1:,-1:,-1:,-1:');
INSERT INTO chusan_game_character (id, name, release_tag, works_name, illustrator_name, add_images) VALUES (15490, 'ギフト', 'v2 2.10.00', 'DECO*27', 'None', '-1:,-1:,-1:,-1:,-1:,-1:,-1:,-1:,-1:');
INSERT INTO chusan_game_character (id, name, release_tag, works_name, illustrator_name, add_images) VALUES (15500, 'パラサイト', 'v2 2.10.00', 'DECO*27', 'None', '-1:,-1:,-1:,-1:,-1:,-1:,-1:,-1:,-1:');
INSERT INTO chusan_game_character (id, name, release_tag, works_name, illustrator_name, add_images) VALUES (15510, 'ジレンマ', 'v2 2.10.00', 'DECO*27', 'None', '-1:,-1:,-1:,-1:,-1:,-1:,-1:,-1:,-1:');
INSERT INTO chusan_game_character (id, name, release_tag, works_name, illustrator_name, add_images) VALUES (15770, 'エヴァ・ドミナンスXII', 'v2 2.10.00', 'CHUNITHM SUN', 'ろるあ', '15771:エヴァ・ドミナンスXII／調和の機神,-1:,-1:,-1:,-1:,-1:,-1:,-1:,-1:');
INSERT INTO chusan_nameplate (id, name) VALUES (10101, 'DECO*27 【1】');
INSERT INTO chusan_nameplate (id, name) VALUES (10102, 'DECO*27 【2】');
INSERT INTO chusan_nameplate (id, name) VALUES (10134, 'WACCA 【4】');
INSERT INTO chusan_nameplate (id, name) VALUES (31010, 'KOP4th International ver. CHAMPION');
INSERT INTO chusan_nameplate (id, name) VALUES (31011, 'KOP4th International ver. BEST8');
INSERT INTO chusan_music (music_id, artist_name, genre, name, release_version, sort_name) VALUES (2314, 'DECO*27', 2, 'シンデレラ', 'v2 2.10.00', 'シンテレラ');
INSERT INTO chusan_music (music_id, artist_name, genre, name, release_version, sort_name) VALUES (2315, 'DECO*27', 2, 'アニマル', 'v2 2.10.00', 'アニマル');
INSERT INTO chusan_music (music_id, artist_name, genre, name, release_version, sort_name) VALUES (2316, 'DECO*27', 2, 'パラサイト', 'v2 2.10.00', 'ハラサイト');
INSERT INTO chusan_music (music_id, artist_name, genre, name, release_version, sort_name) VALUES (2340, 'uma vs. ガリガリさむし', 5, 'To：Be Continued', 'v2 2.10.00', 'TOBECONTINUED');
INSERT INTO chusan_music (music_id, artist_name, genre, name, release_version, sort_name) VALUES (2346, 'Kobaryo', 9, 'FLUFFY FLASH', 'v2 2.10.00', 'FLUFFYFLASH');
INSERT INTO chusan_music (music_id, artist_name, genre, name, release_version, sort_name) VALUES (2409, 'Zekk「WACCA」', 6, 'フリーフォール', 'v2 2.10.00', 'フリウフオウル');
INSERT INTO chusan_music (music_id, artist_name, genre, name, release_version, sort_name) VALUES (2410, 'Kobaryo「WACCA」', 6, 'Invisible Frenzy', 'v2 2.10.00', 'INVISIBLEFRENZY');
INSERT INTO chusan_music_level (diff, enable, level, level_decimal, music_id) VALUES (0, 1, 2, 0, 2314);
INSERT INTO chusan_music_level (diff, enable, level, level_decimal, music_id) VALUES (1, 1, 6, 0, 2314);
INSERT INTO chusan_music_level (diff, enable, level, level_decimal, music_id) VALUES (2, 1, 8, 50, 2314);
INSERT INTO chusan_music_level (diff, enable, level, level_decimal, music_id) VALUES (3, 1, 12, 10, 2314);
INSERT INTO chusan_music_level (diff, enable, level, level_decimal, music_id) VALUES (4, 0, 0, 0, 2314);
INSERT INTO chusan_music_level (diff, enable, level, level_decimal, music_id) VALUES (5, 0, 0, 0, 2314);
INSERT INTO chusan_music_level (diff, enable, level, level_decimal, music_id) VALUES (0, 1, 3, 0, 2315);
INSERT INTO chusan_music_level (diff, enable, level, level_decimal, music_id) VALUES (1, 1, 6, 0, 2315);
INSERT INTO chusan_music_level (diff, enable, level, level_decimal, music_id) VALUES (2, 1, 9, 50, 2315);
INSERT INTO chusan_music_level (diff, enable, level, level_decimal, music_id) VALUES (3, 1, 13, 30, 2315);
INSERT INTO chusan_music_level (diff, enable, level, level_decimal, music_id) VALUES (4, 0, 0, 0, 2315);
INSERT INTO chusan_music_level (diff, enable, level, level_decimal, music_id) VALUES (5, 0, 0, 0, 2315);
INSERT INTO chusan_music_level (diff, enable, level, level_decimal, music_id) VALUES (0, 1, 2, 0, 2316);
INSERT INTO chusan_music_level (diff, enable, level, level_decimal, music_id) VALUES (1, 1, 5, 0, 2316);
INSERT INTO chusan_music_level (diff, enable, level, level_decimal, music_id) VALUES (2, 1, 9, 0, 2316);
INSERT INTO chusan_music_level (diff, enable, level, level_decimal, music_id) VALUES (3, 1, 12, 50, 2316);
INSERT INTO chusan_music_level (diff, enable, level, level_decimal, music_id) VALUES (4, 0, 0, 0, 2316);
INSERT INTO chusan_music_level (diff, enable, level, level_decimal, music_id) VALUES (5, 0, 0, 0, 2316);
INSERT INTO chusan_music_level (diff, enable, level, level_decimal, music_id) VALUES (0, 1, 5, 0, 2340);
INSERT INTO chusan_music_level (diff, enable, level, level_decimal, music_id) VALUES (1, 1, 11, 90, 2340);
INSERT INTO chusan_music_level (diff, enable, level, level_decimal, music_id) VALUES (2, 1, 14, 30, 2340);
INSERT INTO chusan_music_level (diff, enable, level, level_decimal, music_id) VALUES (3, 1, 15, 20, 2340);
INSERT INTO chusan_music_level (diff, enable, level, level_decimal, music_id) VALUES (4, 0, 0, 0, 2340);
INSERT INTO chusan_music_level (diff, enable, level, level_decimal, music_id) VALUES (5, 0, 0, 0, 2340);
INSERT INTO chusan_music_level (diff, enable, level, level_decimal, music_id) VALUES (0, 1, 4, 0, 2346);
INSERT INTO chusan_music_level (diff, enable, level, level_decimal, music_id) VALUES (1, 1, 9, 0, 2346);
INSERT INTO chusan_music_level (diff, enable, level, level_decimal, music_id) VALUES (2, 1, 12, 10, 2346);
INSERT INTO chusan_music_level (diff, enable, level, level_decimal, music_id) VALUES (3, 1, 14, 80, 2346);
INSERT INTO chusan_music_level (diff, enable, level, level_decimal, music_id) VALUES (4, 0, 0, 0, 2346);
INSERT INTO chusan_music_level (diff, enable, level, level_decimal, music_id) VALUES (5, 0, 0, 0, 2346);
INSERT INTO chusan_music_level (diff, enable, level, level_decimal, music_id) VALUES (0, 1, 3, 0, 2409);
INSERT INTO chusan_music_level (diff, enable, level, level_decimal, music_id) VALUES (1, 1, 8, 0, 2409);
INSERT INTO chusan_music_level (diff, enable, level, level_decimal, music_id) VALUES (2, 1, 11, 10, 2409);
INSERT INTO chusan_music_level (diff, enable, level, level_decimal, music_id) VALUES (3, 1, 14, 0, 2409);
INSERT INTO chusan_music_level (diff, enable, level, level_decimal, music_id) VALUES (4, 0, 0, 0, 2409);
INSERT INTO chusan_music_level (diff, enable, level, level_decimal, music_id) VALUES (5, 0, 0, 0, 2409);
INSERT INTO chusan_music_level (diff, enable, level, level_decimal, music_id) VALUES (0, 1, 4, 0, 2410);
INSERT INTO chusan_music_level (diff, enable, level, level_decimal, music_id) VALUES (1, 1, 9, 50, 2410);
INSERT INTO chusan_music_level (diff, enable, level, level_decimal, music_id) VALUES (2, 1, 13, 30, 2410);
INSERT INTO chusan_music_level (diff, enable, level, level_decimal, music_id) VALUES (3, 1, 15, 0, 2410);
INSERT INTO chusan_music_level (diff, enable, level, level_decimal, music_id) VALUES (4, 0, 0, 0, 2410);
INSERT INTO chusan_music_level (diff, enable, level, level_decimal, music_id) VALUES (5, 0, 0, 0, 2410);
INSERT INTO chusan_trophy (id, name) VALUES (4100, 'KOP4th International ver. BEST8');
INSERT INTO chusan_trophy (id, name) VALUES (4101, 'KOP4th International ver. CHAMPION');
INSERT INTO chusan_trophy (id, name) VALUES (6014, 'だっだっだ だいじょばない');
INSERT INTO chusan_trophy (id, name) VALUES (6015, 'どうぶつパーティー');
INSERT INTO chusan_trophy (id, name) VALUES (6016, 'なんでなんでなんでなんでなんでなんで');
INSERT INTO chusan_trophy (id, name) VALUES (6018, 'シンデレラ');
INSERT INTO chusan_trophy (id, name) VALUES (6019, 'シンデレラ');
INSERT INTO chusan_trophy (id, name) VALUES (6020, 'アニマル');
INSERT INTO chusan_trophy (id, name) VALUES (6021, 'アニマル');
INSERT INTO chusan_trophy (id, name) VALUES (6022, 'パラサイト');
INSERT INTO chusan_trophy (id, name) VALUES (6023, 'パラサイト');
INSERT INTO chusan_trophy (id, name) VALUES (6085, 'To：Be Continued');
INSERT INTO chusan_trophy (id, name) VALUES (6086, 'To：Be Continued');
INSERT INTO chusan_trophy (id, name) VALUES (6103, 'FLUFFY FLASH');
INSERT INTO chusan_trophy (id, name) VALUES (6104, 'FLUFFY FLASH');
INSERT INTO chusan_trophy (id, name) VALUES (6353, 'フリーフォール');
INSERT INTO chusan_trophy (id, name) VALUES (6354, 'フリーフォール');
INSERT INTO chusan_trophy (id, name) VALUES (6355, 'Invisible Frenzy');
INSERT INTO chusan_trophy (id, name) VALUES (6356, 'Invisible Frenzy');
INSERT INTO chusan_trophy (id, name) VALUES (6512, '無限の空へ');
INSERT INTO chusan_trophy (id, name) VALUES (6513, '震えて眠れ…');
