INSERT INTO chusan_avatar (id, name, category) VALUES (3102601, 'ツタンカーメンの服', 1);
INSERT INTO chusan_avatar (id, name, category) VALUES (3102701, 'バブリースーツ', 1);
INSERT INTO chusan_avatar (id, name, category) VALUES (3103001, 'バニースーツ', 1);
INSERT INTO chusan_avatar (id, name, category) VALUES (3103101, 'ラーメン屋の服', 1);
INSERT INTO chusan_avatar (id, name, category) VALUES (3202601, 'ツタンカーメンの仮面', 2);
INSERT INTO chusan_avatar (id, name, category) VALUES (3202701, 'バブリーヘアー', 2);
INSERT INTO chusan_avatar (id, name, category) VALUES (3203001, 'バニーの耳', 2);
INSERT INTO chusan_avatar (id, name, category) VALUES (3203101, 'タオルバンダナ', 2);
INSERT INTO chusan_avatar (id, name, category) VALUES (3502601, 'ツタンカーメンの杖', 5);
INSERT INTO chusan_avatar (id, name, category) VALUES (3502701, 'バブリー扇子', 5);
INSERT INTO chusan_avatar (id, name, category) VALUES (3503001, 'カクテルトレイ', 5);
INSERT INTO chusan_avatar (id, name, category) VALUES (3503101, 'ラーメン', 5);
INSERT INTO chusan_avatar (id, name, category) VALUES (4102401, 'トナカイのきぐるみ', 1);
INSERT INTO chusan_avatar (id, name, category) VALUES (4102402, 'クリスマスの靴下', 1);
INSERT INTO chusan_avatar (id, name, category) VALUES (4102501, '着物', 1);
INSERT INTO chusan_avatar (id, name, category) VALUES (4102601, 'コックコート(バレンタイン)', 1);
INSERT INTO chusan_avatar (id, name, category) VALUES (4102701, 'アカデミックガウン', 1);
INSERT INTO chusan_avatar (id, name, category) VALUES (4102702, '学生服(卒業)', 1);
INSERT INTO chusan_avatar (id, name, category) VALUES (4202401, 'トナカイのかぶりもの', 2);
INSERT INTO chusan_avatar (id, name, category) VALUES (4202402, 'クリスマスリース', 2);
INSERT INTO chusan_avatar (id, name, category) VALUES (4202501, 'ウサギのかぶりもの', 2);
INSERT INTO chusan_avatar (id, name, category) VALUES (4202502, '2023冠', 2);
INSERT INTO chusan_avatar (id, name, category) VALUES (4202601, 'コック帽(バレンタイン)', 2);
INSERT INTO chusan_avatar (id, name, category) VALUES (4202701, 'モルタルボード', 2);
INSERT INTO chusan_avatar (id, name, category) VALUES (4202702, '白い鳩', 2);
INSERT INTO chusan_avatar (id, name, category) VALUES (4302501, 'おみくじ(大吉)', 3);
INSERT INTO chusan_avatar (id, name, category) VALUES (4302502, 'おみくじ(凶)', 3);
INSERT INTO chusan_avatar (id, name, category) VALUES (4302601, 'チョコレートの汚れ', 3);
INSERT INTO chusan_avatar (id, name, category) VALUES (4502401, 'クリスマスチキン', 5);
INSERT INTO chusan_avatar (id, name, category) VALUES (4502501, '絵馬', 5);
INSERT INTO chusan_avatar (id, name, category) VALUES (4502601, 'チョコレートボウル', 5);
INSERT INTO chusan_avatar (id, name, category) VALUES (4502602, 'バレンタインチョコレート(本命)', 5);
INSERT INTO chusan_avatar (id, name, category) VALUES (4502603, 'バレンタインチョコレート(義理)', 5);
INSERT INTO chusan_avatar (id, name, category) VALUES (4502701, '卒業証書', 5);
INSERT INTO chusan_avatar (id, name, category) VALUES (4702401, 'クリスマスのソリ', 7);
INSERT INTO chusan_avatar (id, name, category) VALUES (4702701, '卒業式の立て看板', 7);
INSERT INTO chusan_avatar (id, name, category) VALUES (6100301, '天王洲 なずなの服', 1);
INSERT INTO chusan_avatar (id, name, category) VALUES (6100401, '小仏 凪の服', 1);
INSERT INTO chusan_avatar (id, name, category) VALUES (6100501, '箱部 なるの服', 1);
INSERT INTO chusan_avatar (id, name, category) VALUES (6100601, '月鈴 那知の服', 1);
INSERT INTO chusan_avatar (id, name, category) VALUES (6102701, '桜井 春菜の服(シュータードレス)', 1);
INSERT INTO chusan_avatar (id, name, category) VALUES (6102801, '早乙女 彩華の服(シュータードレス)', 1);
INSERT INTO chusan_avatar (id, name, category) VALUES (6103101, '九條 楓の服(シュータードレス)', 1);
INSERT INTO chusan_avatar (id, name, category) VALUES (6103201, '逢坂 茜の服(シュータードレス)', 1);
INSERT INTO chusan_avatar (id, name, category) VALUES (6103301, '珠洲島 有栖の服(シュータードレス)', 1);
INSERT INTO chusan_avatar (id, name, category) VALUES (6200301, '天王洲 なずなの頭', 2);
INSERT INTO chusan_avatar (id, name, category) VALUES (6200401, '小仏 凪の頭', 2);
INSERT INTO chusan_avatar (id, name, category) VALUES (6200501, '箱部 なるの頭', 2);
INSERT INTO chusan_avatar (id, name, category) VALUES (6200601, '月鈴 那知の頭', 2);
INSERT INTO chusan_avatar (id, name, category) VALUES (6202301, '三角 葵の頭(シュータードレス)', 2);
INSERT INTO chusan_avatar (id, name, category) VALUES (6202401, '高瀬 梨緒の頭(シュータードレス)', 2);
INSERT INTO chusan_avatar (id, name, category) VALUES (6202501, '結城 莉玖の頭(シュータードレス)', 2);
INSERT INTO chusan_avatar (id, name, category) VALUES (6202601, '藍原 椿の頭(シュータードレス)', 2);
INSERT INTO chusan_avatar (id, name, category) VALUES (6300301, '天王洲 なずなのメガネ', 3);
INSERT INTO chusan_avatar (id, name, category) VALUES (6502901, '井之原 小星のコントローラー', 5);
INSERT INTO chusan_avatar (id, name, category) VALUES (6503001, '柏木 咲姫の騎士剣', 5);
INSERT INTO chusan_avatar (id, name, category) VALUES (6503101, '九條 楓の刀', 5);
INSERT INTO chusan_avatar (id, name, category) VALUES (6702901, '井之原 小星のゲーミングPC', 7);
INSERT INTO chusan_avatar (id, name, category) VALUES (6703201, '逢坂 茜のロケットランチャー', 7);
INSERT INTO chusan_game_character (id, name, release_tag, works_name, illustrator_name, add_images) VALUES (15190, '日野森 志歩', 'v2 2.10.00', 'プロジェクトセカイ カラフルステージ！ feat. 初音ミク', 'None', '15191:日野森 志歩／Leo/need,-1:,-1:,-1:,-1:,-1:,-1:,-1:,-1:');
INSERT INTO chusan_game_character (id, name, release_tag, works_name, illustrator_name, add_images) VALUES (15200, '星乃 一歌', 'v2 2.10.00', 'プロジェクトセカイ カラフルステージ！ feat. 初音ミク', 'None', '15201:星乃 一歌／Leo/need,-1:,-1:,-1:,-1:,-1:,-1:,-1:,-1:');
INSERT INTO chusan_game_character (id, name, release_tag, works_name, illustrator_name, add_images) VALUES (15210, '天馬 咲希', 'v2 2.10.00', 'プロジェクトセカイ カラフルステージ！ feat. 初音ミク', 'None', '15211:天馬 咲希／Leo/need,-1:,-1:,-1:,-1:,-1:,-1:,-1:,-1:');
INSERT INTO chusan_game_character (id, name, release_tag, works_name, illustrator_name, add_images) VALUES (15220, '望月 穂波', 'v2 2.10.00', 'プロジェクトセカイ カラフルステージ！ feat. 初音ミク', 'None', '15221:望月 穂波／Leo/need,-1:,-1:,-1:,-1:,-1:,-1:,-1:,-1:');
INSERT INTO chusan_game_character (id, name, release_tag, works_name, illustrator_name, add_images) VALUES (15230, '初音ミク／Leo/need', 'v2 2.10.00', 'プロジェクトセカイ カラフルステージ！ feat. 初音ミク', 'None', '-1:,-1:,-1:,-1:,-1:,-1:,-1:,-1:,-1:');
INSERT INTO chusan_game_character (id, name, release_tag, works_name, illustrator_name, add_images) VALUES (15240, '巡音ルカ／Leo/need', 'v2 2.10.00', 'プロジェクトセカイ カラフルステージ！ feat. 初音ミク', 'None', '-1:,-1:,-1:,-1:,-1:,-1:,-1:,-1:,-1:');
INSERT INTO chusan_game_character (id, name, release_tag, works_name, illustrator_name, add_images) VALUES (15250, '東雲 彰人', 'v2 2.10.00', 'プロジェクトセカイ カラフルステージ！ feat. 初音ミク', 'None', '15251:東雲 彰人／Vivid BAD SQUAD,-1:,-1:,-1:,-1:,-1:,-1:,-1:,-1:');
INSERT INTO chusan_game_character (id, name, release_tag, works_name, illustrator_name, add_images) VALUES (15260, '白石 杏', 'v2 2.10.00', 'プロジェクトセカイ カラフルステージ！ feat. 初音ミク', 'None', '15261:白石 杏／Vivid BAD SQUAD,-1:,-1:,-1:,-1:,-1:,-1:,-1:,-1:');
INSERT INTO chusan_game_character (id, name, release_tag, works_name, illustrator_name, add_images) VALUES (15270, '小豆沢 こはね', 'v2 2.10.00', 'プロジェクトセカイ カラフルステージ！ feat. 初音ミク', 'None', '15271:小豆沢 こはね／Vivid BAD SQUAD,-1:,-1:,-1:,-1:,-1:,-1:,-1:,-1:');
INSERT INTO chusan_game_character (id, name, release_tag, works_name, illustrator_name, add_images) VALUES (15280, '青柳 冬弥', 'v2 2.10.00', 'プロジェクトセカイ カラフルステージ！ feat. 初音ミク', 'None', '15281:青柳 冬弥／Vivid BAD SQUAD,-1:,-1:,-1:,-1:,-1:,-1:,-1:,-1:');
INSERT INTO chusan_game_character (id, name, release_tag, works_name, illustrator_name, add_images) VALUES (15290, '鏡音レン／Vivid BAD SQUAD', 'v2 2.10.00', 'プロジェクトセカイ カラフルステージ！ feat. 初音ミク', 'None', '-1:,-1:,-1:,-1:,-1:,-1:,-1:,-1:,-1:');
INSERT INTO chusan_game_character (id, name, release_tag, works_name, illustrator_name, add_images) VALUES (15300, '初音ミク／Vivid BAD SQUAD', 'v2 2.10.00', 'プロジェクトセカイ カラフルステージ！ feat. 初音ミク', 'None', '-1:,-1:,-1:,-1:,-1:,-1:,-1:,-1:,-1:');
INSERT INTO chusan_game_character (id, name, release_tag, works_name, illustrator_name, add_images) VALUES (15310, 'MEIKO／Vivid BAD SQUAD', 'v2 2.10.00', 'プロジェクトセカイ カラフルステージ！ feat. 初音ミク', 'None', '-1:,-1:,-1:,-1:,-1:,-1:,-1:,-1:,-1:');
INSERT INTO chusan_game_character (id, name, release_tag, works_name, illustrator_name, add_images) VALUES (15320, '総克の挺抗力 ユリシーズ', 'v2 2.10.00', 'クラッシュフィーバー', 'None', '15321:承命の勇猛種 ユリシーズ-EX,-1:,-1:,-1:,-1:,-1:,-1:,-1:,-1:');
INSERT INTO chusan_game_character (id, name, release_tag, works_name, illustrator_name, add_images) VALUES (15330, '愛憶の救世種 ノア-EX', 'v2 2.10.00', 'クラッシュフィーバー', 'None', '15331:歌練なる急成手 ノア,-1:,-1:,-1:,-1:,-1:,-1:,-1:,-1:');
INSERT INTO chusan_game_character (id, name, release_tag, works_name, illustrator_name, add_images) VALUES (15340, '帰起の対現種 ダーウィン-EX', 'v2 2.10.00', 'クラッシュフィーバー', 'None', '-1:,-1:,-1:,-1:,-1:,-1:,-1:,-1:,-1:');
INSERT INTO chusan_game_character (id, name, release_tag, works_name, illustrator_name, add_images) VALUES (15350, '序応の対核戦 アリス', 'v2 2.10.00', 'クラッシュフィーバー', 'None', '15351:華恋なる甘嬢 アリス,-1:,-1:,-1:,-1:,-1:,-1:,-1:,-1:');
INSERT INTO chusan_game_character (id, name, release_tag, works_name, illustrator_name, add_images) VALUES (15360, '崩烙の世解 シュレディンガー', 'v2 2.10.00', 'クラッシュフィーバー', 'None', '15361:異志の到者 シュレディンガー-Ev,-1:,-1:,-1:,-1:,-1:,-1:,-1:,-1:');
INSERT INTO chusan_game_character (id, name, release_tag, works_name, illustrator_name, add_images) VALUES (15370, '万理の才煌脳 アインシュタイン', 'v2 2.10.00', 'クラッシュフィーバー', 'None', '15371:天射の透夏脳 アインシュタイン,-1:,-1:,-1:,-1:,-1:,-1:,-1:,-1:');
INSERT INTO chusan_game_character (id, name, release_tag, works_name, illustrator_name, add_images) VALUES (15380, '終わりなき奇跡 メビウス', 'v2 2.10.00', 'クラッシュフィーバー', 'None', '15381:揮跡の真導者 メビウス-Ev,-1:,-1:,-1:,-1:,-1:,-1:,-1:,-1:');
INSERT INTO chusan_game_character (id, name, release_tag, works_name, illustrator_name, add_images) VALUES (15390, '安倍 八雲', 'v2 2.10.00', 'CHUNITHM SUN', 'へんりいだ', '15391:安倍 八雲／煩悩解放,-1:,-1:,-1:,-1:,-1:,-1:,-1:,-1:');
INSERT INTO chusan_game_character (id, name, release_tag, works_name, illustrator_name, add_images) VALUES (15400, '小鳥遊 えりか', 'v2 2.10.00', 'CHUNITHM SUN', 'ぴょん吉', '15401:小鳥遊 えりか／切り札「アビスソーサレス」,-1:,-1:,-1:,-1:,-1:,-1:,-1:,-1:');
INSERT INTO chusan_game_character (id, name, release_tag, works_name, illustrator_name, add_images) VALUES (15410, '神開 つかさ', 'v2 2.10.00', 'CHUNITHM SUN', 'ゆか', '15411:神開 つかさ／オール・オア・ナッシング,-1:,-1:,-1:,-1:,-1:,-1:,-1:,-1:');
INSERT INTO chusan_game_character (id, name, release_tag, works_name, illustrator_name, add_images) VALUES (15420, '薬研堀 ユウ', 'v2 2.10.00', 'CHUNITHM SUN', '赤城あさひと', '15421:薬研堀 ユウ／仁義なきファン道,-1:,-1:,-1:,-1:,-1:,-1:,-1:,-1:');
INSERT INTO chusan_game_character (id, name, release_tag, works_name, illustrator_name, add_images) VALUES (15520, '高坂 桐乃', 'v2 2.10.00', '俺の妹がこんなに可愛いわけがない。', 'None', '-1:,-1:,-1:,-1:,-1:,-1:,-1:,-1:,-1:');
INSERT INTO chusan_game_character (id, name, release_tag, works_name, illustrator_name, add_images) VALUES (15530, '黒猫', 'v2 2.10.00', '俺の妹がこんなに可愛いわけがない。', 'None', '-1:,-1:,-1:,-1:,-1:,-1:,-1:,-1:,-1:');
INSERT INTO chusan_game_character (id, name, release_tag, works_name, illustrator_name, add_images) VALUES (15540, '新垣 あやせ', 'v2 2.10.00', '俺の妹がこんなに可愛いわけがない。', 'None', '-1:,-1:,-1:,-1:,-1:,-1:,-1:,-1:,-1:');
INSERT INTO chusan_game_character (id, name, release_tag, works_name, illustrator_name, add_images) VALUES (15550, 'Bugdoll', 'v2 2.10.00', '#コンパス', 'None', '-1:,-1:,-1:,-1:,-1:,-1:,-1:,-1:,-1:');
INSERT INTO chusan_game_character (id, name, release_tag, works_name, illustrator_name, add_images) VALUES (15560, 'ルルカ', 'v2 2.10.00', '#コンパス', 'None', '-1:,-1:,-1:,-1:,-1:,-1:,-1:,-1:,-1:');
INSERT INTO chusan_game_character (id, name, release_tag, works_name, illustrator_name, add_images) VALUES (15570, 'イグニス＝ウィル＝ウィスプ', 'v2 2.10.00', '#コンパス', 'None', '-1:,-1:,-1:,-1:,-1:,-1:,-1:,-1:,-1:');
INSERT INTO chusan_game_character (id, name, release_tag, works_name, illustrator_name, add_images) VALUES (15580, '糸廻 輪廻', 'v2 2.10.00', '#コンパス', 'None', '-1:,-1:,-1:,-1:,-1:,-1:,-1:,-1:,-1:');
INSERT INTO chusan_game_character (id, name, release_tag, works_name, illustrator_name, add_images) VALUES (15590, 'ジャンヌ ダルク', 'v2 2.10.00', '#コンパス', 'None', '-1:,-1:,-1:,-1:,-1:,-1:,-1:,-1:,-1:');
INSERT INTO chusan_game_character (id, name, release_tag, works_name, illustrator_name, add_images) VALUES (15600, 'エリシャ・ムルシア', 'v2 2.10.00', 'CHUNITHM SUN', 'せんむ', '-1:,-1:,-1:,-1:,-1:,-1:,-1:,-1:,-1:');
INSERT INTO chusan_game_character (id, name, release_tag, works_name, illustrator_name, add_images) VALUES (15610, 'ナディン・ナタナエル', 'v2 2.10.00', 'CHUNITHM SUN', '市ヶ谷', '15611:ナディン・ナタナエル／魔剣の操者,-1:,-1:,-1:,-1:,-1:,-1:,-1:,-1:');
INSERT INTO chusan_game_character (id, name, release_tag, works_name, illustrator_name, add_images) VALUES (15620, 'ドヴェルグ', 'v2 2.10.00', 'CHUNITHM SUN', 'danciao', '15621:ドヴェルグ／蘇りし魔剣,-1:,-1:,-1:,-1:,-1:,-1:,-1:,-1:');
INSERT INTO chusan_game_character (id, name, release_tag, works_name, illustrator_name, add_images) VALUES (15630, 'アンシャール・アウダーチア', 'v2 2.10.00', 'CHUNITHM SUN', 'ふぁすな', '15631:アンシャール・アウダーチア／セイクリッドナイト,-1:,-1:,-1:,-1:,-1:,-1:,-1:,-1:');
INSERT INTO chusan_game_character (id, name, release_tag, works_name, illustrator_name, add_images) VALUES (15640, '名取 さな', 'v2 2.10.00', 'さなちゃんねる', 'None', '15641:名取 さな／制服,15642:名取 さな／さなちゃんねる王,15643:名取 さな／メチャ・ハッピー・ショー,-1:,-1:,-1:,-1:,-1:,-1:');
INSERT INTO chusan_game_character (id, name, release_tag, works_name, illustrator_name, add_images) VALUES (15650, 'アヘエビ', 'v2 2.10.00', 'さなちゃんねる', 'None', '-1:,-1:,-1:,-1:,-1:,-1:,-1:,-1:,-1:');
INSERT INTO chusan_game_character (id, name, release_tag, works_name, illustrator_name, add_images) VALUES (15660, 'うさちゃんせんせえ', 'v2 2.10.00', 'さなちゃんねる', 'None', '-1:,-1:,-1:,-1:,-1:,-1:,-1:,-1:,-1:');
INSERT INTO chusan_game_character (id, name, release_tag, works_name, illustrator_name, add_images) VALUES (15670, 'ねこちゃんせんせえ', 'v2 2.10.00', 'さなちゃんねる', 'None', '-1:,-1:,-1:,-1:,-1:,-1:,-1:,-1:,-1:');
INSERT INTO chusan_game_character (id, name, release_tag, works_name, illustrator_name, add_images) VALUES (15680, 'サーナくん', 'v2 2.10.00', 'さなちゃんねる', 'None', '-1:,-1:,-1:,-1:,-1:,-1:,-1:,-1:,-1:');
INSERT INTO chusan_game_character (id, name, release_tag, works_name, illustrator_name, add_images) VALUES (16150, '星咲 あかり／届けて！ミルキーウェイ', 'v2 2.10.00', 'オンゲキ', 'None', '-1:,-1:,-1:,-1:,-1:,-1:,-1:,-1:,-1:');
INSERT INTO chusan_game_character (id, name, release_tag, works_name, illustrator_name, add_images) VALUES (16160, '藤沢 柚子／DREAM PARADE', 'v2 2.10.00', 'オンゲキ', 'None', '-1:,-1:,-1:,-1:,-1:,-1:,-1:,-1:,-1:');
INSERT INTO chusan_game_character (id, name, release_tag, works_name, illustrator_name, add_images) VALUES (16170, '三角 葵／ビタースイート☆クリスマス', 'v2 2.10.00', 'オンゲキ', 'None', '-1:,-1:,-1:,-1:,-1:,-1:,-1:,-1:,-1:');
INSERT INTO chusan_game_character (id, name, release_tag, works_name, illustrator_name, add_images) VALUES (16250, '九條 楓／風流韻事', 'v2 2.10.00', 'オンゲキ', 'None', '-1:,-1:,-1:,-1:,-1:,-1:,-1:,-1:,-1:');
INSERT INTO chusan_game_character (id, name, release_tag, works_name, illustrator_name, add_images) VALUES (16260, '逢坂 茜／Daybreak Angels', 'v2 2.10.00', 'オンゲキ', 'None', '-1:,-1:,-1:,-1:,-1:,-1:,-1:,-1:,-1:');
INSERT INTO chusan_game_character (id, name, release_tag, works_name, illustrator_name, add_images) VALUES (16270, '珠洲島 有栖／もふもふシエスタ', 'v2 2.10.00', 'オンゲキ', 'None', '-1:,-1:,-1:,-1:,-1:,-1:,-1:,-1:,-1:');
INSERT INTO chusan_game_character (id, name, release_tag, works_name, illustrator_name, add_images) VALUES (16540, 'エリザベス', 'v2 2.10.00', 'WACCA', 'None', '-1:,-1:,-1:,-1:,-1:,-1:,-1:,-1:,-1:');
INSERT INTO chusan_game_character (id, name, release_tag, works_name, illustrator_name, add_images) VALUES (16550, 'リリィ', 'v2 2.10.00', 'WACCA', 'None', '-1:,-1:,-1:,-1:,-1:,-1:,-1:,-1:,-1:');
INSERT INTO chusan_game_character (id, name, release_tag, works_name, illustrator_name, add_images) VALUES (16560, 'ルーン', 'v2 2.10.00', 'WACCA', 'None', '16561:【裏】ルーン,-1:,-1:,-1:,-1:,-1:,-1:,-1:,-1:');
INSERT INTO chusan_game_character (id, name, release_tag, works_name, illustrator_name, add_images) VALUES (16570, 'WACCA筐体', 'v2 2.10.00', 'WACCA', 'None', '-1:,-1:,-1:,-1:,-1:,-1:,-1:,-1:,-1:');
INSERT INTO `chusan_game_event` (`id`, `end_date`, `start_date`, `type`, `enable`) VALUES (1006, '2029-01-01 00:00:00.000000', '2019-01-01 00:00:00.000000',1, 0);
INSERT INTO `chusan_game_event` (`id`, `end_date`, `start_date`, `type`, `enable`) VALUES (12150, '2029-01-01 00:00:00.000000', '2019-01-01 00:00:00.000000',3, 1);
INSERT INTO `chusan_game_event` (`id`, `end_date`, `start_date`, `type`, `enable`) VALUES (12151, '2029-01-01 00:00:00.000000', '2019-01-01 00:00:00.000000',1, 0);
INSERT INTO `chusan_game_event` (`id`, `end_date`, `start_date`, `type`, `enable`) VALUES (12152, '2029-01-01 00:00:00.000000', '2019-01-01 00:00:00.000000',2, 1);
INSERT INTO `chusan_game_event` (`id`, `end_date`, `start_date`, `type`, `enable`) VALUES (12153, '2029-01-01 00:00:00.000000', '2019-01-01 00:00:00.000000',8, 1);
INSERT INTO `chusan_game_event` (`id`, `end_date`, `start_date`, `type`, `enable`) VALUES (12154, '2029-01-01 00:00:00.000000', '2019-01-01 00:00:00.000000',11, 1);
INSERT INTO `chusan_game_event` (`id`, `end_date`, `start_date`, `type`, `enable`) VALUES (12200, '2029-01-01 00:00:00.000000', '2019-01-01 00:00:00.000000',3, 1);
INSERT INTO `chusan_game_event` (`id`, `end_date`, `start_date`, `type`, `enable`) VALUES (12201, '2029-01-01 00:00:00.000000', '2019-01-01 00:00:00.000000',3, 1);
INSERT INTO `chusan_game_event` (`id`, `end_date`, `start_date`, `type`, `enable`) VALUES (12202, '2029-01-01 00:00:00.000000', '2019-01-01 00:00:00.000000',1, 0);
INSERT INTO `chusan_game_event` (`id`, `end_date`, `start_date`, `type`, `enable`) VALUES (12203, '2029-01-01 00:00:00.000000', '2019-01-01 00:00:00.000000',2, 1);
INSERT INTO `chusan_game_event` (`id`, `end_date`, `start_date`, `type`, `enable`) VALUES (12204, '2029-01-01 00:00:00.000000', '2019-01-01 00:00:00.000000',1, 0);
INSERT INTO `chusan_game_event` (`id`, `end_date`, `start_date`, `type`, `enable`) VALUES (12205, '2029-01-01 00:00:00.000000', '2019-01-01 00:00:00.000000',2, 1);
INSERT INTO `chusan_game_event` (`id`, `end_date`, `start_date`, `type`, `enable`) VALUES (12206, '2029-01-01 00:00:00.000000', '2019-01-01 00:00:00.000000',1, 0);
INSERT INTO `chusan_game_event` (`id`, `end_date`, `start_date`, `type`, `enable`) VALUES (12207, '2029-01-01 00:00:00.000000', '2019-01-01 00:00:00.000000',2, 1);
INSERT INTO `chusan_game_event` (`id`, `end_date`, `start_date`, `type`, `enable`) VALUES (12208, '2029-01-01 00:00:00.000000', '2019-01-01 00:00:00.000000',8, 1);
INSERT INTO `chusan_game_event` (`id`, `end_date`, `start_date`, `type`, `enable`) VALUES (12209, '2029-01-01 00:00:00.000000', '2019-01-01 00:00:00.000000',1, 0);
INSERT INTO `chusan_game_event` (`id`, `end_date`, `start_date`, `type`, `enable`) VALUES (12210, '2029-01-01 00:00:00.000000', '2019-01-01 00:00:00.000000',2, 1);
INSERT INTO `chusan_game_event` (`id`, `end_date`, `start_date`, `type`, `enable`) VALUES (12211, '2029-01-01 00:00:00.000000', '2019-01-01 00:00:00.000000',8, 1);
INSERT INTO `chusan_game_event` (`id`, `end_date`, `start_date`, `type`, `enable`) VALUES (12212, '2029-01-01 00:00:00.000000', '2019-01-01 00:00:00.000000',2, 1);
INSERT INTO `chusan_game_event` (`id`, `end_date`, `start_date`, `type`, `enable`) VALUES (12213, '2029-01-01 00:00:00.000000', '2019-01-01 00:00:00.000000',2, 1);
INSERT INTO `chusan_game_event` (`id`, `end_date`, `start_date`, `type`, `enable`) VALUES (12214, '2029-01-01 00:00:00.000000', '2019-01-01 00:00:00.000000',1, 0);
INSERT INTO `chusan_game_event` (`id`, `end_date`, `start_date`, `type`, `enable`) VALUES (12215, '2029-01-01 00:00:00.000000', '2019-01-01 00:00:00.000000',8, 1);
INSERT INTO `chusan_game_event` (`id`, `end_date`, `start_date`, `type`, `enable`) VALUES (12216, '2029-01-01 00:00:00.000000', '2019-01-01 00:00:00.000000',1, 0);
INSERT INTO `chusan_game_event` (`id`, `end_date`, `start_date`, `type`, `enable`) VALUES (12217, '2029-01-01 00:00:00.000000', '2019-01-01 00:00:00.000000',9, 1);
INSERT INTO `chusan_game_event` (`id`, `end_date`, `start_date`, `type`, `enable`) VALUES (12218, '2029-01-01 00:00:00.000000', '2019-01-01 00:00:00.000000',1, 0);
INSERT INTO `chusan_game_event` (`id`, `end_date`, `start_date`, `type`, `enable`) VALUES (12219, '2029-01-01 00:00:00.000000', '2019-01-01 00:00:00.000000',10, 1);
INSERT INTO `chusan_game_event` (`id`, `end_date`, `start_date`, `type`, `enable`) VALUES (12220, '2029-01-01 00:00:00.000000', '2019-01-01 00:00:00.000000',1, 0);
INSERT INTO `chusan_game_event` (`id`, `end_date`, `start_date`, `type`, `enable`) VALUES (12221, '2029-01-01 00:00:00.000000', '2019-01-01 00:00:00.000000',12, 1);
INSERT INTO `chusan_game_event` (`id`, `end_date`, `start_date`, `type`, `enable`) VALUES (12222, '2029-01-01 00:00:00.000000', '2019-01-01 00:00:00.000000',5, 1);
INSERT INTO `chusan_game_event` (`id`, `end_date`, `start_date`, `type`, `enable`) VALUES (12223, '2029-01-01 00:00:00.000000', '2019-01-01 00:00:00.000000',11, 1);
INSERT INTO `chusan_game_event` (`id`, `end_date`, `start_date`, `type`, `enable`) VALUES (12250, '2029-01-01 00:00:00.000000', '2019-01-01 00:00:00.000000',3, 1);
INSERT INTO `chusan_game_event` (`id`, `end_date`, `start_date`, `type`, `enable`) VALUES (12251, '2029-01-01 00:00:00.000000', '2019-01-01 00:00:00.000000',1, 0);
INSERT INTO `chusan_game_event` (`id`, `end_date`, `start_date`, `type`, `enable`) VALUES (12252, '2029-01-01 00:00:00.000000', '2019-01-01 00:00:00.000000',2, 1);
INSERT INTO `chusan_game_event` (`id`, `end_date`, `start_date`, `type`, `enable`) VALUES (12253, '2029-01-01 00:00:00.000000', '2019-01-01 00:00:00.000000',8, 1);
INSERT INTO `chusan_game_event` (`id`, `end_date`, `start_date`, `type`, `enable`) VALUES (12254, '2029-01-01 00:00:00.000000', '2019-01-01 00:00:00.000000',1, 0);
INSERT INTO `chusan_game_event` (`id`, `end_date`, `start_date`, `type`, `enable`) VALUES (12255, '2029-01-01 00:00:00.000000', '2019-01-01 00:00:00.000000',2, 1);
INSERT INTO `chusan_game_event` (`id`, `end_date`, `start_date`, `type`, `enable`) VALUES (12256, '2029-01-01 00:00:00.000000', '2019-01-01 00:00:00.000000',1, 0);
INSERT INTO `chusan_game_event` (`id`, `end_date`, `start_date`, `type`, `enable`) VALUES (12257, '2029-01-01 00:00:00.000000', '2019-01-01 00:00:00.000000',2, 1);
INSERT INTO `chusan_game_event` (`id`, `end_date`, `start_date`, `type`, `enable`) VALUES (12258, '2029-01-01 00:00:00.000000', '2019-01-01 00:00:00.000000',2, 1);
INSERT INTO `chusan_game_event` (`id`, `end_date`, `start_date`, `type`, `enable`) VALUES (12259, '2029-01-01 00:00:00.000000', '2019-01-01 00:00:00.000000',3, 1);
INSERT INTO `chusan_game_event` (`id`, `end_date`, `start_date`, `type`, `enable`) VALUES (12260, '2029-01-01 00:00:00.000000', '2019-01-01 00:00:00.000000',1, 0);
INSERT INTO `chusan_game_event` (`id`, `end_date`, `start_date`, `type`, `enable`) VALUES (12261, '2029-01-01 00:00:00.000000', '2019-01-01 00:00:00.000000',3, 1);
INSERT INTO `chusan_game_event` (`id`, `end_date`, `start_date`, `type`, `enable`) VALUES (12262, '2029-01-01 00:00:00.000000', '2019-01-01 00:00:00.000000',11, 1);
INSERT INTO `chusan_game_event` (`id`, `end_date`, `start_date`, `type`, `enable`) VALUES (12263, '2029-01-01 00:00:00.000000', '2019-01-01 00:00:00.000000',7, 1);
INSERT INTO `chusan_game_event` (`id`, `end_date`, `start_date`, `type`, `enable`) VALUES (12300, '2029-01-01 00:00:00.000000', '2019-01-01 00:00:00.000000',3, 1);
INSERT INTO `chusan_game_event` (`id`, `end_date`, `start_date`, `type`, `enable`) VALUES (12301, '2029-01-01 00:00:00.000000', '2019-01-01 00:00:00.000000',1, 0);
INSERT INTO `chusan_game_event` (`id`, `end_date`, `start_date`, `type`, `enable`) VALUES (12302, '2029-01-01 00:00:00.000000', '2019-01-01 00:00:00.000000',3, 1);
INSERT INTO `chusan_game_event` (`id`, `end_date`, `start_date`, `type`, `enable`) VALUES (12303, '2029-01-01 00:00:00.000000', '2019-01-01 00:00:00.000000',1, 0);
INSERT INTO `chusan_game_event` (`id`, `end_date`, `start_date`, `type`, `enable`) VALUES (12304, '2029-01-01 00:00:00.000000', '2019-01-01 00:00:00.000000',2, 1);
INSERT INTO `chusan_game_event` (`id`, `end_date`, `start_date`, `type`, `enable`) VALUES (12305, '2029-01-01 00:00:00.000000', '2019-01-01 00:00:00.000000',8, 1);
INSERT INTO `chusan_game_event` (`id`, `end_date`, `start_date`, `type`, `enable`) VALUES (12306, '2029-01-01 00:00:00.000000', '2019-01-01 00:00:00.000000',2, 1);
INSERT INTO `chusan_game_event` (`id`, `end_date`, `start_date`, `type`, `enable`) VALUES (12307, '2029-01-01 00:00:00.000000', '2019-01-01 00:00:00.000000',2, 1);
INSERT INTO `chusan_game_event` (`id`, `end_date`, `start_date`, `type`, `enable`) VALUES (12308, '2029-01-01 00:00:00.000000', '2019-01-01 00:00:00.000000',1, 0);
INSERT INTO `chusan_game_event` (`id`, `end_date`, `start_date`, `type`, `enable`) VALUES (12309, '2029-01-01 00:00:00.000000', '2019-01-01 00:00:00.000000',9, 1);
INSERT INTO `chusan_game_event` (`id`, `end_date`, `start_date`, `type`, `enable`) VALUES (12310, '2029-01-01 00:00:00.000000', '2019-01-01 00:00:00.000000',1, 0);
INSERT INTO `chusan_game_event` (`id`, `end_date`, `start_date`, `type`, `enable`) VALUES (12311, '2029-01-01 00:00:00.000000', '2019-01-01 00:00:00.000000',10, 1);
INSERT INTO `chusan_game_event` (`id`, `end_date`, `start_date`, `type`, `enable`) VALUES (12312, '2029-01-01 00:00:00.000000', '2019-01-01 00:00:00.000000',1, 0);
INSERT INTO `chusan_game_event` (`id`, `end_date`, `start_date`, `type`, `enable`) VALUES (12313, '2029-01-01 00:00:00.000000', '2019-01-01 00:00:00.000000',12, 1);
INSERT INTO `chusan_game_event` (`id`, `end_date`, `start_date`, `type`, `enable`) VALUES (12314, '2029-01-01 00:00:00.000000', '2019-01-01 00:00:00.000000',5, 1);
INSERT INTO `chusan_game_event` (`id`, `end_date`, `start_date`, `type`, `enable`) VALUES (12315, '2029-01-01 00:00:00.000000', '2019-01-01 00:00:00.000000',11, 1);
INSERT INTO `chusan_game_event` (`id`, `end_date`, `start_date`, `type`, `enable`) VALUES (12350, '2029-01-01 00:00:00.000000', '2019-01-01 00:00:00.000000',1, 0);
INSERT INTO `chusan_game_event` (`id`, `end_date`, `start_date`, `type`, `enable`) VALUES (12351, '2029-01-01 00:00:00.000000', '2019-01-01 00:00:00.000000',3, 1);
INSERT INTO `chusan_game_event` (`id`, `end_date`, `start_date`, `type`, `enable`) VALUES (12352, '2029-01-01 00:00:00.000000', '2019-01-01 00:00:00.000000',1, 0);
INSERT INTO `chusan_game_event` (`id`, `end_date`, `start_date`, `type`, `enable`) VALUES (12353, '2029-01-01 00:00:00.000000', '2019-01-01 00:00:00.000000',2, 1);
INSERT INTO `chusan_game_event` (`id`, `end_date`, `start_date`, `type`, `enable`) VALUES (12354, '2029-01-01 00:00:00.000000', '2019-01-01 00:00:00.000000',8, 1);
INSERT INTO `chusan_game_event` (`id`, `end_date`, `start_date`, `type`, `enable`) VALUES (12355, '2029-01-01 00:00:00.000000', '2019-01-01 00:00:00.000000',1, 0);
INSERT INTO `chusan_game_event` (`id`, `end_date`, `start_date`, `type`, `enable`) VALUES (12356, '2029-01-01 00:00:00.000000', '2019-01-01 00:00:00.000000',2, 1);
INSERT INTO `chusan_game_event` (`id`, `end_date`, `start_date`, `type`, `enable`) VALUES (12357, '2029-01-01 00:00:00.000000', '2019-01-01 00:00:00.000000',2, 1);
INSERT INTO `chusan_game_event` (`id`, `end_date`, `start_date`, `type`, `enable`) VALUES (12358, '2029-01-01 00:00:00.000000', '2019-01-01 00:00:00.000000',1, 0);
INSERT INTO `chusan_game_event` (`id`, `end_date`, `start_date`, `type`, `enable`) VALUES (12359, '2029-01-01 00:00:00.000000', '2019-01-01 00:00:00.000000',8, 1);
INSERT INTO `chusan_game_event` (`id`, `end_date`, `start_date`, `type`, `enable`) VALUES (12360, '2029-01-01 00:00:00.000000', '2019-01-01 00:00:00.000000',1, 0);
INSERT INTO `chusan_game_event` (`id`, `end_date`, `start_date`, `type`, `enable`) VALUES (12361, '2029-01-01 00:00:00.000000', '2019-01-01 00:00:00.000000',3, 1);
INSERT INTO `chusan_game_event` (`id`, `end_date`, `start_date`, `type`, `enable`) VALUES (12362, '2029-01-01 00:00:00.000000', '2019-01-01 00:00:00.000000',4, 1);
INSERT INTO `chusan_game_event` (`id`, `end_date`, `start_date`, `type`, `enable`) VALUES (12363, '2029-01-01 00:00:00.000000', '2019-01-01 00:00:00.000000',11, 1);
INSERT INTO `chusan_game_event` (`id`, `end_date`, `start_date`, `type`, `enable`) VALUES (12364, '2029-01-01 00:00:00.000000', '2019-01-01 00:00:00.000000',7, 1);
INSERT INTO `chusan_game_event` (`id`, `end_date`, `start_date`, `type`, `enable`) VALUES (12365, '2029-01-01 00:00:00.000000', '2019-01-01 00:00:00.000000',3, 1);
INSERT INTO `chusan_game_event` (`id`, `end_date`, `start_date`, `type`, `enable`) VALUES (12450, '2029-01-01 00:00:00.000000', '2019-01-01 00:00:00.000000',3, 1);
INSERT INTO `chusan_game_event` (`id`, `end_date`, `start_date`, `type`, `enable`) VALUES (12451, '2029-01-01 00:00:00.000000', '2019-01-01 00:00:00.000000',1, 0);
INSERT INTO `chusan_game_event` (`id`, `end_date`, `start_date`, `type`, `enable`) VALUES (12452, '2029-01-01 00:00:00.000000', '2019-01-01 00:00:00.000000',3, 1);
INSERT INTO `chusan_game_event` (`id`, `end_date`, `start_date`, `type`, `enable`) VALUES (12453, '2029-01-01 00:00:00.000000', '2019-01-01 00:00:00.000000',1, 0);
INSERT INTO `chusan_game_event` (`id`, `end_date`, `start_date`, `type`, `enable`) VALUES (12454, '2029-01-01 00:00:00.000000', '2019-01-01 00:00:00.000000',2, 1);
INSERT INTO `chusan_game_event` (`id`, `end_date`, `start_date`, `type`, `enable`) VALUES (12455, '2029-01-01 00:00:00.000000', '2019-01-01 00:00:00.000000',1, 0);
INSERT INTO `chusan_game_event` (`id`, `end_date`, `start_date`, `type`, `enable`) VALUES (12456, '2029-01-01 00:00:00.000000', '2019-01-01 00:00:00.000000',2, 1);
INSERT INTO `chusan_game_event` (`id`, `end_date`, `start_date`, `type`, `enable`) VALUES (12457, '2029-01-01 00:00:00.000000', '2019-01-01 00:00:00.000000',1, 0);
INSERT INTO `chusan_game_event` (`id`, `end_date`, `start_date`, `type`, `enable`) VALUES (12458, '2029-01-01 00:00:00.000000', '2019-01-01 00:00:00.000000',2, 1);
INSERT INTO `chusan_game_event` (`id`, `end_date`, `start_date`, `type`, `enable`) VALUES (12459, '2029-01-01 00:00:00.000000', '2019-01-01 00:00:00.000000',8, 1);
INSERT INTO `chusan_game_event` (`id`, `end_date`, `start_date`, `type`, `enable`) VALUES (12460, '2029-01-01 00:00:00.000000', '2019-01-01 00:00:00.000000',8, 1);
INSERT INTO `chusan_game_event` (`id`, `end_date`, `start_date`, `type`, `enable`) VALUES (12461, '2029-01-01 00:00:00.000000', '2019-01-01 00:00:00.000000',8, 1);
INSERT INTO `chusan_game_event` (`id`, `end_date`, `start_date`, `type`, `enable`) VALUES (12462, '2029-01-01 00:00:00.000000', '2019-01-01 00:00:00.000000',8, 1);
INSERT INTO `chusan_game_event` (`id`, `end_date`, `start_date`, `type`, `enable`) VALUES (12463, '2029-01-01 00:00:00.000000', '2019-01-01 00:00:00.000000',8, 1);
INSERT INTO `chusan_game_event` (`id`, `end_date`, `start_date`, `type`, `enable`) VALUES (12464, '2029-01-01 00:00:00.000000', '2019-01-01 00:00:00.000000',2, 1);
INSERT INTO `chusan_game_event` (`id`, `end_date`, `start_date`, `type`, `enable`) VALUES (12465, '2029-01-01 00:00:00.000000', '2019-01-01 00:00:00.000000',2, 1);
INSERT INTO `chusan_game_event` (`id`, `end_date`, `start_date`, `type`, `enable`) VALUES (12466, '2029-01-01 00:00:00.000000', '2019-01-01 00:00:00.000000',1, 0);
INSERT INTO `chusan_game_event` (`id`, `end_date`, `start_date`, `type`, `enable`) VALUES (12467, '2029-01-01 00:00:00.000000', '2019-01-01 00:00:00.000000',9, 1);
INSERT INTO `chusan_game_event` (`id`, `end_date`, `start_date`, `type`, `enable`) VALUES (12468, '2029-01-01 00:00:00.000000', '2019-01-01 00:00:00.000000',1, 0);
INSERT INTO `chusan_game_event` (`id`, `end_date`, `start_date`, `type`, `enable`) VALUES (12469, '2029-01-01 00:00:00.000000', '2019-01-01 00:00:00.000000',10, 1);
INSERT INTO `chusan_game_event` (`id`, `end_date`, `start_date`, `type`, `enable`) VALUES (12470, '2029-01-01 00:00:00.000000', '2019-01-01 00:00:00.000000',1, 0);
INSERT INTO `chusan_game_event` (`id`, `end_date`, `start_date`, `type`, `enable`) VALUES (12471, '2029-01-01 00:00:00.000000', '2019-01-01 00:00:00.000000',12, 1);
INSERT INTO `chusan_game_event` (`id`, `end_date`, `start_date`, `type`, `enable`) VALUES (12472, '2029-01-01 00:00:00.000000', '2019-01-01 00:00:00.000000',3, 1);
INSERT INTO `chusan_game_event` (`id`, `end_date`, `start_date`, `type`, `enable`) VALUES (12473, '2029-01-01 00:00:00.000000', '2019-01-01 00:00:00.000000',1, 0);
INSERT INTO `chusan_game_event` (`id`, `end_date`, `start_date`, `type`, `enable`) VALUES (12474, '2029-01-01 00:00:00.000000', '2019-01-01 00:00:00.000000',3, 1);
INSERT INTO `chusan_game_event` (`id`, `end_date`, `start_date`, `type`, `enable`) VALUES (12475, '2029-01-01 00:00:00.000000', '2019-01-01 00:00:00.000000',3, 1);
INSERT INTO `chusan_game_event` (`id`, `end_date`, `start_date`, `type`, `enable`) VALUES (12476, '2029-01-01 00:00:00.000000', '2019-01-01 00:00:00.000000',5, 1);
INSERT INTO `chusan_game_event` (`id`, `end_date`, `start_date`, `type`, `enable`) VALUES (12480, '2029-01-01 00:00:00.000000', '2019-01-01 00:00:00.000000',1, 0);
INSERT INTO `chusan_game_event` (`id`, `end_date`, `start_date`, `type`, `enable`) VALUES (12481, '2029-01-01 00:00:00.000000', '2019-01-01 00:00:00.000000',3, 1);
INSERT INTO `chusan_game_event` (`id`, `end_date`, `start_date`, `type`, `enable`) VALUES (12482, '2029-01-01 00:00:00.000000', '2019-01-01 00:00:00.000000',1, 0);
INSERT INTO `chusan_game_event` (`id`, `end_date`, `start_date`, `type`, `enable`) VALUES (12483, '2029-01-01 00:00:00.000000', '2019-01-01 00:00:00.000000',2, 1);
INSERT INTO `chusan_game_event` (`id`, `end_date`, `start_date`, `type`, `enable`) VALUES (12484, '2029-01-01 00:00:00.000000', '2019-01-01 00:00:00.000000',1, 0);
INSERT INTO `chusan_game_event` (`id`, `end_date`, `start_date`, `type`, `enable`) VALUES (12485, '2029-01-01 00:00:00.000000', '2019-01-01 00:00:00.000000',2, 1);
INSERT INTO `chusan_game_event` (`id`, `end_date`, `start_date`, `type`, `enable`) VALUES (12486, '2029-01-01 00:00:00.000000', '2019-01-01 00:00:00.000000',8, 1);
INSERT INTO `chusan_game_event` (`id`, `end_date`, `start_date`, `type`, `enable`) VALUES (12487, '2029-01-01 00:00:00.000000', '2019-01-01 00:00:00.000000',1, 0);
INSERT INTO `chusan_game_event` (`id`, `end_date`, `start_date`, `type`, `enable`) VALUES (12488, '2029-01-01 00:00:00.000000', '2019-01-01 00:00:00.000000',3, 1);
INSERT INTO `chusan_game_event` (`id`, `end_date`, `start_date`, `type`, `enable`) VALUES (12489, '2029-01-01 00:00:00.000000', '2019-01-01 00:00:00.000000',7, 1);
INSERT INTO `chusan_game_event` (`id`, `end_date`, `start_date`, `type`, `enable`) VALUES (12500, '2029-01-01 00:00:00.000000', '2019-01-01 00:00:00.000000',3, 1);
INSERT INTO `chusan_game_event` (`id`, `end_date`, `start_date`, `type`, `enable`) VALUES (12501, '2029-01-01 00:00:00.000000', '2019-01-01 00:00:00.000000',3, 1);
INSERT INTO `chusan_game_event` (`id`, `end_date`, `start_date`, `type`, `enable`) VALUES (12502, '2029-01-01 00:00:00.000000', '2019-01-01 00:00:00.000000',1, 0);
INSERT INTO `chusan_game_event` (`id`, `end_date`, `start_date`, `type`, `enable`) VALUES (12503, '2029-01-01 00:00:00.000000', '2019-01-01 00:00:00.000000',2, 1);
INSERT INTO `chusan_game_event` (`id`, `end_date`, `start_date`, `type`, `enable`) VALUES (12504, '2029-01-01 00:00:00.000000', '2019-01-01 00:00:00.000000',5, 1);
INSERT INTO `chusan_game_event` (`id`, `end_date`, `start_date`, `type`, `enable`) VALUES (12550, '2029-01-01 00:00:00.000000', '2019-01-01 00:00:00.000000',1, 0);
INSERT INTO `chusan_game_event` (`id`, `end_date`, `start_date`, `type`, `enable`) VALUES (12551, '2029-01-01 00:00:00.000000', '2019-01-01 00:00:00.000000',3, 1);
INSERT INTO `chusan_game_event` (`id`, `end_date`, `start_date`, `type`, `enable`) VALUES (12552, '2029-01-01 00:00:00.000000', '2019-01-01 00:00:00.000000',1, 0);
INSERT INTO `chusan_game_event` (`id`, `end_date`, `start_date`, `type`, `enable`) VALUES (12553, '2029-01-01 00:00:00.000000', '2019-01-01 00:00:00.000000',2, 1);
INSERT INTO `chusan_game_event` (`id`, `end_date`, `start_date`, `type`, `enable`) VALUES (12554, '2029-01-01 00:00:00.000000', '2019-01-01 00:00:00.000000',8, 1);
INSERT INTO `chusan_game_event` (`id`, `end_date`, `start_date`, `type`, `enable`) VALUES (12555, '2029-01-01 00:00:00.000000', '2019-01-01 00:00:00.000000',2, 1);
INSERT INTO `chusan_game_event` (`id`, `end_date`, `start_date`, `type`, `enable`) VALUES (12556, '2029-01-01 00:00:00.000000', '2019-01-01 00:00:00.000000',2, 1);
INSERT INTO `chusan_game_event` (`id`, `end_date`, `start_date`, `type`, `enable`) VALUES (12557, '2029-01-01 00:00:00.000000', '2019-01-01 00:00:00.000000',1, 0);
INSERT INTO `chusan_game_event` (`id`, `end_date`, `start_date`, `type`, `enable`) VALUES (12558, '2029-01-01 00:00:00.000000', '2019-01-01 00:00:00.000000',8, 1);
INSERT INTO `chusan_game_event` (`id`, `end_date`, `start_date`, `type`, `enable`) VALUES (12559, '2029-01-01 00:00:00.000000', '2019-01-01 00:00:00.000000',1, 0);
INSERT INTO `chusan_game_event` (`id`, `end_date`, `start_date`, `type`, `enable`) VALUES (12560, '2029-01-01 00:00:00.000000', '2019-01-01 00:00:00.000000',10, 1);
INSERT INTO `chusan_game_event` (`id`, `end_date`, `start_date`, `type`, `enable`) VALUES (12561, '2029-01-01 00:00:00.000000', '2019-01-01 00:00:00.000000',1, 0);
INSERT INTO `chusan_game_event` (`id`, `end_date`, `start_date`, `type`, `enable`) VALUES (12562, '2029-01-01 00:00:00.000000', '2019-01-01 00:00:00.000000',12, 1);
INSERT INTO `chusan_game_event` (`id`, `end_date`, `start_date`, `type`, `enable`) VALUES (12563, '2029-01-01 00:00:00.000000', '2019-01-01 00:00:00.000000',1, 0);
INSERT INTO `chusan_game_event` (`id`, `end_date`, `start_date`, `type`, `enable`) VALUES (12564, '2029-01-01 00:00:00.000000', '2019-01-01 00:00:00.000000',3, 1);
INSERT INTO `chusan_game_event` (`id`, `end_date`, `start_date`, `type`, `enable`) VALUES (12565, '2029-01-01 00:00:00.000000', '2019-01-01 00:00:00.000000',1, 0);
INSERT INTO `chusan_game_event` (`id`, `end_date`, `start_date`, `type`, `enable`) VALUES (12566, '2029-01-01 00:00:00.000000', '2019-01-01 00:00:00.000000',9, 1);
INSERT INTO `chusan_game_event` (`id`, `end_date`, `start_date`, `type`, `enable`) VALUES (12567, '2029-01-01 00:00:00.000000', '2019-01-01 00:00:00.000000',4, 1);
INSERT INTO `chusan_game_event` (`id`, `end_date`, `start_date`, `type`, `enable`) VALUES (12568, '2029-01-01 00:00:00.000000', '2019-01-01 00:00:00.000000',11, 1);
INSERT INTO chusan_mapicon (id, name) VALUES (50, '宍戸 美鈴');
INSERT INTO chusan_mapicon (id, name) VALUES (51, 'リー・メイメイ');
INSERT INTO chusan_mapicon (id, name) VALUES (52, 'ティータ・アヴェニアス');
INSERT INTO chusan_mapicon (id, name) VALUES (53, 'MIR-203【セレネ・シェリル】');
INSERT INTO chusan_nameplate (id, name) VALUES (10093, 'プロジェクトセカイ カラフルステージ！ feat. 初音ミク 【7】');
INSERT INTO chusan_nameplate (id, name) VALUES (10094, 'プロジェクトセカイ カラフルステージ！ feat. 初音ミク 【8】');
INSERT INTO chusan_nameplate (id, name) VALUES (10095, 'プロジェクトセカイ カラフルステージ！ feat. 初音ミク 【9】');
INSERT INTO chusan_nameplate (id, name) VALUES (10096, 'プロジェクトセカイ カラフルステージ！ feat. 初音ミク 【10】');
INSERT INTO chusan_nameplate (id, name) VALUES (10097, 'WIXOSS 【3】');
INSERT INTO chusan_nameplate (id, name) VALUES (10098, 'クラッシュフィーバー 【1】');
INSERT INTO chusan_nameplate (id, name) VALUES (10099, 'クラッシュフィーバー 【2】');
INSERT INTO chusan_nameplate (id, name) VALUES (10100, 'クラッシュフィーバー 【3】');
INSERT INTO chusan_nameplate (id, name) VALUES (10103, '俺の妹がこんなに可愛いわけがない。 【1】');
INSERT INTO chusan_nameplate (id, name) VALUES (10104, '俺の妹がこんなに可愛いわけがない。 【2】');
INSERT INTO chusan_nameplate (id, name) VALUES (10105, '俺の妹がこんなに可愛いわけがない。 【3】');
INSERT INTO chusan_nameplate (id, name) VALUES (10106, '#コンパス 【7】');
INSERT INTO chusan_nameplate (id, name) VALUES (10107, '#コンパス 【8】');
INSERT INTO chusan_nameplate (id, name) VALUES (10108, '#コンパス 【9】');
INSERT INTO chusan_nameplate (id, name) VALUES (10109, '新サクラ大戦 【3】');
INSERT INTO chusan_nameplate (id, name) VALUES (10110, 'さなちゃんねる 【1】');
INSERT INTO chusan_nameplate (id, name) VALUES (10111, 'さなちゃんねる 【2】');
INSERT INTO chusan_nameplate (id, name) VALUES (10123, 'WACCA 【1】');
INSERT INTO chusan_nameplate (id, name) VALUES (10124, 'WACCA 【2】');
INSERT INTO chusan_nameplate (id, name) VALUES (10125, 'WACCA 【3】');
INSERT INTO chusan_nameplate (id, name) VALUES (20012, '未来の燈火');
INSERT INTO chusan_nameplate (id, name) VALUES (20013, '大地の後継者たち');
INSERT INTO chusan_nameplate (id, name) VALUES (20014, 'First story of the SeelischTact');
INSERT INTO chusan_nameplate (id, name) VALUES (25017, '宍戸 美鈴');
INSERT INTO chusan_nameplate (id, name) VALUES (25018, 'リー・メイメイ');
INSERT INTO chusan_nameplate (id, name) VALUES (25019, 'ティータ・アヴェニアス');
INSERT INTO chusan_nameplate (id, name) VALUES (25020, 'MIR-203【セレネ・シェリル】');
INSERT INTO chusan_nameplate (id, name) VALUES (31000, 'KING of Performai The 4th ～優勝～');
INSERT INTO chusan_nameplate (id, name) VALUES (31001, 'KING of Performai The 4th ～FINALIST～');
INSERT INTO chusan_music (music_id, artist_name, genre, name, release_version, sort_name) VALUES (2302, 'じん / 初音ミク / Leo/need「プロジェクトセカイ カラフルステージ！ feat. 初音ミク」', 2, 'ステラ', 'v2 2.10.00', 'ステラ');
INSERT INTO chusan_music (music_id, artist_name, genre, name, release_version, sort_name) VALUES (2303, 'Giga / 初音ミク / Vivid BAD SQUAD「プロジェクトセカイ カラフルステージ！ feat. 初音ミク」', 2, 'Ready Steady', 'v2 2.10.00', 'READYSTEADY');
INSERT INTO chusan_music (music_id, artist_name, genre, name, release_version, sort_name) VALUES (2304, 'Eve / 初音ミク、星乃一歌、花里みのり、小豆沢こはね、天馬司、宵崎奏「プロジェクトセカイ カラフルステージ！ feat. 初音ミク」', 2, '群青讃歌', 'v2 2.10.00', 'クンシヨウサンカ');
INSERT INTO chusan_music (music_id, artist_name, genre, name, release_version, sort_name) VALUES (2305, '香椎モイミ', 2, 'キャットラビング', 'v2 2.10.00', 'キヤツトラヒンク');
INSERT INTO chusan_music (music_id, artist_name, genre, name, release_version, sort_name) VALUES (2306, '柊マグネタイト feat.可不', 2, 'マーシャル・マキシマイザー', 'v2 2.10.00', 'マウシヤルマキシマイサウ');
INSERT INTO chusan_music (music_id, artist_name, genre, name, release_version, sort_name) VALUES (2307, 'Rigel Theatre feat. ミーウェル', 9, 'GRÄNDIR', 'v2 2.10.00', 'GRANDIR');
INSERT INTO chusan_music (music_id, artist_name, genre, name, release_version, sort_name) VALUES (2308, 'プロデュース：ワンダープラネット　作曲・編曲：加藤浩義（ノイジークローク）「クラッシュフィーバー」', 6, 'Advance（CHUNITHM edit）', 'v2 2.10.00', 'ADVANCECHUNITHMEDIT');
INSERT INTO chusan_music (music_id, artist_name, genre, name, release_version, sort_name) VALUES (2310, '永倉秋斗 feat.キャサリン', 5, '任せてJC陰陽師☆八雲ちゃん', 'v2 2.10.00', 'マカセテJCオンミヨウシヤクモチヤン');
INSERT INTO chusan_music (music_id, artist_name, genre, name, release_version, sort_name) VALUES (2311, '立秋 feat.ちょこ', 5, '†大闘士＝クライン・フォーゲル・シュピール＝えりか†', 'v2 2.10.00', 'タイトウシクラインフオウケルシユヒウルエリカ');
INSERT INTO chusan_music (music_id, artist_name, genre, name, release_version, sort_name) VALUES (2312, 'ave;new feat.佐倉紗織', 5, 'Fallin'' Darlin'' Rollin''', 'v2 2.10.00', 'FALLINDARLINROLLIN');
INSERT INTO chusan_music (music_id, artist_name, genre, name, release_version, sort_name) VALUES (2313, 'コバヤシユウヤ（IOSYS） feat.miko', 5, '恋するみたいに☆かませレッドヘルズ', 'v2 2.10.00', 'コイスルミタイニカマセレツトヘルス');
INSERT INTO chusan_music (music_id, artist_name, genre, name, release_version, sort_name) VALUES (2317, 'いよわ', 2, 'きゅうくらりん', 'v2 2.10.00', 'キユウクラリン');
INSERT INTO chusan_music (music_id, artist_name, genre, name, release_version, sort_name) VALUES (2318, '水野あつ', 2, '生きる', 'v2 2.10.00', 'イキル');
INSERT INTO chusan_music (music_id, artist_name, genre, name, release_version, sort_name) VALUES (2319, '箱部 なる(CV:M・A・O)＆小野 美苗(CV:伊藤 美来)', 7, 'MAIGAHARA パンチラインキッカーズ', 'v2 2.10.00', 'MAIGAHARAハンチラインキツカウス');
INSERT INTO chusan_music (music_id, artist_name, genre, name, release_version, sort_name) VALUES (2320, 'ルゼ', 9, 'エータ・ベータ・イータ', 'v2 2.10.00', 'エウタヘウタイウタ');
INSERT INTO chusan_music (music_id, artist_name, genre, name, release_version, sort_name) VALUES (2321, 'ClariS「俺の妹がこんなに可愛いわけがない。」', 0, 'irony', 'v2 2.10.00', 'IRONY');
INSERT INTO chusan_music (music_id, artist_name, genre, name, release_version, sort_name) VALUES (2322, 'ARM＋夕野ヨシミ (IOSYS) feat. 藤枝あかね', 3, 'お空のニュークリアフュージョン道場', 'v2 2.10.00', 'オクウノニユウクリアフユウシヨントウシヨウ');
INSERT INTO chusan_music (music_id, artist_name, genre, name, release_version, sort_name) VALUES (2323, 'SOUND HOLIC feat. 匠眞', 3, '全人類ノ非想天則', 'v2 2.10.00', 'センシンルイノヒソウテンソク');
INSERT INTO chusan_music (music_id, artist_name, genre, name, release_version, sort_name) VALUES (2324, '森羅万象', 3, '三妖精SAY YA!!!', 'v2 2.10.00', 'サンヨウセイSAYYA');
INSERT INTO chusan_music (music_id, artist_name, genre, name, release_version, sort_name) VALUES (2326, 'Kai VS 大国奏音 VS 水野健治', 9, 'U&iVERSE -銀河鸞翔-', 'v2 2.10.00', 'UNIVERSEキンカランシヨウ');
INSERT INTO chusan_music (music_id, artist_name, genre, name, release_version, sort_name) VALUES (2327, 'sky_delta', 9, 'RELOAD', 'v2 2.10.00', 'RELOAD');
INSERT INTO chusan_music (music_id, artist_name, genre, name, release_version, sort_name) VALUES (2328, 'かいりきベア「#コンパス」', 2, 'アイ情劣等生', 'v2 2.10.00', 'アイシヨウレツトウセイ');
INSERT INTO chusan_music (music_id, artist_name, genre, name, release_version, sort_name) VALUES (2329, 'Kanaria「#コンパス」', 2, 'アイロニック', 'v2 2.10.00', 'アイロニツク');
INSERT INTO chusan_music (music_id, artist_name, genre, name, release_version, sort_name) VALUES (2330, 'syudou「#コンパス」', 2, '孤独毒毒', 'v2 2.10.00', 'コトクトクトク');
INSERT INTO chusan_music (music_id, artist_name, genre, name, release_version, sort_name) VALUES (2331, 'Omoi「#コンパス」', 2, 'スティールユー', 'v2 2.10.00', 'ステイウルユウ');
INSERT INTO chusan_music (music_id, artist_name, genre, name, release_version, sort_name) VALUES (2332, 'まふまふ「#コンパス」', 2, 'マチガイサガシ', 'v2 2.10.00', 'マチカイサカシ');
INSERT INTO chusan_music (music_id, artist_name, genre, name, release_version, sort_name) VALUES (2333, 'Sampling masters なる＆せりな feat.なでしこ', 7, '痛快リズムアクション「B.B.K.K.B.K.K.」', 'v2 2.10.00', 'ツウカイリスムアクシヨンBBKKBKK');
INSERT INTO chusan_music (music_id, artist_name, genre, name, release_version, sort_name) VALUES (2336, '打打だいず', 5, '盟月', 'v2 2.10.00', 'メイケツ');
INSERT INTO chusan_music (music_id, artist_name, genre, name, release_version, sort_name) VALUES (2337, 'mommy', 5, 'Bitter Juicy', 'v2 2.10.00', 'BITTERJUICY');
INSERT INTO chusan_music (music_id, artist_name, genre, name, release_version, sort_name) VALUES (2338, 'Akira Complex vs kiraku', 5, 'Disruptor Array', 'v2 2.10.00', 'DISRUPTORARRAY');
INSERT INTO chusan_music (music_id, artist_name, genre, name, release_version, sort_name) VALUES (2339, 'Sobrem a.k.a. Widowmaker', 5, 'Daphnis', 'v2 2.10.00', 'DAPHNIS');
INSERT INTO chusan_music (music_id, artist_name, genre, name, release_version, sort_name) VALUES (2341, '名取さな', 0, 'アマカミサマ', 'v2 2.10.00', 'アマカミサマ');
INSERT INTO chusan_music (music_id, artist_name, genre, name, release_version, sort_name) VALUES (2342, '名取さな', 0, 'だじゃれくりえぃしょん', 'v2 2.10.00', 'タシヤレクリエイシヨン');
INSERT INTO chusan_music (music_id, artist_name, genre, name, release_version, sort_name) VALUES (2343, 'supercell feat. 初音ミク', 2, 'ワールドイズマイン', 'v2 2.10.00', 'ワウルトイスマイン');
INSERT INTO chusan_music (music_id, artist_name, genre, name, release_version, sort_name) VALUES (2344, 'sasakure.UK feat. 初音ミク', 2, 'フューチャー・イヴ', 'v2 2.10.00', 'フユウチヤウイウ');
INSERT INTO chusan_music (music_id, artist_name, genre, name, release_version, sort_name) VALUES (2345, '月鈴 白奈(CV:高野 麻里佳)＆葛城 華(CV:丸岡 和佳奈)', 7, 'Magic Rock''n Roll Maker', 'v2 2.10.00', 'MAGICROCKNROLLMAKER');
INSERT INTO chusan_music (music_id, artist_name, genre, name, release_version, sort_name) VALUES (2368, '曲：本多友紀（Arte Refact）／歌：R.B.P. [九條 楓(CV：佳村 はるか)、逢坂 茜(CV：大空 直美)、珠洲島 有栖(CV：長縄 まりあ)]', 9, 'Ruler Count, Zero', 'v2 2.10.00', 'RULERCOUNTZERO');
INSERT INTO chusan_music (music_id, artist_name, genre, name, release_version, sort_name) VALUES (2369, '曲：原田篤（Arte Refact）／歌：ASTERISM [星咲 あかり(CV：赤尾 ひかる)、藤沢 柚子(CV：久保田 梨沙)、三角 葵(CV：春野 杏)]', 9, '絆はずっとGrowing Up!!!', 'v2 2.10.00', 'キスナハスツトGROWINGUP');
INSERT INTO chusan_music (music_id, artist_name, genre, name, release_version, sort_name) VALUES (2370, 'a_hisa', 9, 'アマツカミ', 'v2 2.10.00', 'アマツカミ');
INSERT INTO chusan_music (music_id, artist_name, genre, name, release_version, sort_name) VALUES (2371, '曲：本多友紀（Arte Refact）／歌：オンゲキシューターズ', 9, 'No Limit RED Force', 'v2 2.10.00', 'NOLIMITREDFORCE');
INSERT INTO chusan_music (music_id, artist_name, genre, name, release_version, sort_name) VALUES (8253, '大嶋啓之', 5, '創世のコンツェルティーナ', 'v2 2.10.00', 'ソウセイノコンツエルテイウナ');
INSERT INTO chusan_music (music_id, artist_name, genre, name, release_version, sort_name) VALUES (8254, 'ARuFa', 0, 'さんさーら！', 'v2 2.10.00', 'サンサウラ');
INSERT INTO chusan_music (music_id, artist_name, genre, name, release_version, sort_name) VALUES (8255, 'fallen shepherd ft. RabbiTon Strings', 6, 'ENDYMION', 'v2 2.10.00', 'ENDYMION');
INSERT INTO chusan_music (music_id, artist_name, genre, name, release_version, sort_name) VALUES (8256, '光吉猛修 VS 目黒将司', 5, 'The Metaverse -First story of the SeelischTact-', 'v2 2.10.00', 'THEMETAVERSEFIRSTSTORYOFTHESEELISCHTACT');
INSERT INTO chusan_music (music_id, artist_name, genre, name, release_version, sort_name) VALUES (8257, 'GRATEC MOUR「CROSSxBEATS」', 6, 'Satellite System ft.Diana Chiaki', 'v2 2.10.00', 'SATELLITESYSTEMFTDIANACHIAKI');
INSERT INTO chusan_music (music_id, artist_name, genre, name, release_version, sort_name) VALUES (8258, 'SAMBA MASTER 佐藤', 6, 'ホーリーサンバランド', 'v2 2.10.00', 'ホウリウサンハラント');
INSERT INTO chusan_music_level (diff, enable, level, level_decimal, music_id) VALUES (0, 1, 3, 0, 2302);
INSERT INTO chusan_music_level (diff, enable, level, level_decimal, music_id) VALUES (1, 1, 6, 0, 2302);
INSERT INTO chusan_music_level (diff, enable, level, level_decimal, music_id) VALUES (2, 1, 9, 50, 2302);
INSERT INTO chusan_music_level (diff, enable, level, level_decimal, music_id) VALUES (3, 1, 13, 10, 2302);
INSERT INTO chusan_music_level (diff, enable, level, level_decimal, music_id) VALUES (4, 0, 0, 0, 2302);
INSERT INTO chusan_music_level (diff, enable, level, level_decimal, music_id) VALUES (5, 0, 0, 0, 2302);
INSERT INTO chusan_music_level (diff, enable, level, level_decimal, music_id) VALUES (0, 1, 2, 0, 2303);
INSERT INTO chusan_music_level (diff, enable, level, level_decimal, music_id) VALUES (1, 1, 5, 0, 2303);
INSERT INTO chusan_music_level (diff, enable, level, level_decimal, music_id) VALUES (2, 1, 8, 50, 2303);
INSERT INTO chusan_music_level (diff, enable, level, level_decimal, music_id) VALUES (3, 1, 13, 10, 2303);
INSERT INTO chusan_music_level (diff, enable, level, level_decimal, music_id) VALUES (4, 0, 0, 0, 2303);
INSERT INTO chusan_music_level (diff, enable, level, level_decimal, music_id) VALUES (5, 0, 0, 0, 2303);
INSERT INTO chusan_music_level (diff, enable, level, level_decimal, music_id) VALUES (0, 1, 2, 0, 2304);
INSERT INTO chusan_music_level (diff, enable, level, level_decimal, music_id) VALUES (1, 1, 6, 0, 2304);
INSERT INTO chusan_music_level (diff, enable, level, level_decimal, music_id) VALUES (2, 1, 9, 0, 2304);
INSERT INTO chusan_music_level (diff, enable, level, level_decimal, music_id) VALUES (3, 1, 12, 30, 2304);
INSERT INTO chusan_music_level (diff, enable, level, level_decimal, music_id) VALUES (4, 0, 0, 0, 2304);
INSERT INTO chusan_music_level (diff, enable, level, level_decimal, music_id) VALUES (5, 0, 0, 0, 2304);
INSERT INTO chusan_music_level (diff, enable, level, level_decimal, music_id) VALUES (0, 1, 3, 0, 2305);
INSERT INTO chusan_music_level (diff, enable, level, level_decimal, music_id) VALUES (1, 1, 6, 0, 2305);
INSERT INTO chusan_music_level (diff, enable, level, level_decimal, music_id) VALUES (2, 1, 9, 50, 2305);
INSERT INTO chusan_music_level (diff, enable, level, level_decimal, music_id) VALUES (3, 1, 12, 40, 2305);
INSERT INTO chusan_music_level (diff, enable, level, level_decimal, music_id) VALUES (4, 0, 0, 0, 2305);
INSERT INTO chusan_music_level (diff, enable, level, level_decimal, music_id) VALUES (5, 0, 0, 0, 2305);
INSERT INTO chusan_music_level (diff, enable, level, level_decimal, music_id) VALUES (0, 1, 3, 0, 2306);
INSERT INTO chusan_music_level (diff, enable, level, level_decimal, music_id) VALUES (1, 1, 7, 0, 2306);
INSERT INTO chusan_music_level (diff, enable, level, level_decimal, music_id) VALUES (2, 1, 9, 50, 2306);
INSERT INTO chusan_music_level (diff, enable, level, level_decimal, music_id) VALUES (3, 1, 13, 80, 2306);
INSERT INTO chusan_music_level (diff, enable, level, level_decimal, music_id) VALUES (4, 0, 0, 0, 2306);
INSERT INTO chusan_music_level (diff, enable, level, level_decimal, music_id) VALUES (5, 0, 0, 0, 2306);
INSERT INTO chusan_music_level (diff, enable, level, level_decimal, music_id) VALUES (0, 1, 3, 0, 2307);
INSERT INTO chusan_music_level (diff, enable, level, level_decimal, music_id) VALUES (1, 1, 6, 0, 2307);
INSERT INTO chusan_music_level (diff, enable, level, level_decimal, music_id) VALUES (2, 1, 10, 50, 2307);
INSERT INTO chusan_music_level (diff, enable, level, level_decimal, music_id) VALUES (3, 1, 13, 80, 2307);
INSERT INTO chusan_music_level (diff, enable, level, level_decimal, music_id) VALUES (4, 0, 0, 0, 2307);
INSERT INTO chusan_music_level (diff, enable, level, level_decimal, music_id) VALUES (5, 0, 0, 0, 2307);
INSERT INTO chusan_music_level (diff, enable, level, level_decimal, music_id) VALUES (0, 1, 2, 0, 2308);
INSERT INTO chusan_music_level (diff, enable, level, level_decimal, music_id) VALUES (1, 1, 6, 0, 2308);
INSERT INTO chusan_music_level (diff, enable, level, level_decimal, music_id) VALUES (2, 1, 10, 0, 2308);
INSERT INTO chusan_music_level (diff, enable, level, level_decimal, music_id) VALUES (3, 1, 13, 80, 2308);
INSERT INTO chusan_music_level (diff, enable, level, level_decimal, music_id) VALUES (4, 0, 0, 0, 2308);
INSERT INTO chusan_music_level (diff, enable, level, level_decimal, music_id) VALUES (5, 0, 0, 0, 2308);
INSERT INTO chusan_music_level (diff, enable, level, level_decimal, music_id) VALUES (0, 1, 3, 0, 2310);
INSERT INTO chusan_music_level (diff, enable, level, level_decimal, music_id) VALUES (1, 1, 7, 0, 2310);
INSERT INTO chusan_music_level (diff, enable, level, level_decimal, music_id) VALUES (2, 1, 10, 40, 2310);
INSERT INTO chusan_music_level (diff, enable, level, level_decimal, music_id) VALUES (3, 1, 13, 30, 2310);
INSERT INTO chusan_music_level (diff, enable, level, level_decimal, music_id) VALUES (4, 0, 0, 0, 2310);
INSERT INTO chusan_music_level (diff, enable, level, level_decimal, music_id) VALUES (5, 0, 0, 0, 2310);
INSERT INTO chusan_music_level (diff, enable, level, level_decimal, music_id) VALUES (0, 1, 3, 0, 2311);
INSERT INTO chusan_music_level (diff, enable, level, level_decimal, music_id) VALUES (1, 1, 8, 50, 2311);
INSERT INTO chusan_music_level (diff, enable, level, level_decimal, music_id) VALUES (2, 1, 12, 60, 2311);
INSERT INTO chusan_music_level (diff, enable, level, level_decimal, music_id) VALUES (3, 1, 14, 60, 2311);
INSERT INTO chusan_music_level (diff, enable, level, level_decimal, music_id) VALUES (4, 0, 0, 0, 2311);
INSERT INTO chusan_music_level (diff, enable, level, level_decimal, music_id) VALUES (5, 0, 0, 0, 2311);
INSERT INTO chusan_music_level (diff, enable, level, level_decimal, music_id) VALUES (0, 1, 3, 0, 2312);
INSERT INTO chusan_music_level (diff, enable, level, level_decimal, music_id) VALUES (1, 1, 6, 0, 2312);
INSERT INTO chusan_music_level (diff, enable, level, level_decimal, music_id) VALUES (2, 1, 9, 0, 2312);
INSERT INTO chusan_music_level (diff, enable, level, level_decimal, music_id) VALUES (3, 1, 13, 0, 2312);
INSERT INTO chusan_music_level (diff, enable, level, level_decimal, music_id) VALUES (4, 0, 0, 0, 2312);
INSERT INTO chusan_music_level (diff, enable, level, level_decimal, music_id) VALUES (5, 0, 0, 0, 2312);
INSERT INTO chusan_music_level (diff, enable, level, level_decimal, music_id) VALUES (0, 1, 3, 0, 2313);
INSERT INTO chusan_music_level (diff, enable, level, level_decimal, music_id) VALUES (1, 1, 6, 0, 2313);
INSERT INTO chusan_music_level (diff, enable, level, level_decimal, music_id) VALUES (2, 1, 10, 0, 2313);
INSERT INTO chusan_music_level (diff, enable, level, level_decimal, music_id) VALUES (3, 1, 12, 90, 2313);
INSERT INTO chusan_music_level (diff, enable, level, level_decimal, music_id) VALUES (4, 0, 0, 0, 2313);
INSERT INTO chusan_music_level (diff, enable, level, level_decimal, music_id) VALUES (5, 0, 0, 0, 2313);
INSERT INTO chusan_music_level (diff, enable, level, level_decimal, music_id) VALUES (0, 1, 3, 0, 2317);
INSERT INTO chusan_music_level (diff, enable, level, level_decimal, music_id) VALUES (1, 1, 7, 0, 2317);
INSERT INTO chusan_music_level (diff, enable, level, level_decimal, music_id) VALUES (2, 1, 10, 0, 2317);
INSERT INTO chusan_music_level (diff, enable, level, level_decimal, music_id) VALUES (3, 1, 13, 60, 2317);
INSERT INTO chusan_music_level (diff, enable, level, level_decimal, music_id) VALUES (4, 0, 0, 0, 2317);
INSERT INTO chusan_music_level (diff, enable, level, level_decimal, music_id) VALUES (5, 0, 0, 0, 2317);
INSERT INTO chusan_music_level (diff, enable, level, level_decimal, music_id) VALUES (0, 1, 1, 0, 2318);
INSERT INTO chusan_music_level (diff, enable, level, level_decimal, music_id) VALUES (1, 1, 5, 0, 2318);
INSERT INTO chusan_music_level (diff, enable, level, level_decimal, music_id) VALUES (2, 1, 8, 0, 2318);
INSERT INTO chusan_music_level (diff, enable, level, level_decimal, music_id) VALUES (3, 1, 13, 10, 2318);
INSERT INTO chusan_music_level (diff, enable, level, level_decimal, music_id) VALUES (4, 0, 0, 0, 2318);
INSERT INTO chusan_music_level (diff, enable, level, level_decimal, music_id) VALUES (5, 0, 0, 0, 2318);
INSERT INTO chusan_music_level (diff, enable, level, level_decimal, music_id) VALUES (0, 1, 3, 0, 2319);
INSERT INTO chusan_music_level (diff, enable, level, level_decimal, music_id) VALUES (1, 1, 5, 0, 2319);
INSERT INTO chusan_music_level (diff, enable, level, level_decimal, music_id) VALUES (2, 1, 9, 50, 2319);
INSERT INTO chusan_music_level (diff, enable, level, level_decimal, music_id) VALUES (3, 1, 13, 0, 2319);
INSERT INTO chusan_music_level (diff, enable, level, level_decimal, music_id) VALUES (4, 0, 0, 0, 2319);
INSERT INTO chusan_music_level (diff, enable, level, level_decimal, music_id) VALUES (5, 0, 0, 0, 2319);
INSERT INTO chusan_music_level (diff, enable, level, level_decimal, music_id) VALUES (0, 1, 4, 0, 2320);
INSERT INTO chusan_music_level (diff, enable, level, level_decimal, music_id) VALUES (1, 1, 8, 50, 2320);
INSERT INTO chusan_music_level (diff, enable, level, level_decimal, music_id) VALUES (2, 1, 12, 80, 2320);
INSERT INTO chusan_music_level (diff, enable, level, level_decimal, music_id) VALUES (3, 1, 14, 70, 2320);
INSERT INTO chusan_music_level (diff, enable, level, level_decimal, music_id) VALUES (4, 0, 0, 0, 2320);
INSERT INTO chusan_music_level (diff, enable, level, level_decimal, music_id) VALUES (5, 0, 0, 0, 2320);
INSERT INTO chusan_music_level (diff, enable, level, level_decimal, music_id) VALUES (0, 1, 2, 0, 2321);
INSERT INTO chusan_music_level (diff, enable, level, level_decimal, music_id) VALUES (1, 1, 5, 0, 2321);
INSERT INTO chusan_music_level (diff, enable, level, level_decimal, music_id) VALUES (2, 1, 8, 0, 2321);
INSERT INTO chusan_music_level (diff, enable, level, level_decimal, music_id) VALUES (3, 1, 11, 70, 2321);
INSERT INTO chusan_music_level (diff, enable, level, level_decimal, music_id) VALUES (4, 0, 0, 0, 2321);
INSERT INTO chusan_music_level (diff, enable, level, level_decimal, music_id) VALUES (5, 0, 0, 0, 2321);
INSERT INTO chusan_music_level (diff, enable, level, level_decimal, music_id) VALUES (0, 1, 3, 0, 2322);
INSERT INTO chusan_music_level (diff, enable, level, level_decimal, music_id) VALUES (1, 1, 5, 0, 2322);
INSERT INTO chusan_music_level (diff, enable, level, level_decimal, music_id) VALUES (2, 1, 8, 50, 2322);
INSERT INTO chusan_music_level (diff, enable, level, level_decimal, music_id) VALUES (3, 1, 13, 50, 2322);
INSERT INTO chusan_music_level (diff, enable, level, level_decimal, music_id) VALUES (4, 0, 0, 0, 2322);
INSERT INTO chusan_music_level (diff, enable, level, level_decimal, music_id) VALUES (5, 0, 0, 0, 2322);
INSERT INTO chusan_music_level (diff, enable, level, level_decimal, music_id) VALUES (0, 1, 3, 0, 2323);
INSERT INTO chusan_music_level (diff, enable, level, level_decimal, music_id) VALUES (1, 1, 6, 0, 2323);
INSERT INTO chusan_music_level (diff, enable, level, level_decimal, music_id) VALUES (2, 1, 9, 50, 2323);
INSERT INTO chusan_music_level (diff, enable, level, level_decimal, music_id) VALUES (3, 1, 13, 40, 2323);
INSERT INTO chusan_music_level (diff, enable, level, level_decimal, music_id) VALUES (4, 0, 0, 0, 2323);
INSERT INTO chusan_music_level (diff, enable, level, level_decimal, music_id) VALUES (5, 0, 0, 0, 2323);
INSERT INTO chusan_music_level (diff, enable, level, level_decimal, music_id) VALUES (0, 1, 3, 0, 2324);
INSERT INTO chusan_music_level (diff, enable, level, level_decimal, music_id) VALUES (1, 1, 6, 0, 2324);
INSERT INTO chusan_music_level (diff, enable, level, level_decimal, music_id) VALUES (2, 1, 9, 50, 2324);
INSERT INTO chusan_music_level (diff, enable, level, level_decimal, music_id) VALUES (3, 1, 12, 20, 2324);
INSERT INTO chusan_music_level (diff, enable, level, level_decimal, music_id) VALUES (4, 0, 0, 0, 2324);
INSERT INTO chusan_music_level (diff, enable, level, level_decimal, music_id) VALUES (5, 0, 0, 0, 2324);
INSERT INTO chusan_music_level (diff, enable, level, level_decimal, music_id) VALUES (0, 1, 4, 0, 2326);
INSERT INTO chusan_music_level (diff, enable, level, level_decimal, music_id) VALUES (1, 1, 7, 0, 2326);
INSERT INTO chusan_music_level (diff, enable, level, level_decimal, music_id) VALUES (2, 1, 10, 90, 2326);
INSERT INTO chusan_music_level (diff, enable, level, level_decimal, music_id) VALUES (3, 1, 14, 40, 2326);
INSERT INTO chusan_music_level (diff, enable, level, level_decimal, music_id) VALUES (4, 0, 0, 0, 2326);
INSERT INTO chusan_music_level (diff, enable, level, level_decimal, music_id) VALUES (5, 0, 0, 0, 2326);
INSERT INTO chusan_music_level (diff, enable, level, level_decimal, music_id) VALUES (0, 1, 3, 0, 2327);
INSERT INTO chusan_music_level (diff, enable, level, level_decimal, music_id) VALUES (1, 1, 6, 0, 2327);
INSERT INTO chusan_music_level (diff, enable, level, level_decimal, music_id) VALUES (2, 1, 11, 0, 2327);
INSERT INTO chusan_music_level (diff, enable, level, level_decimal, music_id) VALUES (3, 1, 14, 40, 2327);
INSERT INTO chusan_music_level (diff, enable, level, level_decimal, music_id) VALUES (4, 0, 0, 0, 2327);
INSERT INTO chusan_music_level (diff, enable, level, level_decimal, music_id) VALUES (5, 0, 0, 0, 2327);
INSERT INTO chusan_music_level (diff, enable, level, level_decimal, music_id) VALUES (0, 1, 3, 0, 2328);
INSERT INTO chusan_music_level (diff, enable, level, level_decimal, music_id) VALUES (1, 1, 5, 0, 2328);
INSERT INTO chusan_music_level (diff, enable, level, level_decimal, music_id) VALUES (2, 1, 10, 0, 2328);
INSERT INTO chusan_music_level (diff, enable, level, level_decimal, music_id) VALUES (3, 1, 13, 0, 2328);
INSERT INTO chusan_music_level (diff, enable, level, level_decimal, music_id) VALUES (4, 0, 0, 0, 2328);
INSERT INTO chusan_music_level (diff, enable, level, level_decimal, music_id) VALUES (5, 0, 0, 0, 2328);
INSERT INTO chusan_music_level (diff, enable, level, level_decimal, music_id) VALUES (0, 1, 3, 0, 2329);
INSERT INTO chusan_music_level (diff, enable, level, level_decimal, music_id) VALUES (1, 1, 6, 0, 2329);
INSERT INTO chusan_music_level (diff, enable, level, level_decimal, music_id) VALUES (2, 1, 9, 50, 2329);
INSERT INTO chusan_music_level (diff, enable, level, level_decimal, music_id) VALUES (3, 1, 13, 10, 2329);
INSERT INTO chusan_music_level (diff, enable, level, level_decimal, music_id) VALUES (4, 0, 0, 0, 2329);
INSERT INTO chusan_music_level (diff, enable, level, level_decimal, music_id) VALUES (5, 0, 0, 0, 2329);
INSERT INTO chusan_music_level (diff, enable, level, level_decimal, music_id) VALUES (0, 1, 3, 0, 2330);
INSERT INTO chusan_music_level (diff, enable, level, level_decimal, music_id) VALUES (1, 1, 5, 0, 2330);
INSERT INTO chusan_music_level (diff, enable, level, level_decimal, music_id) VALUES (2, 1, 9, 0, 2330);
INSERT INTO chusan_music_level (diff, enable, level, level_decimal, music_id) VALUES (3, 1, 12, 80, 2330);
INSERT INTO chusan_music_level (diff, enable, level, level_decimal, music_id) VALUES (4, 0, 0, 0, 2330);
INSERT INTO chusan_music_level (diff, enable, level, level_decimal, music_id) VALUES (5, 0, 0, 0, 2330);
INSERT INTO chusan_music_level (diff, enable, level, level_decimal, music_id) VALUES (0, 1, 3, 0, 2331);
INSERT INTO chusan_music_level (diff, enable, level, level_decimal, music_id) VALUES (1, 1, 6, 0, 2331);
INSERT INTO chusan_music_level (diff, enable, level, level_decimal, music_id) VALUES (2, 1, 9, 50, 2331);
INSERT INTO chusan_music_level (diff, enable, level, level_decimal, music_id) VALUES (3, 1, 12, 80, 2331);
INSERT INTO chusan_music_level (diff, enable, level, level_decimal, music_id) VALUES (4, 0, 0, 0, 2331);
INSERT INTO chusan_music_level (diff, enable, level, level_decimal, music_id) VALUES (5, 0, 0, 0, 2331);
INSERT INTO chusan_music_level (diff, enable, level, level_decimal, music_id) VALUES (0, 1, 3, 0, 2332);
INSERT INTO chusan_music_level (diff, enable, level, level_decimal, music_id) VALUES (1, 1, 7, 50, 2332);
INSERT INTO chusan_music_level (diff, enable, level, level_decimal, music_id) VALUES (2, 1, 9, 0, 2332);
INSERT INTO chusan_music_level (diff, enable, level, level_decimal, music_id) VALUES (3, 1, 12, 70, 2332);
INSERT INTO chusan_music_level (diff, enable, level, level_decimal, music_id) VALUES (4, 0, 0, 0, 2332);
INSERT INTO chusan_music_level (diff, enable, level, level_decimal, music_id) VALUES (5, 0, 0, 0, 2332);
INSERT INTO chusan_music_level (diff, enable, level, level_decimal, music_id) VALUES (0, 1, 4, 0, 2333);
INSERT INTO chusan_music_level (diff, enable, level, level_decimal, music_id) VALUES (1, 1, 6, 0, 2333);
INSERT INTO chusan_music_level (diff, enable, level, level_decimal, music_id) VALUES (2, 1, 10, 0, 2333);
INSERT INTO chusan_music_level (diff, enable, level, level_decimal, music_id) VALUES (3, 1, 14, 20, 2333);
INSERT INTO chusan_music_level (diff, enable, level, level_decimal, music_id) VALUES (4, 0, 0, 0, 2333);
INSERT INTO chusan_music_level (diff, enable, level, level_decimal, music_id) VALUES (5, 0, 0, 0, 2333);
INSERT INTO chusan_music_level (diff, enable, level, level_decimal, music_id) VALUES (0, 1, 4, 0, 2336);
INSERT INTO chusan_music_level (diff, enable, level, level_decimal, music_id) VALUES (1, 1, 9, 50, 2336);
INSERT INTO chusan_music_level (diff, enable, level, level_decimal, music_id) VALUES (2, 1, 12, 0, 2336);
INSERT INTO chusan_music_level (diff, enable, level, level_decimal, music_id) VALUES (3, 1, 14, 90, 2336);
INSERT INTO chusan_music_level (diff, enable, level, level_decimal, music_id) VALUES (4, 0, 0, 0, 2336);
INSERT INTO chusan_music_level (diff, enable, level, level_decimal, music_id) VALUES (5, 0, 0, 0, 2336);
INSERT INTO chusan_music_level (diff, enable, level, level_decimal, music_id) VALUES (0, 1, 2, 0, 2337);
INSERT INTO chusan_music_level (diff, enable, level, level_decimal, music_id) VALUES (1, 1, 7, 50, 2337);
INSERT INTO chusan_music_level (diff, enable, level, level_decimal, music_id) VALUES (2, 1, 11, 50, 2337);
INSERT INTO chusan_music_level (diff, enable, level, level_decimal, music_id) VALUES (3, 1, 13, 90, 2337);
INSERT INTO chusan_music_level (diff, enable, level, level_decimal, music_id) VALUES (4, 0, 0, 0, 2337);
INSERT INTO chusan_music_level (diff, enable, level, level_decimal, music_id) VALUES (5, 0, 0, 0, 2337);
INSERT INTO chusan_music_level (diff, enable, level, level_decimal, music_id) VALUES (0, 1, 5, 0, 2338);
INSERT INTO chusan_music_level (diff, enable, level, level_decimal, music_id) VALUES (1, 1, 10, 0, 2338);
INSERT INTO chusan_music_level (diff, enable, level, level_decimal, music_id) VALUES (2, 1, 14, 50, 2338);
INSERT INTO chusan_music_level (diff, enable, level, level_decimal, music_id) VALUES (3, 1, 15, 20, 2338);
INSERT INTO chusan_music_level (diff, enable, level, level_decimal, music_id) VALUES (4, 0, 0, 0, 2338);
INSERT INTO chusan_music_level (diff, enable, level, level_decimal, music_id) VALUES (5, 0, 0, 0, 2338);
INSERT INTO chusan_music_level (diff, enable, level, level_decimal, music_id) VALUES (0, 1, 5, 0, 2339);
INSERT INTO chusan_music_level (diff, enable, level, level_decimal, music_id) VALUES (1, 1, 9, 50, 2339);
INSERT INTO chusan_music_level (diff, enable, level, level_decimal, music_id) VALUES (2, 1, 14, 40, 2339);
INSERT INTO chusan_music_level (diff, enable, level, level_decimal, music_id) VALUES (3, 1, 15, 40, 2339);
INSERT INTO chusan_music_level (diff, enable, level, level_decimal, music_id) VALUES (4, 0, 0, 0, 2339);
INSERT INTO chusan_music_level (diff, enable, level, level_decimal, music_id) VALUES (5, 0, 0, 0, 2339);
INSERT INTO chusan_music_level (diff, enable, level, level_decimal, music_id) VALUES (0, 1, 3, 0, 2341);
INSERT INTO chusan_music_level (diff, enable, level, level_decimal, music_id) VALUES (1, 1, 6, 0, 2341);
INSERT INTO chusan_music_level (diff, enable, level, level_decimal, music_id) VALUES (2, 1, 9, 0, 2341);
INSERT INTO chusan_music_level (diff, enable, level, level_decimal, music_id) VALUES (3, 1, 11, 90, 2341);
INSERT INTO chusan_music_level (diff, enable, level, level_decimal, music_id) VALUES (4, 0, 0, 0, 2341);
INSERT INTO chusan_music_level (diff, enable, level, level_decimal, music_id) VALUES (5, 0, 0, 0, 2341);
INSERT INTO chusan_music_level (diff, enable, level, level_decimal, music_id) VALUES (0, 1, 3, 0, 2342);
INSERT INTO chusan_music_level (diff, enable, level, level_decimal, music_id) VALUES (1, 1, 7, 0, 2342);
INSERT INTO chusan_music_level (diff, enable, level, level_decimal, music_id) VALUES (2, 1, 9, 50, 2342);
INSERT INTO chusan_music_level (diff, enable, level, level_decimal, music_id) VALUES (3, 1, 12, 30, 2342);
INSERT INTO chusan_music_level (diff, enable, level, level_decimal, music_id) VALUES (4, 0, 0, 0, 2342);
INSERT INTO chusan_music_level (diff, enable, level, level_decimal, music_id) VALUES (5, 0, 0, 0, 2342);
INSERT INTO chusan_music_level (diff, enable, level, level_decimal, music_id) VALUES (0, 1, 3, 0, 2343);
INSERT INTO chusan_music_level (diff, enable, level, level_decimal, music_id) VALUES (1, 1, 5, 0, 2343);
INSERT INTO chusan_music_level (diff, enable, level, level_decimal, music_id) VALUES (2, 1, 8, 50, 2343);
INSERT INTO chusan_music_level (diff, enable, level, level_decimal, music_id) VALUES (3, 1, 11, 60, 2343);
INSERT INTO chusan_music_level (diff, enable, level, level_decimal, music_id) VALUES (4, 0, 0, 0, 2343);
INSERT INTO chusan_music_level (diff, enable, level, level_decimal, music_id) VALUES (5, 0, 0, 0, 2343);
INSERT INTO chusan_music_level (diff, enable, level, level_decimal, music_id) VALUES (0, 1, 5, 0, 2344);
INSERT INTO chusan_music_level (diff, enable, level, level_decimal, music_id) VALUES (1, 1, 7, 0, 2344);
INSERT INTO chusan_music_level (diff, enable, level, level_decimal, music_id) VALUES (2, 1, 10, 80, 2344);
INSERT INTO chusan_music_level (diff, enable, level, level_decimal, music_id) VALUES (3, 1, 13, 90, 2344);
INSERT INTO chusan_music_level (diff, enable, level, level_decimal, music_id) VALUES (4, 0, 0, 0, 2344);
INSERT INTO chusan_music_level (diff, enable, level, level_decimal, music_id) VALUES (5, 0, 0, 0, 2344);
INSERT INTO chusan_music_level (diff, enable, level, level_decimal, music_id) VALUES (0, 1, 3, 0, 2345);
INSERT INTO chusan_music_level (diff, enable, level, level_decimal, music_id) VALUES (1, 1, 7, 50, 2345);
INSERT INTO chusan_music_level (diff, enable, level, level_decimal, music_id) VALUES (2, 1, 9, 0, 2345);
INSERT INTO chusan_music_level (diff, enable, level, level_decimal, music_id) VALUES (3, 1, 12, 60, 2345);
INSERT INTO chusan_music_level (diff, enable, level, level_decimal, music_id) VALUES (4, 0, 0, 0, 2345);
INSERT INTO chusan_music_level (diff, enable, level, level_decimal, music_id) VALUES (5, 0, 0, 0, 2345);
INSERT INTO chusan_music_level (diff, enable, level, level_decimal, music_id) VALUES (0, 1, 2, 0, 2368);
INSERT INTO chusan_music_level (diff, enable, level, level_decimal, music_id) VALUES (1, 1, 6, 0, 2368);
INSERT INTO chusan_music_level (diff, enable, level, level_decimal, music_id) VALUES (2, 1, 10, 50, 2368);
INSERT INTO chusan_music_level (diff, enable, level, level_decimal, music_id) VALUES (3, 1, 13, 40, 2368);
INSERT INTO chusan_music_level (diff, enable, level, level_decimal, music_id) VALUES (4, 0, 0, 0, 2368);
INSERT INTO chusan_music_level (diff, enable, level, level_decimal, music_id) VALUES (5, 0, 0, 0, 2368);
INSERT INTO chusan_music_level (diff, enable, level, level_decimal, music_id) VALUES (0, 1, 3, 0, 2369);
INSERT INTO chusan_music_level (diff, enable, level, level_decimal, music_id) VALUES (1, 1, 6, 0, 2369);
INSERT INTO chusan_music_level (diff, enable, level, level_decimal, music_id) VALUES (2, 1, 9, 0, 2369);
INSERT INTO chusan_music_level (diff, enable, level, level_decimal, music_id) VALUES (3, 1, 12, 40, 2369);
INSERT INTO chusan_music_level (diff, enable, level, level_decimal, music_id) VALUES (4, 0, 0, 0, 2369);
INSERT INTO chusan_music_level (diff, enable, level, level_decimal, music_id) VALUES (5, 0, 0, 0, 2369);
INSERT INTO chusan_music_level (diff, enable, level, level_decimal, music_id) VALUES (0, 1, 3, 0, 2370);
INSERT INTO chusan_music_level (diff, enable, level, level_decimal, music_id) VALUES (1, 1, 6, 0, 2370);
INSERT INTO chusan_music_level (diff, enable, level, level_decimal, music_id) VALUES (2, 1, 11, 0, 2370);
INSERT INTO chusan_music_level (diff, enable, level, level_decimal, music_id) VALUES (3, 1, 14, 20, 2370);
INSERT INTO chusan_music_level (diff, enable, level, level_decimal, music_id) VALUES (4, 0, 0, 0, 2370);
INSERT INTO chusan_music_level (diff, enable, level, level_decimal, music_id) VALUES (5, 0, 0, 0, 2370);
INSERT INTO chusan_music_level (diff, enable, level, level_decimal, music_id) VALUES (0, 1, 2, 0, 2371);
INSERT INTO chusan_music_level (diff, enable, level, level_decimal, music_id) VALUES (1, 1, 6, 0, 2371);
INSERT INTO chusan_music_level (diff, enable, level, level_decimal, music_id) VALUES (2, 1, 8, 50, 2371);
INSERT INTO chusan_music_level (diff, enable, level, level_decimal, music_id) VALUES (3, 1, 13, 0, 2371);
INSERT INTO chusan_music_level (diff, enable, level, level_decimal, music_id) VALUES (4, 0, 0, 0, 2371);
INSERT INTO chusan_music_level (diff, enable, level, level_decimal, music_id) VALUES (5, 0, 0, 0, 2371);
INSERT INTO chusan_music_level (diff, enable, level, level_decimal, music_id) VALUES (0, 0, 0, 0, 8253);
INSERT INTO chusan_music_level (diff, enable, level, level_decimal, music_id) VALUES (1, 0, 0, 0, 8253);
INSERT INTO chusan_music_level (diff, enable, level, level_decimal, music_id) VALUES (2, 0, 0, 0, 8253);
INSERT INTO chusan_music_level (diff, enable, level, level_decimal, music_id) VALUES (3, 0, 0, 0, 8253);
INSERT INTO chusan_music_level (diff, enable, level, level_decimal, music_id) VALUES (4, 0, 0, 0, 8253);
INSERT INTO chusan_music_level (diff, enable, level, level_decimal, music_id) VALUES (5, 1, 0, 0, 8253);
INSERT INTO chusan_music_level (diff, enable, level, level_decimal, music_id) VALUES (0, 0, 0, 0, 8254);
INSERT INTO chusan_music_level (diff, enable, level, level_decimal, music_id) VALUES (1, 0, 0, 0, 8254);
INSERT INTO chusan_music_level (diff, enable, level, level_decimal, music_id) VALUES (2, 0, 0, 0, 8254);
INSERT INTO chusan_music_level (diff, enable, level, level_decimal, music_id) VALUES (3, 0, 0, 0, 8254);
INSERT INTO chusan_music_level (diff, enable, level, level_decimal, music_id) VALUES (4, 0, 0, 0, 8254);
INSERT INTO chusan_music_level (diff, enable, level, level_decimal, music_id) VALUES (5, 1, 0, 0, 8254);
INSERT INTO chusan_music_level (diff, enable, level, level_decimal, music_id) VALUES (0, 0, 0, 0, 8255);
INSERT INTO chusan_music_level (diff, enable, level, level_decimal, music_id) VALUES (1, 0, 0, 0, 8255);
INSERT INTO chusan_music_level (diff, enable, level, level_decimal, music_id) VALUES (2, 0, 0, 0, 8255);
INSERT INTO chusan_music_level (diff, enable, level, level_decimal, music_id) VALUES (3, 0, 0, 0, 8255);
INSERT INTO chusan_music_level (diff, enable, level, level_decimal, music_id) VALUES (4, 0, 0, 0, 8255);
INSERT INTO chusan_music_level (diff, enable, level, level_decimal, music_id) VALUES (5, 1, 0, 0, 8255);
INSERT INTO chusan_music_level (diff, enable, level, level_decimal, music_id) VALUES (0, 0, 0, 0, 8256);
INSERT INTO chusan_music_level (diff, enable, level, level_decimal, music_id) VALUES (1, 0, 0, 0, 8256);
INSERT INTO chusan_music_level (diff, enable, level, level_decimal, music_id) VALUES (2, 0, 0, 0, 8256);
INSERT INTO chusan_music_level (diff, enable, level, level_decimal, music_id) VALUES (3, 0, 0, 0, 8256);
INSERT INTO chusan_music_level (diff, enable, level, level_decimal, music_id) VALUES (4, 0, 0, 0, 8256);
INSERT INTO chusan_music_level (diff, enable, level, level_decimal, music_id) VALUES (5, 1, 0, 0, 8256);
INSERT INTO chusan_music_level (diff, enable, level, level_decimal, music_id) VALUES (0, 0, 0, 0, 8257);
INSERT INTO chusan_music_level (diff, enable, level, level_decimal, music_id) VALUES (1, 0, 0, 0, 8257);
INSERT INTO chusan_music_level (diff, enable, level, level_decimal, music_id) VALUES (2, 0, 0, 0, 8257);
INSERT INTO chusan_music_level (diff, enable, level, level_decimal, music_id) VALUES (3, 0, 0, 0, 8257);
INSERT INTO chusan_music_level (diff, enable, level, level_decimal, music_id) VALUES (4, 0, 0, 0, 8257);
INSERT INTO chusan_music_level (diff, enable, level, level_decimal, music_id) VALUES (5, 1, 0, 0, 8257);
INSERT INTO chusan_music_level (diff, enable, level, level_decimal, music_id) VALUES (0, 0, 0, 0, 8258);
INSERT INTO chusan_music_level (diff, enable, level, level_decimal, music_id) VALUES (1, 0, 0, 0, 8258);
INSERT INTO chusan_music_level (diff, enable, level, level_decimal, music_id) VALUES (2, 0, 0, 0, 8258);
INSERT INTO chusan_music_level (diff, enable, level, level_decimal, music_id) VALUES (3, 0, 0, 0, 8258);
INSERT INTO chusan_music_level (diff, enable, level, level_decimal, music_id) VALUES (4, 0, 0, 0, 8258);
INSERT INTO chusan_music_level (diff, enable, level, level_decimal, music_id) VALUES (5, 1, 0, 0, 8258);
INSERT INTO chusan_trophy (id, name) VALUES (5980, '雨上がりの一番星');
INSERT INTO chusan_trophy (id, name) VALUES (5981, 'RAD WEEKEND');
INSERT INTO chusan_trophy (id, name) VALUES (5982, '君と今を紡ぐ未来照らして');
INSERT INTO chusan_trophy (id, name) VALUES (5983, '失敗！（Fail）');
INSERT INTO chusan_trophy (id, name) VALUES (5984, '桜な曲');
INSERT INTO chusan_trophy (id, name) VALUES (5985, 'ステラ');
INSERT INTO chusan_trophy (id, name) VALUES (5986, 'ステラ');
INSERT INTO chusan_trophy (id, name) VALUES (5987, 'Ready Steady');
INSERT INTO chusan_trophy (id, name) VALUES (5988, 'Ready Steady');
INSERT INTO chusan_trophy (id, name) VALUES (5989, '群青讃歌');
INSERT INTO chusan_trophy (id, name) VALUES (5990, '群青讃歌');
INSERT INTO chusan_trophy (id, name) VALUES (5991, 'キャットラビング');
INSERT INTO chusan_trophy (id, name) VALUES (5992, 'キャットラビング');
INSERT INTO chusan_trophy (id, name) VALUES (5993, 'マーシャル・マキシマイザー');
INSERT INTO chusan_trophy (id, name) VALUES (5994, 'マーシャル・マキシマイザー');
INSERT INTO chusan_trophy (id, name) VALUES (5995, 'GRÄNDIR');
INSERT INTO chusan_trophy (id, name) VALUES (5996, 'GRÄNDIR');
INSERT INTO chusan_trophy (id, name) VALUES (5997, 'クラッシュフィーバー');
INSERT INTO chusan_trophy (id, name) VALUES (5998, 'Jingle all the way!');
INSERT INTO chusan_trophy (id, name) VALUES (5999, '仮想世界ALICEの住人');
INSERT INTO chusan_trophy (id, name) VALUES (6000, 'システム適合者');
INSERT INTO chusan_trophy (id, name) VALUES (6001, 'Advance（CHUNITHM edit）');
INSERT INTO chusan_trophy (id, name) VALUES (6002, 'Advance（CHUNITHM edit）');
INSERT INTO chusan_trophy (id, name) VALUES (6005, '任せてJC陰陽師☆八雲ちゃん');
INSERT INTO chusan_trophy (id, name) VALUES (6006, '任せてJC陰陽師☆八雲ちゃん');
INSERT INTO chusan_trophy (id, name) VALUES (6007, '†大闘士＝クライン・フォーゲル・シュピール＝えりか†');
INSERT INTO chusan_trophy (id, name) VALUES (6008, '†大闘士＝クライン・フォーゲル・シュピール＝えりか†');
INSERT INTO chusan_trophy (id, name) VALUES (6009, 'Fallin'' Darlin'' Rollin''');
INSERT INTO chusan_trophy (id, name) VALUES (6010, 'Fallin'' Darlin'' Rollin''');
INSERT INTO chusan_trophy (id, name) VALUES (6011, '恋するみたいに☆かませレッドヘルズ');
INSERT INTO chusan_trophy (id, name) VALUES (6012, '恋するみたいに☆かませレッドヘルズ');
INSERT INTO chusan_trophy (id, name) VALUES (6013, 'DECO*27');
INSERT INTO chusan_trophy (id, name) VALUES (6017, 'ばーか');
INSERT INTO chusan_trophy (id, name) VALUES (6024, 'きゅうくらりん');
INSERT INTO chusan_trophy (id, name) VALUES (6025, 'きゅうくらりん');
INSERT INTO chusan_trophy (id, name) VALUES (6026, '生きる');
INSERT INTO chusan_trophy (id, name) VALUES (6027, '生きる');
INSERT INTO chusan_trophy (id, name) VALUES (6028, 'MAIGAHARA パンチラインキッカーズ');
INSERT INTO chusan_trophy (id, name) VALUES (6029, 'MAIGAHARA パンチラインキッカーズ');
INSERT INTO chusan_trophy (id, name) VALUES (6030, 'エータ・ベータ・イータ');
INSERT INTO chusan_trophy (id, name) VALUES (6031, 'エータ・ベータ・イータ');
INSERT INTO chusan_trophy (id, name) VALUES (6032, '俺の妹がこんなに可愛いわけがない。');
INSERT INTO chusan_trophy (id, name) VALUES (6033, '俺のTAPがこんなに抜けるわけがない。');
INSERT INTO chusan_trophy (id, name) VALUES (6034, '↓俺の妹');
INSERT INTO chusan_trophy (id, name) VALUES (6035, 'もっと熱くなれよ！！');
INSERT INTO chusan_trophy (id, name) VALUES (6036, '強い魔神(マシーン)だ･･･非想天則！');
INSERT INTO chusan_trophy (id, name) VALUES (6037, 'チルノなんかに負けたやつは即破門！');
INSERT INTO chusan_trophy (id, name) VALUES (6038, 'ULTIMA Spark!');
INSERT INTO chusan_trophy (id, name) VALUES (6039, 'irony');
INSERT INTO chusan_trophy (id, name) VALUES (6040, 'irony');
INSERT INTO chusan_trophy (id, name) VALUES (6041, 'お空のニュークリアフュージョン道場');
INSERT INTO chusan_trophy (id, name) VALUES (6042, 'お空のニュークリアフュージョン道場');
INSERT INTO chusan_trophy (id, name) VALUES (6043, '全人類ノ非想天則');
INSERT INTO chusan_trophy (id, name) VALUES (6044, '全人類ノ非想天則');
INSERT INTO chusan_trophy (id, name) VALUES (6045, '三妖精SAY YA!!!');
INSERT INTO chusan_trophy (id, name) VALUES (6046, '三妖精SAY YA!!!');
INSERT INTO chusan_trophy (id, name) VALUES (6049, 'U&iVERSE -銀河鸞翔-');
INSERT INTO chusan_trophy (id, name) VALUES (6050, 'U&iVERSE -銀河鸞翔-');
INSERT INTO chusan_trophy (id, name) VALUES (6051, 'RELOAD');
INSERT INTO chusan_trophy (id, name) VALUES (6052, 'RELOAD');
INSERT INTO chusan_trophy (id, name) VALUES (6053, 'リリカリリカリリカリリカリリカリリカ');
INSERT INTO chusan_trophy (id, name) VALUES (6054, 'ブチ切れたぜ');
INSERT INTO chusan_trophy (id, name) VALUES (6055, '勝つまでやるから');
INSERT INTO chusan_trophy (id, name) VALUES (6056, 'In honor of NayutalieN');
INSERT INTO chusan_trophy (id, name) VALUES (6057, '見つけた');
INSERT INTO chusan_trophy (id, name) VALUES (6058, 'ベィスキッククラップ！');
INSERT INTO chusan_trophy (id, name) VALUES (6060, 'アイ情劣等生');
INSERT INTO chusan_trophy (id, name) VALUES (6061, 'アイ情劣等生');
INSERT INTO chusan_trophy (id, name) VALUES (6062, 'アイロニック');
INSERT INTO chusan_trophy (id, name) VALUES (6063, 'アイロニック');
INSERT INTO chusan_trophy (id, name) VALUES (6064, '孤独毒毒');
INSERT INTO chusan_trophy (id, name) VALUES (6065, '孤独毒毒');
INSERT INTO chusan_trophy (id, name) VALUES (6066, 'スティールユー');
INSERT INTO chusan_trophy (id, name) VALUES (6067, 'スティールユー');
INSERT INTO chusan_trophy (id, name) VALUES (6068, 'マチガイサガシ');
INSERT INTO chusan_trophy (id, name) VALUES (6069, 'マチガイサガシ');
INSERT INTO chusan_trophy (id, name) VALUES (6070, '痛快リズムアクション「B.B.K.K.B.K.K.」');
INSERT INTO chusan_trophy (id, name) VALUES (6071, '痛快リズムアクション「B.B.K.K.B.K.K.」');
INSERT INTO chusan_trophy (id, name) VALUES (6074, 'CrisTears');
INSERT INTO chusan_trophy (id, name) VALUES (6077, '盟月');
INSERT INTO chusan_trophy (id, name) VALUES (6078, '盟月');
INSERT INTO chusan_trophy (id, name) VALUES (6079, 'Bitter Juicy');
INSERT INTO chusan_trophy (id, name) VALUES (6080, 'Bitter Juicy');
INSERT INTO chusan_trophy (id, name) VALUES (6081, 'Disruptor Array');
INSERT INTO chusan_trophy (id, name) VALUES (6082, 'Disruptor Array');
INSERT INTO chusan_trophy (id, name) VALUES (6083, 'Daphnis');
INSERT INTO chusan_trophy (id, name) VALUES (6084, 'Daphnis');
INSERT INTO chusan_trophy (id, name) VALUES (6087, 'さなちゃんねる');
INSERT INTO chusan_trophy (id, name) VALUES (6088, '丁寧な音ゲー生活');
INSERT INTO chusan_trophy (id, name) VALUES (6089, 'おはようございナース！');
INSERT INTO chusan_trophy (id, name) VALUES (6090, 'ケンカすな～！');
INSERT INTO chusan_trophy (id, name) VALUES (6091, '世界でいちばんおひめさま');
INSERT INTO chusan_trophy (id, name) VALUES (6092, 'Reloaded');
INSERT INTO chusan_trophy (id, name) VALUES (6093, 'アマカミサマ');
INSERT INTO chusan_trophy (id, name) VALUES (6094, 'アマカミサマ');
INSERT INTO chusan_trophy (id, name) VALUES (6095, 'だじゃれくりえぃしょん');
INSERT INTO chusan_trophy (id, name) VALUES (6096, 'だじゃれくりえぃしょん');
INSERT INTO chusan_trophy (id, name) VALUES (6097, 'ワールドイズマイン');
INSERT INTO chusan_trophy (id, name) VALUES (6098, 'ワールドイズマイン');
INSERT INTO chusan_trophy (id, name) VALUES (6099, 'フューチャー・イヴ');
INSERT INTO chusan_trophy (id, name) VALUES (6100, 'フューチャー・イヴ');
INSERT INTO chusan_trophy (id, name) VALUES (6101, 'Magic Rock''n Roll Maker');
INSERT INTO chusan_trophy (id, name) VALUES (6102, 'Magic Rock''n Roll Maker');
INSERT INTO chusan_trophy (id, name) VALUES (6155, '『KING of Performai The 4th』 ファイナリスト');
INSERT INTO chusan_trophy (id, name) VALUES (6156, '『KING of Performai The 4th』 チャンピオン');
INSERT INTO chusan_trophy (id, name) VALUES (6193, 'プロジェクトセカイ カラフルステージ！ feat. 初音ミク／Leo/need');
INSERT INTO chusan_trophy (id, name) VALUES (6194, 'プロジェクトセカイ カラフルステージ！ feat. 初音ミク／Vivid BAD SQUAD');
INSERT INTO chusan_trophy (id, name) VALUES (6196, '未来の燈火');
INSERT INTO chusan_trophy (id, name) VALUES (6197, '大地の後継者たち');
INSERT INTO chusan_trophy (id, name) VALUES (6198, 'First story of the SeelischTact');
INSERT INTO chusan_trophy (id, name) VALUES (6199, 'No Limit RED Force');
INSERT INTO chusan_trophy (id, name) VALUES (6200, 'No Limit RED Force');
INSERT INTO chusan_trophy (id, name) VALUES (6203, 'Ruler Count, Zero');
INSERT INTO chusan_trophy (id, name) VALUES (6204, 'Ruler Count, Zero');
INSERT INTO chusan_trophy (id, name) VALUES (6205, '絆はずっとGrowing Up!!!');
INSERT INTO chusan_trophy (id, name) VALUES (6206, '絆はずっとGrowing Up!!!');
INSERT INTO chusan_trophy (id, name) VALUES (6209, 'アマツカミ');
INSERT INTO chusan_trophy (id, name) VALUES (6210, 'アマツカミ');
INSERT INTO chusan_trophy (id, name) VALUES (6228, 'WACCA');
INSERT INTO chusan_voice (id, name) VALUES (50, '宍戸 美鈴');
INSERT INTO chusan_voice (id, name) VALUES (51, 'リー・メイメイ');
INSERT INTO chusan_voice (id, name) VALUES (52, 'ティータ・アヴェニアス');
INSERT INTO chusan_voice (id, name) VALUES (53, 'MIR-203【セレネ・シェリル】');
