INSERT INTO chuni_game_skill (id, name, category) VALUES (105127, '天性の人たらし', 'Support');
INSERT INTO chuni_game_skill (id, name, category) VALUES (105128, '幼少期の思い出', 'Friendship');
INSERT INTO chuni_game_skill (id, name, category) VALUES (105129, '腹黒ドS王子', 'Boost1');
INSERT INTO chuni_game_skill (id, name, category) VALUES (105130, '色気のあふれる美形', 'Boost2');
INSERT INTO chuni_game_skill (id, name, category) VALUES (105131, '音楽の神の子', 'Boost2');
INSERT INTO chuni_game_skill (id, name, category) VALUES (105132, '魔性の伯爵', 'Boost2');
INSERT INTO chuni_game_skill (id, name, category) VALUES (105133, '令嬢の中の令嬢', 'Boost3');
INSERT INTO chuni_game_skill (id, name, category) VALUES (105134, 'ロマンス小説好き', 'Boost3');
INSERT INTO chuni_game_skill (id, name, category) VALUES (105135, '光の魔力を持つ特別な子', 'Boost3');
INSERT INTO chuni_game_skill (id, name, category) VALUES (105136, '魔法学園の生徒会長', 'Danger1');

INSERT INTO chuni_game_character (id, name, release_tag, works_name, illustrator_name, first_skill_id, skills, add_images) VALUES (12410, 'カタリナ・クラエス', 'v1 1.50.00', '乙女ゲームの破滅フラグしかない悪役令嬢に転生してしまった…', 'None', '105127', '5:0,10:0,15:0,25:0,50:0', '12411:カタリナ・クラエス／幼少期,-1:,-1:,-1:,-1:,-1:,-1:,-1:,-1:');
INSERT INTO chuni_game_character (id, name, release_tag, works_name, illustrator_name, first_skill_id, skills, add_images) VALUES (12420, 'ジオルド・スティアート', 'v1 1.50.00', '乙女ゲームの破滅フラグしかない悪役令嬢に転生してしまった…', 'None', '105129', '5:0,10:0,15:0,25:0,50:0', '12421:ジオルド・スティアート／幼少期,-1:,-1:,-1:,-1:,-1:,-1:,-1:,-1:');
INSERT INTO chuni_game_character (id, name, release_tag, works_name, illustrator_name, first_skill_id, skills, add_images) VALUES (12430, 'キース・クラエス', 'v1 1.50.00', '乙女ゲームの破滅フラグしかない悪役令嬢に転生してしまった…', 'None', '105130', '5:0,10:0,15:0,25:0,50:0', '12431:キース・クラエス／幼少期,-1:,-1:,-1:,-1:,-1:,-1:,-1:,-1:');
INSERT INTO chuni_game_character (id, name, release_tag, works_name, illustrator_name, first_skill_id, skills, add_images) VALUES (12440, 'アラン・スティアート', 'v1 1.50.00', '乙女ゲームの破滅フラグしかない悪役令嬢に転生してしまった…', 'None', '105131', '5:0,10:0,15:0,25:0,50:0', '12441:アラン・スティアート／幼少期,-1:,-1:,-1:,-1:,-1:,-1:,-1:,-1:');
INSERT INTO chuni_game_character (id, name, release_tag, works_name, illustrator_name, first_skill_id, skills, add_images) VALUES (12450, 'ニコル・アスカルト', 'v1 1.50.00', '乙女ゲームの破滅フラグしかない悪役令嬢に転生してしまった…', 'None', '105132', '5:0,10:0,15:0,25:0,50:0', '12451:ニコル・アスカルト／幼少期,-1:,-1:,-1:,-1:,-1:,-1:,-1:,-1:');
INSERT INTO chuni_game_character (id, name, release_tag, works_name, illustrator_name, first_skill_id, skills, add_images) VALUES (12460, 'メアリ・ハント', 'v1 1.50.00', '乙女ゲームの破滅フラグしかない悪役令嬢に転生してしまった…', 'None', '105133', '5:0,10:0,15:0,25:0,50:0', '12461:メアリ・ハント／幼少期,-1:,-1:,-1:,-1:,-1:,-1:,-1:,-1:');
INSERT INTO chuni_game_character (id, name, release_tag, works_name, illustrator_name, first_skill_id, skills, add_images) VALUES (12470, 'ソフィア・アスカルト', 'v1 1.50.00', '乙女ゲームの破滅フラグしかない悪役令嬢に転生してしまった…', 'None', '105134', '5:0,10:0,15:0,25:0,50:0', '12471:ソフィア・アスカルト／幼少期,-1:,-1:,-1:,-1:,-1:,-1:,-1:,-1:');
INSERT INTO chuni_game_character (id, name, release_tag, works_name, illustrator_name, first_skill_id, skills, add_images) VALUES (12480, 'マリア・キャンベル', 'v1 1.50.00', '乙女ゲームの破滅フラグしかない悪役令嬢に転生してしまった…', 'None', '105135', '5:0,10:0,15:0,25:0,50:0', '-1:,-1:,-1:,-1:,-1:,-1:,-1:,-1:,-1:');
INSERT INTO chuni_game_character (id, name, release_tag, works_name, illustrator_name, first_skill_id, skills, add_images) VALUES (12490, 'シリウス・ディーク', 'v1 1.50.00', '乙女ゲームの破滅フラグしかない悪役令嬢に転生してしまった…', 'None', '105136', '5:0,10:0,15:0,25:0,50:0', '-1:,-1:,-1:,-1:,-1:,-1:,-1:,-1:,-1:');

INSERT INTO chuni_music (music_id, artist_name, copyright, genre, name, release_version, sort_name) VALUES (1086, '光吉猛修 VS 穴山大輔 VS Kai VS 水野健治 VS 大国奏音', 'なし', 5, '祈 -我ら神祖と共に歩む者なり-', 'v1 1.55.00', 'イノリワレラシンソトトモニアユムモノナリ');
INSERT INTO chuni_music (music_id, artist_name, copyright, genre, name, release_version, sort_name) VALUES (2088, 'angela「乙女ゲームの破滅フラグしかない悪役令嬢に転生してしまった…」', '楽曲「乙女のルートはひとつじゃない！」', 0, '乙女のルートはひとつじゃない！', 'v1 1.55.00', 'オトメノルウトハヒトツシヤナイ');
INSERT INTO chuni_music (music_id, artist_name, copyright, genre, name, release_version, sort_name) VALUES (2089, 'BACO', 'なし', 6, 'Love & Justice', 'v1 1.55.00', 'LOVEJUSTICE');

INSERT INTO chuni_music_level (diff, enable, level, level_decimal, music_id) VALUES (0, 1, 6, 0, 1086);
INSERT INTO chuni_music_level (diff, enable, level, level_decimal, music_id) VALUES (1, 1, 10, 0, 1086);
INSERT INTO chuni_music_level (diff, enable, level, level_decimal, music_id) VALUES (2, 1, 13, 50, 1086);
INSERT INTO chuni_music_level (diff, enable, level, level_decimal, music_id) VALUES (3, 1, 14, 10, 1086);
INSERT INTO chuni_music_level (diff, enable, level, level_decimal, music_id) VALUES (4, 0, 0, 0, 1086);
INSERT INTO chuni_music_level (diff, enable, level, level_decimal, music_id) VALUES (0, 1, 3, 0, 2088);
INSERT INTO chuni_music_level (diff, enable, level, level_decimal, music_id) VALUES (1, 1, 5, 0, 2088);
INSERT INTO chuni_music_level (diff, enable, level, level_decimal, music_id) VALUES (2, 1, 9, 70, 2088);
INSERT INTO chuni_music_level (diff, enable, level, level_decimal, music_id) VALUES (3, 1, 11, 50, 2088);
INSERT INTO chuni_music_level (diff, enable, level, level_decimal, music_id) VALUES (4, 0, 0, 0, 2088);
INSERT INTO chuni_music_level (diff, enable, level, level_decimal, music_id) VALUES (0, 1, 4, 0, 2089);
INSERT INTO chuni_music_level (diff, enable, level, level_decimal, music_id) VALUES (1, 1, 6, 0, 2089);
INSERT INTO chuni_music_level (diff, enable, level, level_decimal, music_id) VALUES (2, 1, 12, 30, 2089);
INSERT INTO chuni_music_level (diff, enable, level, level_decimal, music_id) VALUES (3, 1, 13, 90, 2089);
INSERT INTO chuni_music_level (diff, enable, level, level_decimal, music_id) VALUES (4, 0, 0, 0, 2089);

INSERT INTO `chuni_game_event` (`id`, `end_date`, `start_date`, `type`, `enable`) VALUES (6470, '2029-01-01 00:00:00.000000', '2019-01-01 00:00:00.000000',1, b'0');
INSERT INTO `chuni_game_event` (`id`, `end_date`, `start_date`, `type`, `enable`) VALUES (6471, '2029-01-01 00:00:00.000000', '2019-01-01 00:00:00.000000',3, b'1');
INSERT INTO `chuni_game_event` (`id`, `end_date`, `start_date`, `type`, `enable`) VALUES (6472, '2029-01-01 00:00:00.000000', '2019-01-01 00:00:00.000000',1, b'0');
INSERT INTO `chuni_game_event` (`id`, `end_date`, `start_date`, `type`, `enable`) VALUES (6473, '2029-01-01 00:00:00.000000', '2019-01-01 00:00:00.000000',2, b'1');
INSERT INTO `chuni_game_event` (`id`, `end_date`, `start_date`, `type`, `enable`) VALUES (6474, '2029-01-01 00:00:00.000000', '2019-01-01 00:00:00.000000',1, b'0');
INSERT INTO `chuni_game_event` (`id`, `end_date`, `start_date`, `type`, `enable`) VALUES (6475, '2029-01-01 00:00:00.000000', '2019-01-01 00:00:00.000000',2, b'1');
INSERT INTO `chuni_game_event` (`id`, `end_date`, `start_date`, `type`, `enable`) VALUES (6476, '2029-01-01 00:00:00.000000', '2019-01-01 00:00:00.000000',8, b'1');
