INSERT INTO chuni_game_skill (id, name, category) VALUES (105112, '剣閃乱舞', 'Boost1');
INSERT INTO chuni_game_skill (id, name, category) VALUES (105137, '夢符｢封魔陣｣', 'Defence');
INSERT INTO chuni_game_skill (id, name, category) VALUES (105138, '恋符「ノンディレクショナルレーザー」', 'Boost2');
INSERT INTO chuni_game_skill (id, name, category) VALUES (105139, '紅符「不夜城レッド」', 'Danger2');
INSERT INTO chuni_game_skill (id, name, category) VALUES (105140, '幻符｢殺人ドール｣', 'Boost1');
INSERT INTO chuni_game_skill (id, name, category) VALUES (105141, '人鬼「未来永劫斬」', 'Danger1');
INSERT INTO chuni_game_skill (id, name, category) VALUES (105142, '喪心「喪心創痍」', 'Boost4');
INSERT INTO chuni_game_skill (id, name, category) VALUES (105143, '偵符「シーカードールズ」', 'Boost2');
INSERT INTO chuni_game_skill (id, name, category) VALUES (105144, '開海「海が割れる日」', 'Danger2');

INSERT INTO chuni_game_character (id, name, release_tag, works_name, illustrator_name, first_skill_id, skills, add_images) VALUES (12330, '博麗 霊夢／東方LostWord', 'v1 1.50.00', '東方Project', 'None', '105137', '5:0,10:0,15:0,25:0,50:0', '-1:,-1:,-1:,-1:,-1:,-1:,-1:,-1:,-1:');
INSERT INTO chuni_game_character (id, name, release_tag, works_name, illustrator_name, first_skill_id, skills, add_images) VALUES (12340, '霧雨 魔理沙／東方LostWord', 'v1 1.50.00', '東方Project', 'None', '105138', '5:0,10:0,15:0,25:0,50:0', '-1:,-1:,-1:,-1:,-1:,-1:,-1:,-1:,-1:');
INSERT INTO chuni_game_character (id, name, release_tag, works_name, illustrator_name, first_skill_id, skills, add_images) VALUES (12350, 'レミリア・スカーレット／東方LostWord', 'v1 1.50.00', '東方Project', 'None', '105139', '5:0,10:0,15:0,25:0,50:0', '-1:,-1:,-1:,-1:,-1:,-1:,-1:,-1:,-1:');
INSERT INTO chuni_game_character (id, name, release_tag, works_name, illustrator_name, first_skill_id, skills, add_images) VALUES (12360, '十六夜 咲夜／東方LostWord', 'v1 1.50.00', '東方Project', 'None', '105140', '5:0,10:0,15:0,25:0,50:0', '-1:,-1:,-1:,-1:,-1:,-1:,-1:,-1:,-1:');
INSERT INTO chuni_game_character (id, name, release_tag, works_name, illustrator_name, first_skill_id, skills, add_images) VALUES (12370, '魂魄 妖夢／東方LostWord', 'v1 1.50.00', '東方Project', 'None', '105141', '5:0,10:0,15:0,25:0,50:0', '-1:,-1:,-1:,-1:,-1:,-1:,-1:,-1:,-1:');
INSERT INTO chuni_game_character (id, name, release_tag, works_name, illustrator_name, first_skill_id, skills, add_images) VALUES (12380, '鈴仙・優曇華院・イナバ／東方LostWord', 'v1 1.50.00', '東方Project', 'None', '105142', '5:0,10:0,15:0,25:0,50:0', '-1:,-1:,-1:,-1:,-1:,-1:,-1:,-1:,-1:');
INSERT INTO chuni_game_character (id, name, release_tag, works_name, illustrator_name, first_skill_id, skills, add_images) VALUES (12390, 'アリス・マーガトロイド／東方LostWord', 'v1 1.50.00', '東方Project', 'None', '105143', '5:0,10:0,15:0,25:0,50:0', '-1:,-1:,-1:,-1:,-1:,-1:,-1:,-1:,-1:');
INSERT INTO chuni_game_character (id, name, release_tag, works_name, illustrator_name, first_skill_id, skills, add_images) VALUES (12400, '東風谷 早苗／東方LostWord', 'v1 1.50.00', '東方Project', 'None', '105144', '5:0,10:0,15:0,25:0,50:0', '-1:,-1:,-1:,-1:,-1:,-1:,-1:,-1:,-1:');
INSERT INTO chuni_game_character (id, name, release_tag, works_name, illustrator_name, first_skill_id, skills, add_images) VALUES (13220, 'テルミット・ヴィエルジュ／マスカレイド', 'v1 1.50.00', 'カードメイカー', '白皙', '105112', '5:0,10:0,15:0,25:0,50:0', '-1:,-1:,-1:,-1:,-1:,-1:,-1:,-1:,-1:');

INSERT INTO chuni_music (music_id, artist_name, copyright, genre, name, release_version, sort_name) VALUES (2083, '東方LostWord feat.いとうかなこ', '東方LostWord', 3, 'ロストワードクロニカル', 'v1 1.55.00', 'ロストワウトクロニカル');
INSERT INTO chuni_music (music_id, artist_name, copyright, genre, name, release_version, sort_name) VALUES (2084, 'くっちー (DARKSIDE APPROACH)', '東方Project関連', 3, 'Yakumo >>JOINT STRUGGLE (2019 Update)', 'v1 1.55.00', 'YAKUMOJOINTSTRUGGLE2019UPDATE');
INSERT INTO chuni_music (music_id, artist_name, copyright, genre, name, release_version, sort_name) VALUES (2085, '森羅万象', '東方Project関連', 3, '全力ハッピーライフ', 'v1 1.55.00', 'センリヨクハツヒウライフ');
INSERT INTO chuni_music (music_id, artist_name, copyright, genre, name, release_version, sort_name) VALUES (2086, '岸田教団&THE明星ロケッツ', '東方Project関連', 3, '明星ロケット', 'v1 1.55.00', 'アケホシロケツト');
INSERT INTO chuni_music (music_id, artist_name, copyright, genre, name, release_version, sort_name) VALUES (2087, 'Unlucky Morpheus', '東方Project関連', 3, '神々が恋した幻想郷', 'v1 1.55.00', 'カミカミカコイシタケンソウキヨウ');

INSERT INTO chuni_music_level (diff, enable, level, level_decimal, music_id) VALUES (0, 1, 3, 0, 2083);
INSERT INTO chuni_music_level (diff, enable, level, level_decimal, music_id) VALUES (1, 1, 5, 0, 2083);
INSERT INTO chuni_music_level (diff, enable, level, level_decimal, music_id) VALUES (2, 1, 9, 70, 2083);
INSERT INTO chuni_music_level (diff, enable, level, level_decimal, music_id) VALUES (3, 1, 12, 70, 2083);
INSERT INTO chuni_music_level (diff, enable, level, level_decimal, music_id) VALUES (4, 0, 0, 0, 2083);
INSERT INTO chuni_music_level (diff, enable, level, level_decimal, music_id) VALUES (0, 1, 3, 0, 2084);
INSERT INTO chuni_music_level (diff, enable, level, level_decimal, music_id) VALUES (1, 1, 7, 0, 2084);
INSERT INTO chuni_music_level (diff, enable, level, level_decimal, music_id) VALUES (2, 1, 11, 40, 2084);
INSERT INTO chuni_music_level (diff, enable, level, level_decimal, music_id) VALUES (3, 1, 13, 60, 2084);
INSERT INTO chuni_music_level (diff, enable, level, level_decimal, music_id) VALUES (4, 0, 0, 0, 2084);
INSERT INTO chuni_music_level (diff, enable, level, level_decimal, music_id) VALUES (0, 1, 3, 0, 2085);
INSERT INTO chuni_music_level (diff, enable, level, level_decimal, music_id) VALUES (1, 1, 6, 0, 2085);
INSERT INTO chuni_music_level (diff, enable, level, level_decimal, music_id) VALUES (2, 1, 9, 70, 2085);
INSERT INTO chuni_music_level (diff, enable, level, level_decimal, music_id) VALUES (3, 1, 12, 50, 2085);
INSERT INTO chuni_music_level (diff, enable, level, level_decimal, music_id) VALUES (4, 0, 0, 0, 2085);
INSERT INTO chuni_music_level (diff, enable, level, level_decimal, music_id) VALUES (0, 1, 2, 0, 2086);
INSERT INTO chuni_music_level (diff, enable, level, level_decimal, music_id) VALUES (1, 1, 5, 0, 2086);
INSERT INTO chuni_music_level (diff, enable, level, level_decimal, music_id) VALUES (2, 1, 9, 0, 2086);
INSERT INTO chuni_music_level (diff, enable, level, level_decimal, music_id) VALUES (3, 1, 12, 50, 2086);
INSERT INTO chuni_music_level (diff, enable, level, level_decimal, music_id) VALUES (4, 0, 0, 0, 2086);
INSERT INTO chuni_music_level (diff, enable, level, level_decimal, music_id) VALUES (0, 1, 3, 0, 2087);
INSERT INTO chuni_music_level (diff, enable, level, level_decimal, music_id) VALUES (1, 1, 5, 0, 2087);
INSERT INTO chuni_music_level (diff, enable, level, level_decimal, music_id) VALUES (2, 1, 10, 0, 2087);
INSERT INTO chuni_music_level (diff, enable, level, level_decimal, music_id) VALUES (3, 1, 13, 40, 2087);
INSERT INTO chuni_music_level (diff, enable, level, level_decimal, music_id) VALUES (4, 0, 0, 0, 2087);

INSERT INTO `chuni_game_event` (`id`, `end_date`, `start_date`, `type`, `enable`) VALUES (6500, '2029-01-01 00:00:00.000000', '2019-01-01 00:00:00.000000',3, b'1');
INSERT INTO `chuni_game_event` (`id`, `end_date`, `start_date`, `type`, `enable`) VALUES (6501, '2029-01-01 00:00:00.000000', '2019-01-01 00:00:00.000000',1, b'0');
INSERT INTO `chuni_game_event` (`id`, `end_date`, `start_date`, `type`, `enable`) VALUES (6502, '2029-01-01 00:00:00.000000', '2019-01-01 00:00:00.000000',3, b'1');
INSERT INTO `chuni_game_event` (`id`, `end_date`, `start_date`, `type`, `enable`) VALUES (6503, '2029-01-01 00:00:00.000000', '2019-01-01 00:00:00.000000',1, b'0');
INSERT INTO `chuni_game_event` (`id`, `end_date`, `start_date`, `type`, `enable`) VALUES (6504, '2029-01-01 00:00:00.000000', '2019-01-01 00:00:00.000000',2, b'1');
INSERT INTO `chuni_game_event` (`id`, `end_date`, `start_date`, `type`, `enable`) VALUES (6505, '2029-01-01 00:00:00.000000', '2019-01-01 00:00:00.000000',1, b'0');
INSERT INTO `chuni_game_event` (`id`, `end_date`, `start_date`, `type`, `enable`) VALUES (6506, '2029-01-01 00:00:00.000000', '2019-01-01 00:00:00.000000',2, b'1');
INSERT INTO `chuni_game_event` (`id`, `end_date`, `start_date`, `type`, `enable`) VALUES (6507, '2029-01-01 00:00:00.000000', '2019-01-01 00:00:00.000000',8, b'1');
INSERT INTO `chuni_game_event` (`id`, `end_date`, `start_date`, `type`, `enable`) VALUES (6508, '2029-01-01 00:00:00.000000', '2019-01-01 00:00:00.000000',1, b'0');
INSERT INTO `chuni_game_event` (`id`, `end_date`, `start_date`, `type`, `enable`) VALUES (6509, '2029-01-01 00:00:00.000000', '2019-01-01 00:00:00.000000',2, b'1');
INSERT INTO `chuni_game_event` (`id`, `end_date`, `start_date`, `type`, `enable`) VALUES (6510, '2029-01-01 00:00:00.000000', '2019-01-01 00:00:00.000000',1, b'0');
INSERT INTO `chuni_game_event` (`id`, `end_date`, `start_date`, `type`, `enable`) VALUES (6511, '2029-01-01 00:00:00.000000', '2019-01-01 00:00:00.000000',9, b'1');
INSERT INTO `chuni_game_event` (`id`, `end_date`, `start_date`, `type`, `enable`) VALUES (6512, '2029-01-01 00:00:00.000000', '2019-01-01 00:00:00.000000',5, b'1');
INSERT INTO `chuni_game_event` (`id`, `end_date`, `start_date`, `type`, `enable`) VALUES (6514, '2029-01-01 00:00:00.000000', '2019-01-01 00:00:00.000000',1, b'0');
INSERT INTO `chuni_game_event` (`id`, `end_date`, `start_date`, `type`, `enable`) VALUES (6515, '2029-01-01 00:00:00.000000', '2019-01-01 00:00:00.000000',2, b'1');
