INSERT INTO chusan_avatar (id, name, category) VALUES (2100087, 'Tシャツ「CHUNITHM SUN」', 1);
INSERT INTO chusan_avatar (id, name, category) VALUES (2100088, 'Tシャツ「ルクス」', 1);
INSERT INTO chusan_avatar (id, name, category) VALUES (2500039, '虹限スタチュウ', 5);
INSERT INTO chusan_avatar (id, name, category) VALUES (4102201, 'ドラキュラの服', 1);
INSERT INTO chusan_avatar (id, name, category) VALUES (4202201, 'パンプキンのかぶりもの', 2);
INSERT INTO chusan_avatar (id, name, category) VALUES (4502201, 'ジャック・オー・ランタン', 5);
INSERT INTO chusan_avatar (id, name, category) VALUES (4502202, 'ペロペロキャンディ', 5);
INSERT INTO chusan_avatar (id, name, category) VALUES (4502203, 'ハロウィンのバスケット', 5);
INSERT INTO chusan_avatar (id, name, category) VALUES (6100101, '明坂 芹菜の服', 1);
INSERT INTO chusan_avatar (id, name, category) VALUES (6102101, '星咲 あかりの服(シュータードレス)', 1);
INSERT INTO chusan_avatar (id, name, category) VALUES (6102201, '藤沢 柚子の服(シュータードレス)', 1);
INSERT INTO chusan_avatar (id, name, category) VALUES (6102301, '三角 葵の服(シュータードレス)', 1);
INSERT INTO chusan_avatar (id, name, category) VALUES (6102401, '高瀬 梨緒の服(シュータードレス)', 1);
INSERT INTO chusan_avatar (id, name, category) VALUES (6102501, '結城 莉玖の服(シュータードレス)', 1);
INSERT INTO chusan_avatar (id, name, category) VALUES (6102601, '藍原 椿の服(シュータードレス)', 1);
INSERT INTO chusan_avatar (id, name, category) VALUES (6200101, '明坂 芹菜の頭', 2);
INSERT INTO chusan_avatar (id, name, category) VALUES (6202101, '星咲 あかりの頭(シュータードレス)', 2);
INSERT INTO chusan_avatar (id, name, category) VALUES (8100001, '譜面ボーイズの服', 1);
INSERT INTO chusan_avatar (id, name, category) VALUES (8200001, '譜面ボーイズの頭', 2);
INSERT INTO chusan_avatar (id, name, category) VALUES (8500001, '譜面ボーイズのアイテム', 5);
INSERT INTO chusan_game_character (id, name, release_tag, works_name, illustrator_name, add_images) VALUES (14590, '影山 茂夫', 'v2 2.10.00', 'モブサイコ100 Ⅲ', 'None', '-1:,-1:,-1:,-1:,-1:,-1:,-1:,-1:,-1:');
INSERT INTO chusan_game_character (id, name, release_tag, works_name, illustrator_name, add_images) VALUES (14600, '霊幻 新隆', 'v2 2.10.00', 'モブサイコ100 Ⅲ', 'None', '-1:,-1:,-1:,-1:,-1:,-1:,-1:,-1:,-1:');
INSERT INTO chusan_game_character (id, name, release_tag, works_name, illustrator_name, add_images) VALUES (14610, 'エクボ', 'v2 2.10.00', 'モブサイコ100 Ⅲ', 'None', '-1:,-1:,-1:,-1:,-1:,-1:,-1:,-1:,-1:');
INSERT INTO chusan_game_character (id, name, release_tag, works_name, illustrator_name, add_images) VALUES (14620, '影山 律', 'v2 2.10.00', 'モブサイコ100 Ⅲ', 'None', '-1:,-1:,-1:,-1:,-1:,-1:,-1:,-1:,-1:');
INSERT INTO chusan_game_character (id, name, release_tag, works_name, illustrator_name, add_images) VALUES (14630, '花沢 輝気', 'v2 2.10.00', 'モブサイコ100 Ⅲ', 'None', '-1:,-1:,-1:,-1:,-1:,-1:,-1:,-1:,-1:');
INSERT INTO chusan_game_character (id, name, release_tag, works_name, illustrator_name, add_images) VALUES (14640, '芹沢 克也', 'v2 2.10.00', 'モブサイコ100 Ⅲ', 'None', '-1:,-1:,-1:,-1:,-1:,-1:,-1:,-1:,-1:');
INSERT INTO chusan_game_character (id, name, release_tag, works_name, illustrator_name, add_images) VALUES (14650, '鈴木 将', 'v2 2.10.00', 'モブサイコ100 Ⅲ', 'None', '-1:,-1:,-1:,-1:,-1:,-1:,-1:,-1:,-1:');
INSERT INTO chusan_game_character (id, name, release_tag, works_name, illustrator_name, add_images) VALUES (14660, '茅森 月歌', 'v2 2.10.00', 'ヘブンバーンズレッド', 'None', '-1:,-1:,-1:,-1:,-1:,-1:,-1:,-1:,-1:');
INSERT INTO chusan_game_character (id, name, release_tag, works_name, illustrator_name, add_images) VALUES (14670, '和泉 ユキ', 'v2 2.10.00', 'ヘブンバーンズレッド', 'None', '-1:,-1:,-1:,-1:,-1:,-1:,-1:,-1:,-1:');
INSERT INTO chusan_game_character (id, name, release_tag, works_name, illustrator_name, add_images) VALUES (14680, '逢川 めぐみ', 'v2 2.10.00', 'ヘブンバーンズレッド', 'None', '-1:,-1:,-1:,-1:,-1:,-1:,-1:,-1:,-1:');
INSERT INTO chusan_game_character (id, name, release_tag, works_name, illustrator_name, add_images) VALUES (14690, '東城 つかさ', 'v2 2.10.00', 'ヘブンバーンズレッド', 'None', '-1:,-1:,-1:,-1:,-1:,-1:,-1:,-1:,-1:');
INSERT INTO chusan_game_character (id, name, release_tag, works_name, illustrator_name, add_images) VALUES (14700, '朝倉 可憐', 'v2 2.10.00', 'ヘブンバーンズレッド', 'None', '-1:,-1:,-1:,-1:,-1:,-1:,-1:,-1:,-1:');
INSERT INTO chusan_game_character (id, name, release_tag, works_name, illustrator_name, add_images) VALUES (14710, '國見 タマ', 'v2 2.10.00', 'ヘブンバーンズレッド', 'None', '-1:,-1:,-1:,-1:,-1:,-1:,-1:,-1:,-1:');
INSERT INTO chusan_game_character (id, name, release_tag, works_name, illustrator_name, add_images) VALUES (14720, '蒼井 えりか', 'v2 2.10.00', 'ヘブンバーンズレッド', 'None', '-1:,-1:,-1:,-1:,-1:,-1:,-1:,-1:,-1:');
INSERT INTO chusan_game_character (id, name, release_tag, works_name, illustrator_name, add_images) VALUES (14730, '水瀬 いちご', 'v2 2.10.00', 'ヘブンバーンズレッド', 'None', '-1:,-1:,-1:,-1:,-1:,-1:,-1:,-1:,-1:');
INSERT INTO chusan_game_character (id, name, release_tag, works_name, illustrator_name, add_images) VALUES (14740, '水瀬 すもも', 'v2 2.10.00', 'ヘブンバーンズレッド', 'None', '-1:,-1:,-1:,-1:,-1:,-1:,-1:,-1:,-1:');
INSERT INTO chusan_game_character (id, name, release_tag, works_name, illustrator_name, add_images) VALUES (14750, '樋口 聖華', 'v2 2.10.00', 'ヘブンバーンズレッド', 'None', '-1:,-1:,-1:,-1:,-1:,-1:,-1:,-1:,-1:');
INSERT INTO chusan_game_character (id, name, release_tag, works_name, illustrator_name, add_images) VALUES (14760, '柊木 梢', 'v2 2.10.00', 'ヘブンバーンズレッド', 'None', '-1:,-1:,-1:,-1:,-1:,-1:,-1:,-1:,-1:');
INSERT INTO chusan_game_character (id, name, release_tag, works_name, illustrator_name, add_images) VALUES (14770, 'ビャッコ', 'v2 2.10.00', 'ヘブンバーンズレッド', 'None', '-1:,-1:,-1:,-1:,-1:,-1:,-1:,-1:,-1:');
INSERT INTO chusan_game_character (id, name, release_tag, works_name, illustrator_name, add_images) VALUES (14780, '七瀬 七海', 'v2 2.10.00', 'ヘブンバーンズレッド', 'None', '-1:,-1:,-1:,-1:,-1:,-1:,-1:,-1:,-1:');
INSERT INTO chusan_game_character (id, name, release_tag, works_name, illustrator_name, add_images) VALUES (14800, '明坂 芹菜／途惑いのクリスマス編', 'v2 2.10.00', 'イロドリミドリ', 'Hisasi', '-1:,-1:,-1:,-1:,-1:,-1:,-1:,-1:,-1:');
INSERT INTO chusan_game_character (id, name, release_tag, works_name, illustrator_name, add_images) VALUES (14810, '御形 アリシアナ／途惑いのクリスマス編', 'v2 2.10.00', 'イロドリミドリ', 'Hisasi', '-1:,-1:,-1:,-1:,-1:,-1:,-1:,-1:,-1:');
INSERT INTO chusan_game_character (id, name, release_tag, works_name, illustrator_name, add_images) VALUES (14820, '天王洲 なずな／途惑いのクリスマス編', 'v2 2.10.00', 'イロドリミドリ', 'Hisasi', '-1:,-1:,-1:,-1:,-1:,-1:,-1:,-1:,-1:');
INSERT INTO chusan_game_character (id, name, release_tag, works_name, illustrator_name, add_images) VALUES (14830, '小仏 凪／途惑いのクリスマス編', 'v2 2.10.00', 'イロドリミドリ', 'Hisasi', '-1:,-1:,-1:,-1:,-1:,-1:,-1:,-1:,-1:');
INSERT INTO chusan_game_character (id, name, release_tag, works_name, illustrator_name, add_images) VALUES (14840, '箱部 なる／途惑いのクリスマス編', 'v2 2.10.00', 'イロドリミドリ', 'Hisasi', '-1:,-1:,-1:,-1:,-1:,-1:,-1:,-1:,-1:');
INSERT INTO chusan_game_character (id, name, release_tag, works_name, illustrator_name, add_images) VALUES (14850, '月鈴 白奈／途惑いのクリスマス編', 'v2 2.10.00', 'イロドリミドリ', 'Hisasi', '-1:,-1:,-1:,-1:,-1:,-1:,-1:,-1:,-1:');
INSERT INTO chusan_game_character (id, name, release_tag, works_name, illustrator_name, add_images) VALUES (14860, '五十嵐 撫子／途惑いのクリスマス編', 'v2 2.10.00', 'イロドリミドリ', 'Hisasi', '-1:,-1:,-1:,-1:,-1:,-1:,-1:,-1:,-1:');
INSERT INTO chusan_game_character (id, name, release_tag, works_name, illustrator_name, add_images) VALUES (14870, '萩原 七々瀬／途惑いのクリスマス編', 'v2 2.10.00', 'イロドリミドリ', 'Hisasi', '-1:,-1:,-1:,-1:,-1:,-1:,-1:,-1:,-1:');
INSERT INTO chusan_game_character (id, name, release_tag, works_name, illustrator_name, add_images) VALUES (14880, '葛城 華／途惑いのクリスマス編', 'v2 2.10.00', 'イロドリミドリ', 'Hisasi', '-1:,-1:,-1:,-1:,-1:,-1:,-1:,-1:,-1:');
INSERT INTO chusan_game_character (id, name, release_tag, works_name, illustrator_name, add_images) VALUES (14890, '小野 美苗／途惑いのクリスマス編', 'v2 2.10.00', 'イロドリミドリ', 'Hisasi', '-1:,-1:,-1:,-1:,-1:,-1:,-1:,-1:,-1:');
INSERT INTO chusan_game_character (id, name, release_tag, works_name, illustrator_name, add_images) VALUES (14900, '藤堂 陽南袴／途惑いのクリスマス編', 'v2 2.10.00', 'イロドリミドリ', 'Hisasi', '14901:藤堂 陽南袴／超Rock The Party,-1:,-1:,-1:,-1:,-1:,-1:,-1:,-1:');
INSERT INTO chusan_game_character (id, name, release_tag, works_name, illustrator_name, add_images) VALUES (14910, '桔梗 小夜曲／途惑いのクリスマス編', 'v2 2.10.00', 'イロドリミドリ', 'Hisasi', '14911:桔梗 小夜曲／超Rock The Party,-1:,-1:,-1:,-1:,-1:,-1:,-1:,-1:');
INSERT INTO chusan_game_character (id, name, release_tag, works_name, illustrator_name, add_images) VALUES (14920, '芒崎 奏／途惑いのクリスマス編', 'v2 2.10.00', 'イロドリミドリ', 'Hisasi', '14921:芒崎 奏／超Rock The Party,-1:,-1:,-1:,-1:,-1:,-1:,-1:,-1:');
INSERT INTO chusan_game_character (id, name, release_tag, works_name, illustrator_name, add_images) VALUES (14930, '冴川 芽依', 'v2 2.10.00', 'CHUNITHM SUN', '姐川', '14931:冴川 芽依／ニュートゥモロー,-1:,-1:,-1:,-1:,-1:,-1:,-1:,-1:');
INSERT INTO chusan_game_character (id, name, release_tag, works_name, illustrator_name, add_images) VALUES (14940, '神園 零', 'v2 2.10.00', 'CHUNITHM SUN', '小田すずか', '14941:神園 零／「The Fool」,-1:,-1:,-1:,-1:,-1:,-1:,-1:,-1:');
INSERT INTO chusan_game_character (id, name, release_tag, works_name, illustrator_name, add_images) VALUES (14950, 'ヴァン', 'v2 2.10.00', 'CHUNITHM SUN', '夢ノ内', '-1:,-1:,-1:,-1:,-1:,-1:,-1:,-1:,-1:');
INSERT INTO chusan_game_character (id, name, release_tag, works_name, illustrator_name, add_images) VALUES (14960, '幡桐 こよみ', 'v2 2.10.00', 'CHUNITHM SUN', 'cura', '14961:幡桐 こよみ／南無三宝！,-1:,-1:,-1:,-1:,-1:,-1:,-1:,-1:');
INSERT INTO chusan_game_character (id, name, release_tag, works_name, illustrator_name, add_images) VALUES (14970, 'チキ＆ウリシュ', 'v2 2.10.00', 'CHUNITHM SUN', 'くるみつ', '-1:,-1:,-1:,-1:,-1:,-1:,-1:,-1:,-1:');
INSERT INTO chusan_game_character (id, name, release_tag, works_name, illustrator_name, add_images) VALUES (14980, 'ティリー・キャクストン', 'v2 2.10.00', 'CHUNITHM SUN', 'みつ', '14981:ティリー・キャクストン／クライシスコントロール,-1:,-1:,-1:,-1:,-1:,-1:,-1:,-1:');
INSERT INTO chusan_game_character (id, name, release_tag, works_name, illustrator_name, add_images) VALUES (14990, 'フリーシア・ベイヤード', 'v2 2.10.00', 'CHUNITHM SUN', '吠L', '14991:フリーシア・ベイヤード／誰が為の正義,-1:,-1:,-1:,-1:,-1:,-1:,-1:,-1:');
INSERT INTO chusan_game_character (id, name, release_tag, works_name, illustrator_name, add_images) VALUES (15000, 'MaiR／Crawler / Flyer', 'v2 2.10.00', 'CHUNITHM SUN', '裕', '-1:,-1:,-1:,-1:,-1:,-1:,-1:,-1:,-1:');
INSERT INTO chusan_game_character (id, name, release_tag, works_name, illustrator_name, add_images) VALUES (15010, 'BOOGEY VOXX feat.IURA TOI／Re:Credits', 'v2 2.10.00', 'CHUNITHM SUN', 'syuri22', '-1:,-1:,-1:,-1:,-1:,-1:,-1:,-1:,-1:');
INSERT INTO chusan_game_character (id, name, release_tag, works_name, illustrator_name, add_images) VALUES (15020, 'YACA IN DA HOUSE／Cheat Sheet', 'v2 2.10.00', 'CHUNITHM SUN', 'TERU by mashcomix', '-1:,-1:,-1:,-1:,-1:,-1:,-1:,-1:,-1:');
INSERT INTO chusan_game_character (id, name, release_tag, works_name, illustrator_name, add_images) VALUES (15030, 'MonsterZ MATE／One Room Sky', 'v2 2.10.00', 'CHUNITHM SUN', 'ふぁすな', '-1:,-1:,-1:,-1:,-1:,-1:,-1:,-1:,-1:');
INSERT INTO chusan_game_character (id, name, release_tag, works_name, illustrator_name, add_images) VALUES (15780, '星咲 あかり／デイドリーム・フェアリーズ', 'v2 2.10.00', 'オンゲキ', 'None', '-1:,-1:,-1:,-1:,-1:,-1:,-1:,-1:,-1:');
INSERT INTO chusan_game_character (id, name, release_tag, works_name, illustrator_name, add_images) VALUES (15790, '星咲 あかり／デイドリーム・エンジェルズ', 'v2 2.10.00', 'オンゲキ', 'None', '-1:,-1:,-1:,-1:,-1:,-1:,-1:,-1:,-1:');
INSERT INTO chusan_game_character (id, name, release_tag, works_name, illustrator_name, add_images) VALUES (15800, '藤沢 柚子／デイドリーム・フェアリーズ', 'v2 2.10.00', 'オンゲキ', 'None', '-1:,-1:,-1:,-1:,-1:,-1:,-1:,-1:,-1:');
INSERT INTO chusan_game_character (id, name, release_tag, works_name, illustrator_name, add_images) VALUES (15810, '藤沢 柚子／デイドリーム・エンジェルズ', 'v2 2.10.00', 'オンゲキ', 'None', '-1:,-1:,-1:,-1:,-1:,-1:,-1:,-1:,-1:');
INSERT INTO chusan_game_character (id, name, release_tag, works_name, illustrator_name, add_images) VALUES (15820, '三角 葵／デイドリーム・フェアリーズ', 'v2 2.10.00', 'オンゲキ', 'None', '-1:,-1:,-1:,-1:,-1:,-1:,-1:,-1:,-1:');
INSERT INTO chusan_game_character (id, name, release_tag, works_name, illustrator_name, add_images) VALUES (15830, '三角 葵／デイドリーム・エンジェルズ', 'v2 2.10.00', 'オンゲキ', 'None', '-1:,-1:,-1:,-1:,-1:,-1:,-1:,-1:,-1:');
INSERT INTO chusan_game_character (id, name, release_tag, works_name, illustrator_name, add_images) VALUES (15840, '高瀬 梨緒／デイドリーム・フェアリーズ', 'v2 2.10.00', 'オンゲキ', 'None', '-1:,-1:,-1:,-1:,-1:,-1:,-1:,-1:,-1:');
INSERT INTO chusan_game_character (id, name, release_tag, works_name, illustrator_name, add_images) VALUES (15850, '高瀬 梨緒／デイドリーム・エンジェルズ', 'v2 2.10.00', 'オンゲキ', 'None', '-1:,-1:,-1:,-1:,-1:,-1:,-1:,-1:,-1:');
INSERT INTO chusan_game_character (id, name, release_tag, works_name, illustrator_name, add_images) VALUES (15860, '結城 莉玖／デイドリーム・フェアリーズ', 'v2 2.10.00', 'オンゲキ', 'None', '-1:,-1:,-1:,-1:,-1:,-1:,-1:,-1:,-1:');
INSERT INTO chusan_game_character (id, name, release_tag, works_name, illustrator_name, add_images) VALUES (15870, '結城 莉玖／デイドリーム・エンジェルズ', 'v2 2.10.00', 'オンゲキ', 'None', '-1:,-1:,-1:,-1:,-1:,-1:,-1:,-1:,-1:');
INSERT INTO chusan_game_character (id, name, release_tag, works_name, illustrator_name, add_images) VALUES (15880, '藍原 椿／デイドリーム・フェアリーズ', 'v2 2.10.00', 'オンゲキ', 'None', '-1:,-1:,-1:,-1:,-1:,-1:,-1:,-1:,-1:');
INSERT INTO chusan_game_character (id, name, release_tag, works_name, illustrator_name, add_images) VALUES (15890, '藍原 椿／デイドリーム・エンジェルズ', 'v2 2.10.00', 'オンゲキ', 'None', '-1:,-1:,-1:,-1:,-1:,-1:,-1:,-1:,-1:');
INSERT INTO chusan_game_character (id, name, release_tag, works_name, illustrator_name, add_images) VALUES (15900, '井之原 小星／デイドリーム・フェアリーズ', 'v2 2.10.00', 'オンゲキ', 'None', '-1:,-1:,-1:,-1:,-1:,-1:,-1:,-1:,-1:');
INSERT INTO chusan_game_character (id, name, release_tag, works_name, illustrator_name, add_images) VALUES (15910, '井之原 小星／デイドリーム・エンジェルズ', 'v2 2.10.00', 'オンゲキ', 'None', '-1:,-1:,-1:,-1:,-1:,-1:,-1:,-1:,-1:');
INSERT INTO chusan_game_character (id, name, release_tag, works_name, illustrator_name, add_images) VALUES (15920, '柏木 咲姫／デイドリーム・フェアリーズ', 'v2 2.10.00', 'オンゲキ', 'None', '-1:,-1:,-1:,-1:,-1:,-1:,-1:,-1:,-1:');
INSERT INTO chusan_game_character (id, name, release_tag, works_name, illustrator_name, add_images) VALUES (15930, '柏木 咲姫／デイドリーム・エンジェルズ', 'v2 2.10.00', 'オンゲキ', 'None', '-1:,-1:,-1:,-1:,-1:,-1:,-1:,-1:,-1:');
INSERT INTO chusan_game_character (id, name, release_tag, works_name, illustrator_name, add_images) VALUES (15940, '桜井 春菜／デイドリーム・フェアリーズ', 'v2 2.10.00', 'オンゲキ', 'None', '-1:,-1:,-1:,-1:,-1:,-1:,-1:,-1:,-1:');
INSERT INTO chusan_game_character (id, name, release_tag, works_name, illustrator_name, add_images) VALUES (15950, '桜井 春菜／デイドリーム・エンジェルズ', 'v2 2.10.00', 'オンゲキ', 'None', '-1:,-1:,-1:,-1:,-1:,-1:,-1:,-1:,-1:');
INSERT INTO chusan_game_character (id, name, release_tag, works_name, illustrator_name, add_images) VALUES (15960, '早乙女 彩華／デイドリーム・フェアリーズ', 'v2 2.10.00', 'オンゲキ', 'None', '-1:,-1:,-1:,-1:,-1:,-1:,-1:,-1:,-1:');
INSERT INTO chusan_game_character (id, name, release_tag, works_name, illustrator_name, add_images) VALUES (15970, '早乙女 彩華／デイドリーム・エンジェルズ', 'v2 2.10.00', 'オンゲキ', 'None', '-1:,-1:,-1:,-1:,-1:,-1:,-1:,-1:,-1:');
INSERT INTO chusan_game_character (id, name, release_tag, works_name, illustrator_name, add_images) VALUES (15980, '九條 楓／デイドリーム・フェアリーズ', 'v2 2.10.00', 'オンゲキ', 'None', '-1:,-1:,-1:,-1:,-1:,-1:,-1:,-1:,-1:');
INSERT INTO chusan_game_character (id, name, release_tag, works_name, illustrator_name, add_images) VALUES (15990, '九條 楓／デイドリーム・エンジェルズ', 'v2 2.10.00', 'オンゲキ', 'None', '-1:,-1:,-1:,-1:,-1:,-1:,-1:,-1:,-1:');
INSERT INTO chusan_game_character (id, name, release_tag, works_name, illustrator_name, add_images) VALUES (16000, '逢坂 茜／デイドリーム・フェアリーズ', 'v2 2.10.00', 'オンゲキ', 'None', '-1:,-1:,-1:,-1:,-1:,-1:,-1:,-1:,-1:');
INSERT INTO chusan_game_character (id, name, release_tag, works_name, illustrator_name, add_images) VALUES (16010, '逢坂 茜／デイドリーム・エンジェルズ', 'v2 2.10.00', 'オンゲキ', 'None', '-1:,-1:,-1:,-1:,-1:,-1:,-1:,-1:,-1:');
INSERT INTO chusan_game_character (id, name, release_tag, works_name, illustrator_name, add_images) VALUES (16020, '珠洲島 有栖／デイドリーム・フェアリーズ', 'v2 2.10.00', 'オンゲキ', 'None', '-1:,-1:,-1:,-1:,-1:,-1:,-1:,-1:,-1:');
INSERT INTO chusan_game_character (id, name, release_tag, works_name, illustrator_name, add_images) VALUES (16030, '珠洲島 有栖／デイドリーム・エンジェルズ', 'v2 2.10.00', 'オンゲキ', 'None', '-1:,-1:,-1:,-1:,-1:,-1:,-1:,-1:,-1:');
INSERT INTO chusan_game_character (id, name, release_tag, works_name, illustrator_name, add_images) VALUES (16040, '日向 千夏／デイドリーム・フェアリーズ', 'v2 2.10.00', 'オンゲキ', 'None', '-1:,-1:,-1:,-1:,-1:,-1:,-1:,-1:,-1:');
INSERT INTO chusan_game_character (id, name, release_tag, works_name, illustrator_name, add_images) VALUES (16050, '日向 千夏／デイドリーム・エンジェルズ', 'v2 2.10.00', 'オンゲキ', 'None', '-1:,-1:,-1:,-1:,-1:,-1:,-1:,-1:,-1:');
INSERT INTO chusan_game_character (id, name, release_tag, works_name, illustrator_name, add_images) VALUES (16060, '柏木 美亜／デイドリーム・フェアリーズ', 'v2 2.10.00', 'オンゲキ', 'None', '-1:,-1:,-1:,-1:,-1:,-1:,-1:,-1:,-1:');
INSERT INTO chusan_game_character (id, name, release_tag, works_name, illustrator_name, add_images) VALUES (16070, '柏木 美亜／デイドリーム・エンジェルズ', 'v2 2.10.00', 'オンゲキ', 'None', '-1:,-1:,-1:,-1:,-1:,-1:,-1:,-1:,-1:');
INSERT INTO chusan_game_character (id, name, release_tag, works_name, illustrator_name, add_images) VALUES (16080, '東雲 つむぎ／デイドリーム・フェアリーズ', 'v2 2.10.00', 'オンゲキ', 'None', '-1:,-1:,-1:,-1:,-1:,-1:,-1:,-1:,-1:');
INSERT INTO chusan_game_character (id, name, release_tag, works_name, illustrator_name, add_images) VALUES (16090, '東雲 つむぎ／デイドリーム・エンジェルズ', 'v2 2.10.00', 'オンゲキ', 'None', '-1:,-1:,-1:,-1:,-1:,-1:,-1:,-1:,-1:');
INSERT INTO chusan_game_character (id, name, release_tag, works_name, illustrator_name, add_images) VALUES (16100, '皇城 セツナ／デイドリーム・フェアリーズ', 'v2 2.10.00', 'オンゲキ', 'None', '-1:,-1:,-1:,-1:,-1:,-1:,-1:,-1:,-1:');
INSERT INTO chusan_game_character (id, name, release_tag, works_name, illustrator_name, add_images) VALUES (16110, '皇城 セツナ／デイドリーム・エンジェルズ', 'v2 2.10.00', 'オンゲキ', 'None', '-1:,-1:,-1:,-1:,-1:,-1:,-1:,-1:,-1:');
INSERT INTO chusan_game_character (id, name, release_tag, works_name, illustrator_name, add_images) VALUES (16210, '井之原 小星／パンダ親分はサボりたい', 'v2 2.10.00', 'オンゲキ', 'None', '-1:,-1:,-1:,-1:,-1:,-1:,-1:,-1:,-1:');
INSERT INTO chusan_game_character (id, name, release_tag, works_name, illustrator_name, add_images) VALUES (16220, '柏木 咲姫／祝福のマリアージュ', 'v2 2.10.00', 'オンゲキ', 'None', '-1:,-1:,-1:,-1:,-1:,-1:,-1:,-1:,-1:');
INSERT INTO chusan_game_character (id, name, release_tag, works_name, illustrator_name, add_images) VALUES (16230, '桜井 春菜／スイート＆スイート', 'v2 2.10.00', 'オンゲキ', 'None', '-1:,-1:,-1:,-1:,-1:,-1:,-1:,-1:,-1:');
INSERT INTO chusan_game_character (id, name, release_tag, works_name, illustrator_name, add_images) VALUES (16240, '早乙女 彩華／闇夜の挑戦状', 'v2 2.10.00', 'オンゲキ', 'None', '-1:,-1:,-1:,-1:,-1:,-1:,-1:,-1:,-1:');
INSERT INTO `chusan_game_event` (`id`, `end_date`, `start_date`, `type`, `enable`) VALUES (14, '2029-01-01 00:00:00.000000', '2019-01-01 00:00:00.000000',6, 1);
INSERT INTO `chusan_game_event` (`id`, `end_date`, `start_date`, `type`, `enable`) VALUES (1005, '2029-01-01 00:00:00.000000', '2019-01-01 00:00:00.000000',1, 0);
INSERT INTO `chusan_game_event` (`id`, `end_date`, `start_date`, `type`, `enable`) VALUES (2211, '2029-01-01 00:00:00.000000', '2019-01-01 00:00:00.000000',13, 1);
INSERT INTO `chusan_game_event` (`id`, `end_date`, `start_date`, `type`, `enable`) VALUES (2212, '2029-01-01 00:00:00.000000', '2019-01-01 00:00:00.000000',13, 1);
INSERT INTO `chusan_game_event` (`id`, `end_date`, `start_date`, `type`, `enable`) VALUES (2301, '2029-01-01 00:00:00.000000', '2019-01-01 00:00:00.000000',13, 1);
INSERT INTO `chusan_game_event` (`id`, `end_date`, `start_date`, `type`, `enable`) VALUES (2302, '2029-01-01 00:00:00.000000', '2019-01-01 00:00:00.000000',13, 1);
INSERT INTO `chusan_game_event` (`id`, `end_date`, `start_date`, `type`, `enable`) VALUES (2303, '2029-01-01 00:00:00.000000', '2019-01-01 00:00:00.000000',13, 1);
INSERT INTO `chusan_game_event` (`id`, `end_date`, `start_date`, `type`, `enable`) VALUES (2304, '2029-01-01 00:00:00.000000', '2019-01-01 00:00:00.000000',13, 1);
INSERT INTO `chusan_game_event` (`id`, `end_date`, `start_date`, `type`, `enable`) VALUES (2305, '2029-01-01 00:00:00.000000', '2019-01-01 00:00:00.000000',13, 1);
INSERT INTO `chusan_game_event` (`id`, `end_date`, `start_date`, `type`, `enable`) VALUES (12000, '2029-01-01 00:00:00.000000', '2019-01-01 00:00:00.000000',3, 1);
INSERT INTO `chusan_game_event` (`id`, `end_date`, `start_date`, `type`, `enable`) VALUES (12001, '2029-01-01 00:00:00.000000', '2019-01-01 00:00:00.000000',1, 0);
INSERT INTO `chusan_game_event` (`id`, `end_date`, `start_date`, `type`, `enable`) VALUES (12002, '2029-01-01 00:00:00.000000', '2019-01-01 00:00:00.000000',1, 0);
INSERT INTO `chusan_game_event` (`id`, `end_date`, `start_date`, `type`, `enable`) VALUES (12003, '2029-01-01 00:00:00.000000', '2019-01-01 00:00:00.000000',3, 1);
INSERT INTO `chusan_game_event` (`id`, `end_date`, `start_date`, `type`, `enable`) VALUES (12004, '2029-01-01 00:00:00.000000', '2019-01-01 00:00:00.000000',2, 1);
INSERT INTO `chusan_game_event` (`id`, `end_date`, `start_date`, `type`, `enable`) VALUES (12005, '2029-01-01 00:00:00.000000', '2019-01-01 00:00:00.000000',1, 0);
INSERT INTO `chusan_game_event` (`id`, `end_date`, `start_date`, `type`, `enable`) VALUES (12006, '2029-01-01 00:00:00.000000', '2019-01-01 00:00:00.000000',2, 1);
INSERT INTO `chusan_game_event` (`id`, `end_date`, `start_date`, `type`, `enable`) VALUES (12007, '2029-01-01 00:00:00.000000', '2019-01-01 00:00:00.000000',1, 0);
INSERT INTO `chusan_game_event` (`id`, `end_date`, `start_date`, `type`, `enable`) VALUES (12008, '2029-01-01 00:00:00.000000', '2019-01-01 00:00:00.000000',2, 1);
INSERT INTO `chusan_game_event` (`id`, `end_date`, `start_date`, `type`, `enable`) VALUES (12017, '2029-01-01 00:00:00.000000', '2019-01-01 00:00:00.000000',1, 0);
INSERT INTO `chusan_game_event` (`id`, `end_date`, `start_date`, `type`, `enable`) VALUES (12018, '2029-01-01 00:00:00.000000', '2019-01-01 00:00:00.000000',2, 1);
INSERT INTO `chusan_game_event` (`id`, `end_date`, `start_date`, `type`, `enable`) VALUES (12019, '2029-01-01 00:00:00.000000', '2019-01-01 00:00:00.000000',2, 1);
INSERT INTO `chusan_game_event` (`id`, `end_date`, `start_date`, `type`, `enable`) VALUES (12020, '2029-01-01 00:00:00.000000', '2019-01-01 00:00:00.000000',1, 0);
INSERT INTO `chusan_game_event` (`id`, `end_date`, `start_date`, `type`, `enable`) VALUES (12021, '2029-01-01 00:00:00.000000', '2019-01-01 00:00:00.000000',2, 1);
INSERT INTO `chusan_game_event` (`id`, `end_date`, `start_date`, `type`, `enable`) VALUES (12022, '2029-01-01 00:00:00.000000', '2019-01-01 00:00:00.000000',2, 1);
INSERT INTO `chusan_game_event` (`id`, `end_date`, `start_date`, `type`, `enable`) VALUES (12023, '2029-01-01 00:00:00.000000', '2019-01-01 00:00:00.000000',2, 1);
INSERT INTO `chusan_game_event` (`id`, `end_date`, `start_date`, `type`, `enable`) VALUES (12024, '2029-01-01 00:00:00.000000', '2019-01-01 00:00:00.000000',1, 0);
INSERT INTO `chusan_game_event` (`id`, `end_date`, `start_date`, `type`, `enable`) VALUES (12025, '2029-01-01 00:00:00.000000', '2019-01-01 00:00:00.000000',2, 1);
INSERT INTO `chusan_game_event` (`id`, `end_date`, `start_date`, `type`, `enable`) VALUES (12026, '2029-01-01 00:00:00.000000', '2019-01-01 00:00:00.000000',8, 1);
INSERT INTO `chusan_game_event` (`id`, `end_date`, `start_date`, `type`, `enable`) VALUES (12027, '2029-01-01 00:00:00.000000', '2019-01-01 00:00:00.000000',1, 0);
INSERT INTO `chusan_game_event` (`id`, `end_date`, `start_date`, `type`, `enable`) VALUES (12028, '2029-01-01 00:00:00.000000', '2019-01-01 00:00:00.000000',2, 1);
INSERT INTO `chusan_game_event` (`id`, `end_date`, `start_date`, `type`, `enable`) VALUES (12029, '2029-01-01 00:00:00.000000', '2019-01-01 00:00:00.000000',8, 1);
INSERT INTO `chusan_game_event` (`id`, `end_date`, `start_date`, `type`, `enable`) VALUES (12030, '2029-01-01 00:00:00.000000', '2019-01-01 00:00:00.000000',1, 0);
INSERT INTO `chusan_game_event` (`id`, `end_date`, `start_date`, `type`, `enable`) VALUES (12031, '2029-01-01 00:00:00.000000', '2019-01-01 00:00:00.000000',2, 1);
INSERT INTO `chusan_game_event` (`id`, `end_date`, `start_date`, `type`, `enable`) VALUES (12032, '2029-01-01 00:00:00.000000', '2019-01-01 00:00:00.000000',8, 1);
INSERT INTO `chusan_game_event` (`id`, `end_date`, `start_date`, `type`, `enable`) VALUES (12033, '2029-01-01 00:00:00.000000', '2019-01-01 00:00:00.000000',1, 0);
INSERT INTO `chusan_game_event` (`id`, `end_date`, `start_date`, `type`, `enable`) VALUES (12034, '2029-01-01 00:00:00.000000', '2019-01-01 00:00:00.000000',2, 1);
INSERT INTO `chusan_game_event` (`id`, `end_date`, `start_date`, `type`, `enable`) VALUES (12035, '2029-01-01 00:00:00.000000', '2019-01-01 00:00:00.000000',8, 1);
INSERT INTO `chusan_game_event` (`id`, `end_date`, `start_date`, `type`, `enable`) VALUES (12036, '2029-01-01 00:00:00.000000', '2019-01-01 00:00:00.000000',2, 1);
INSERT INTO `chusan_game_event` (`id`, `end_date`, `start_date`, `type`, `enable`) VALUES (12037, '2029-01-01 00:00:00.000000', '2019-01-01 00:00:00.000000',2, 1);
INSERT INTO `chusan_game_event` (`id`, `end_date`, `start_date`, `type`, `enable`) VALUES (12038, '2029-01-01 00:00:00.000000', '2019-01-01 00:00:00.000000',1, 0);
INSERT INTO `chusan_game_event` (`id`, `end_date`, `start_date`, `type`, `enable`) VALUES (12039, '2029-01-01 00:00:00.000000', '2019-01-01 00:00:00.000000',2, 1);
INSERT INTO `chusan_game_event` (`id`, `end_date`, `start_date`, `type`, `enable`) VALUES (12040, '2029-01-01 00:00:00.000000', '2019-01-01 00:00:00.000000',1, 0);
INSERT INTO `chusan_game_event` (`id`, `end_date`, `start_date`, `type`, `enable`) VALUES (12041, '2029-01-01 00:00:00.000000', '2019-01-01 00:00:00.000000',9, 1);
INSERT INTO `chusan_game_event` (`id`, `end_date`, `start_date`, `type`, `enable`) VALUES (12042, '2029-01-01 00:00:00.000000', '2019-01-01 00:00:00.000000',1, 0);
INSERT INTO `chusan_game_event` (`id`, `end_date`, `start_date`, `type`, `enable`) VALUES (12043, '2029-01-01 00:00:00.000000', '2019-01-01 00:00:00.000000',8, 1);
INSERT INTO `chusan_game_event` (`id`, `end_date`, `start_date`, `type`, `enable`) VALUES (12044, '2029-01-01 00:00:00.000000', '2019-01-01 00:00:00.000000',1, 0);
INSERT INTO `chusan_game_event` (`id`, `end_date`, `start_date`, `type`, `enable`) VALUES (12045, '2029-01-01 00:00:00.000000', '2019-01-01 00:00:00.000000',10, 1);
INSERT INTO `chusan_game_event` (`id`, `end_date`, `start_date`, `type`, `enable`) VALUES (12046, '2029-01-01 00:00:00.000000', '2019-01-01 00:00:00.000000',1, 0);
INSERT INTO `chusan_game_event` (`id`, `end_date`, `start_date`, `type`, `enable`) VALUES (12047, '2029-01-01 00:00:00.000000', '2019-01-01 00:00:00.000000',12, 1);
INSERT INTO `chusan_game_event` (`id`, `end_date`, `start_date`, `type`, `enable`) VALUES (12048, '2029-01-01 00:00:00.000000', '2019-01-01 00:00:00.000000',7, 1);
INSERT INTO `chusan_game_event` (`id`, `end_date`, `start_date`, `type`, `enable`) VALUES (12049, '2029-01-01 00:00:00.000000', '2019-01-01 00:00:00.000000',7, 1);
INSERT INTO `chusan_game_event` (`id`, `end_date`, `start_date`, `type`, `enable`) VALUES (12050, '2029-01-01 00:00:00.000000', '2019-01-01 00:00:00.000000',3, 1);
INSERT INTO `chusan_game_event` (`id`, `end_date`, `start_date`, `type`, `enable`) VALUES (12051, '2029-01-01 00:00:00.000000', '2019-01-01 00:00:00.000000',1, 0);
INSERT INTO `chusan_game_event` (`id`, `end_date`, `start_date`, `type`, `enable`) VALUES (12052, '2029-01-01 00:00:00.000000', '2019-01-01 00:00:00.000000',3, 1);
INSERT INTO `chusan_game_event` (`id`, `end_date`, `start_date`, `type`, `enable`) VALUES (12053, '2029-01-01 00:00:00.000000', '2019-01-01 00:00:00.000000',3, 1);
INSERT INTO `chusan_game_event` (`id`, `end_date`, `start_date`, `type`, `enable`) VALUES (12054, '2029-01-01 00:00:00.000000', '2019-01-01 00:00:00.000000',5, 1);
INSERT INTO `chusan_game_event` (`id`, `end_date`, `start_date`, `type`, `enable`) VALUES (12055, '2029-01-01 00:00:00.000000', '2019-01-01 00:00:00.000000',3, 1);
INSERT INTO `chusan_game_event` (`id`, `end_date`, `start_date`, `type`, `enable`) VALUES (12056, '2029-01-01 00:00:00.000000', '2019-01-01 00:00:00.000000',11, 1);
INSERT INTO chusan_mapicon (id, name) VALUES (48, 'エイハヴ');
INSERT INTO chusan_nameplate (id, name) VALUES (10080, 'モブサイコ100 Ⅲ 【1】');
INSERT INTO chusan_nameplate (id, name) VALUES (10081, 'モブサイコ100 Ⅲ 【2】');
INSERT INTO chusan_nameplate (id, name) VALUES (10082, 'ヘブンバーンズレッド 【1】');
INSERT INTO chusan_nameplate (id, name) VALUES (10083, 'ヘブンバーンズレッド 【2】');
INSERT INTO chusan_nameplate (id, name) VALUES (10084, 'ヘブンバーンズレッド 【3】');
INSERT INTO chusan_nameplate (id, name) VALUES (10085, '青春ブタ野郎はバニーガール先輩の夢を見ない 【4】');
INSERT INTO chusan_nameplate (id, name) VALUES (10086, 'ダンベル何キロ持てる？ 【3】');
INSERT INTO chusan_nameplate (id, name) VALUES (20011, '最後の審判 ～ abyss of despair');
INSERT INTO chusan_nameplate (id, name) VALUES (25015, 'エイハヴ');
INSERT INTO chusan_nameplate (id, name) VALUES (41000, '♥♥♥星咲 あかり♥♥♥');
INSERT INTO chusan_nameplate (id, name) VALUES (41001, '♥♥♥藤沢 柚子♥♥♥');
INSERT INTO chusan_nameplate (id, name) VALUES (41002, '♥♥♥三角 葵♥♥♥');
INSERT INTO chusan_nameplate (id, name) VALUES (41003, '♥♥♥高瀬 梨緒♥♥♥');
INSERT INTO chusan_nameplate (id, name) VALUES (41004, '♥♥♥結城 莉玖♥♥♥');
INSERT INTO chusan_nameplate (id, name) VALUES (41005, '♥♥♥藍原 椿♥♥♥');
INSERT INTO chusan_nameplate (id, name) VALUES (41006, '♥♥♥早乙女 彩華♥♥♥');
INSERT INTO chusan_nameplate (id, name) VALUES (41007, '♥♥♥桜井 春菜♥♥♥');
INSERT INTO chusan_nameplate (id, name) VALUES (41008, '♥♥♥九條 楓♥♥♥');
INSERT INTO chusan_nameplate (id, name) VALUES (41009, '♥♥♥柏木 咲姫♥♥♥');
INSERT INTO chusan_nameplate (id, name) VALUES (41010, '♥♥♥井之原 小星♥♥♥');
INSERT INTO chusan_nameplate (id, name) VALUES (41011, '♥♥♥逢坂 茜♥♥♥');
INSERT INTO chusan_nameplate (id, name) VALUES (41012, '♥♥♥珠洲島 有栖♥♥♥');
INSERT INTO chusan_nameplate (id, name) VALUES (41013, '♥♥♥柏木 美亜♥♥♥');
INSERT INTO chusan_nameplate (id, name) VALUES (41014, '♥♥♥日向 千夏♥♥♥');
INSERT INTO chusan_nameplate (id, name) VALUES (41015, '♥♥♥東雲 つむぎ♥♥♥');
INSERT INTO chusan_nameplate (id, name) VALUES (41016, '♥♥♥皇城 セツナ♥♥♥');
INSERT INTO chusan_music (music_id, artist_name, genre, name, release_version, sort_name) VALUES (428, 'LeaF', 6, 'Aleph-0', 'v2 2.10.00', 'ALEPH0');
INSERT INTO chusan_music (music_id, artist_name, genre, name, release_version, sort_name) VALUES (2254, 'MOB CHOIR「モブサイコ100 Ⅲ」', 0, '1', 'v2 2.10.00', '1');
INSERT INTO chusan_music (music_id, artist_name, genre, name, release_version, sort_name) VALUES (2255, '麻枝 准×やなぎなぎ「ヘブンバーンズレッド」', 0, 'Before I Rise', 'v2 2.10.00', 'BEFOREIRISE');
INSERT INTO chusan_music (music_id, artist_name, genre, name, release_version, sort_name) VALUES (2257, 'Official髭男dism TVアニメ『SPY×FAMILY』オープニング主題歌', 0, 'ミックスナッツ', 'v2 2.10.00', 'ミツクスナツツ');
INSERT INTO chusan_music (music_id, artist_name, genre, name, release_version, sort_name) VALUES (2258, 'Ado', 0, '阿修羅ちゃん', 'v2 2.10.00', 'アシユラチヤン');
INSERT INTO chusan_music (music_id, artist_name, genre, name, release_version, sort_name) VALUES (2259, 'meiyo', 0, 'なにやってもうまくいかない', 'v2 2.10.00', 'ナニヤツテモウマクイカナイ');
INSERT INTO chusan_music (music_id, artist_name, genre, name, release_version, sort_name) VALUES (2260, 'スペシャルウィーク (CV.和氣あず未)、サイレンススズカ (CV.高野麻里佳)、トウカイテイオー(CV.Machico)、ウオッカ (CV.大橋彩香)、ダイワスカーレット (CV.木村千咲)、ゴールドシップ (CV.上田 瞳)、メジロマックイーン (CV.大西沙織)「ウマ娘 プリティーダービー Season 2」', 0, 'ユメヲカケル！', 'v2 2.10.00', 'ユメヲカケル');
INSERT INTO chusan_music (music_id, artist_name, genre, name, release_version, sort_name) VALUES (2261, '黒鉄たま (CV: 秋奈)「電音部」', 0, 'いただきバベル (Prod. ケンモチヒデフミ)', 'v2 2.10.00', 'イタタキハヘルPRODケンモチヒテフミ');
INSERT INTO chusan_music (music_id, artist_name, genre, name, release_version, sort_name) VALUES (2262, 'syudou　feat.音楽的同位体　可不（KAFU）', 2, 'キュートなカノジョ', 'v2 2.10.00', 'キユウトナカノシヨ');
INSERT INTO chusan_music (music_id, artist_name, genre, name, release_version, sort_name) VALUES (2263, 'ピノキオピー', 2, '神っぽいな', 'v2 2.10.00', 'カミツホイナ');
INSERT INTO chusan_music (music_id, artist_name, genre, name, release_version, sort_name) VALUES (2264, 'sasakure.UK', 2, 'トンデモワンダーズ', 'v2 2.10.00', 'トンテモワンタウス');
INSERT INTO chusan_music (music_id, artist_name, genre, name, release_version, sort_name) VALUES (2265, '七条レタスグループ', 3, 'スカーレット警察のゲットーパトロール24時', 'v2 2.10.00', 'スカウレツトケイサツノケツトウハトロウル24シ');
INSERT INTO chusan_music (music_id, artist_name, genre, name, release_version, sort_name) VALUES (2266, 'Ryu☆', 6, 'I''m so Happy', 'v2 2.10.00', 'IMSOHAPPY');
INSERT INTO chusan_music (music_id, artist_name, genre, name, release_version, sort_name) VALUES (2267, 'Sobrem × Silentroom', 6, 'Random', 'v2 2.10.00', 'RANDOM');
INSERT INTO chusan_music (music_id, artist_name, genre, name, release_version, sort_name) VALUES (2268, '舞ヶ原シンセ研究会', 7, '超Rock The Party', 'v2 2.10.00', 'チヨウROCKTHEPARTY');
INSERT INTO chusan_music (music_id, artist_name, genre, name, release_version, sort_name) VALUES (2269, 'すりぃ×相沢', 9, 'アンビバレンス', 'v2 2.10.00', 'アンヒハレンス');
INSERT INTO chusan_music (music_id, artist_name, genre, name, release_version, sort_name) VALUES (2270, 'かねこちはる', 9, 'TEmPTaTiON', 'v2 2.10.00', 'TEMPTATION');
INSERT INTO chusan_music (music_id, artist_name, genre, name, release_version, sort_name) VALUES (2271, 'kanone', 9, 'Falsum Atlantis.', 'v2 2.10.00', 'FALSUMATLANTIS');
INSERT INTO chusan_music (music_id, artist_name, genre, name, release_version, sort_name) VALUES (2272, 'Sound piercer “Espitz”', 9, 'ミラージュ・フレイグランス', 'v2 2.10.00', 'ミラウシユフレイクランス');
INSERT INTO chusan_music (music_id, artist_name, genre, name, release_version, sort_name) VALUES (2273, 'ツミキ feat.月乃', 5, 'インパアフェクシオン・ホワイトガアル', 'v2 2.10.00', 'インハアフエクシオンホワイトカアル');
INSERT INTO chusan_music (music_id, artist_name, genre, name, release_version, sort_name) VALUES (2274, '遼遼 feat.あじっこ', 5, 'クリーパー', 'v2 2.10.00', 'クリウハウ');
INSERT INTO chusan_music (music_id, artist_name, genre, name, release_version, sort_name) VALUES (2275, 'パソコン音楽クラブ', 5, 'Ignition', 'v2 2.10.00', 'IGNITION');
INSERT INTO chusan_music (music_id, artist_name, genre, name, release_version, sort_name) VALUES (2276, '桃井はるこ', 5, '推してもダメならひいてみな！', 'v2 2.10.00', 'オシテモタメナラヒイテミナ');
INSERT INTO chusan_music (music_id, artist_name, genre, name, release_version, sort_name) VALUES (2277, '森羅万象', 5, 'ガチ恋ラビリンス', 'v2 2.10.00', 'カチコイラヒリンス');
INSERT INTO chusan_music (music_id, artist_name, genre, name, release_version, sort_name) VALUES (2278, '山本真央樹', 5, 'CELERITAS', 'v2 2.10.00', 'CELERITAS');
INSERT INTO chusan_music (music_id, artist_name, genre, name, release_version, sort_name) VALUES (2279, '削除', 5, 'グラウンドスライダー協奏曲第一番「風唄」', 'v2 2.10.00', 'クラウントスライタウキヨウソウキヨクタイイチハンカセウタ');
INSERT INTO chusan_music (music_id, artist_name, genre, name, release_version, sort_name) VALUES (2280, 'MaiR', 5, 'Crawler / Flyer', 'v2 2.10.00', 'CRAWLERFLYER');
INSERT INTO chusan_music (music_id, artist_name, genre, name, release_version, sort_name) VALUES (2281, 'BOOGEY VOXX feat.IURA TOI', 5, 'Re:Credits', 'v2 2.10.00', 'RECREDITS');
INSERT INTO chusan_music (music_id, artist_name, genre, name, release_version, sort_name) VALUES (2282, 'Yaca × gaburyu', 5, 'Cheat Sheet', 'v2 2.10.00', 'CHEATSHEET');
INSERT INTO chusan_music (music_id, artist_name, genre, name, release_version, sort_name) VALUES (2283, 'MonsterZ MATE', 5, 'One Room Sky', 'v2 2.10.00', 'ONEROOMSKY');
INSERT INTO chusan_music (music_id, artist_name, genre, name, release_version, sort_name) VALUES (2294, '曲：山本恭平（Arte Refact）／歌：桜井 春菜(CV：近藤 玲奈)、早乙女 彩華(CV：中島 唯)、井之原 小星(CV：ももの はるな)、柏木 咲姫(CV：石見 舞菜香)', 9, 'Girl''s Party Planet!', 'v2 2.10.00', 'GIRLSPARTYPLANET');
INSERT INTO chusan_music (music_id, artist_name, genre, name, release_version, sort_name) VALUES (2373, 'She is Legend「ヘブンバーンズレッド」', 0, 'Burn My Soul', 'v2 2.10.00', 'BURNMYSOUL');
INSERT INTO chusan_music (music_id, artist_name, genre, name, release_version, sort_name) VALUES (8244, 'Sobrem × Silentroom', 6, 'Random', 'v2 2.10.00', 'RANDOM');
INSERT INTO chusan_music (music_id, artist_name, genre, name, release_version, sort_name) VALUES (8245, 'Sobrem × Silentroom', 6, 'Random', 'v2 2.10.00', 'RANDOM');
INSERT INTO chusan_music (music_id, artist_name, genre, name, release_version, sort_name) VALUES (8246, 'Sobrem × Silentroom', 6, 'Random', 'v2 2.10.00', 'RANDOM');
INSERT INTO chusan_music (music_id, artist_name, genre, name, release_version, sort_name) VALUES (8247, 'Sobrem × Silentroom', 6, 'Random', 'v2 2.10.00', 'RANDOM');
INSERT INTO chusan_music (music_id, artist_name, genre, name, release_version, sort_name) VALUES (8248, 'Sobrem × Silentroom', 6, 'Random', 'v2 2.10.00', 'RANDOM');
INSERT INTO chusan_music (music_id, artist_name, genre, name, release_version, sort_name) VALUES (8249, 'Sobrem × Silentroom', 6, 'Random', 'v2 2.10.00', 'RANDOM');
INSERT INTO chusan_music (music_id, artist_name, genre, name, release_version, sort_name) VALUES (8250, 'Roselia「バンドリ！ ガールズバンドパーティ！」', 0, 'FIRE BIRD', 'v2 2.10.00', 'FIREBIRD');
INSERT INTO chusan_music (music_id, artist_name, genre, name, release_version, sort_name) VALUES (8251, 'owl＊tree', 9, 'Baqeela', 'v2 2.10.00', 'BAQEELA');
INSERT INTO chusan_music (music_id, artist_name, genre, name, release_version, sort_name) VALUES (8252, '曲：本多友紀（Arte Refact）／歌：日向 千夏(CV：岡咲 美保)', 9, 'まっすぐ→→→ストリーム！', 'v2 2.10.00', 'マツスクストリウム');
INSERT INTO chusan_music_level (diff, enable, level, level_decimal, music_id) VALUES (0, 1, 6, 0, 428);
INSERT INTO chusan_music_level (diff, enable, level, level_decimal, music_id) VALUES (1, 1, 9, 50, 428);
INSERT INTO chusan_music_level (diff, enable, level, level_decimal, music_id) VALUES (2, 1, 14, 10, 428);
INSERT INTO chusan_music_level (diff, enable, level, level_decimal, music_id) VALUES (3, 1, 14, 70, 428);
INSERT INTO chusan_music_level (diff, enable, level, level_decimal, music_id) VALUES (4, 1, 15, 0, 428);
INSERT INTO chusan_music_level (diff, enable, level, level_decimal, music_id) VALUES (5, 0, 0, 0, 428);
INSERT INTO chusan_music_level (diff, enable, level, level_decimal, music_id) VALUES (0, 1, 3, 0, 2254);
INSERT INTO chusan_music_level (diff, enable, level, level_decimal, music_id) VALUES (1, 1, 5, 0, 2254);
INSERT INTO chusan_music_level (diff, enable, level, level_decimal, music_id) VALUES (2, 1, 10, 0, 2254);
INSERT INTO chusan_music_level (diff, enable, level, level_decimal, music_id) VALUES (3, 1, 13, 10, 2254);
INSERT INTO chusan_music_level (diff, enable, level, level_decimal, music_id) VALUES (4, 0, 0, 0, 2254);
INSERT INTO chusan_music_level (diff, enable, level, level_decimal, music_id) VALUES (5, 0, 0, 0, 2254);
INSERT INTO chusan_music_level (diff, enable, level, level_decimal, music_id) VALUES (0, 1, 2, 0, 2255);
INSERT INTO chusan_music_level (diff, enable, level, level_decimal, music_id) VALUES (1, 1, 5, 0, 2255);
INSERT INTO chusan_music_level (diff, enable, level, level_decimal, music_id) VALUES (2, 1, 8, 50, 2255);
INSERT INTO chusan_music_level (diff, enable, level, level_decimal, music_id) VALUES (3, 1, 11, 90, 2255);
INSERT INTO chusan_music_level (diff, enable, level, level_decimal, music_id) VALUES (4, 0, 0, 0, 2255);
INSERT INTO chusan_music_level (diff, enable, level, level_decimal, music_id) VALUES (5, 0, 0, 0, 2255);
INSERT INTO chusan_music_level (diff, enable, level, level_decimal, music_id) VALUES (0, 1, 2, 0, 2257);
INSERT INTO chusan_music_level (diff, enable, level, level_decimal, music_id) VALUES (1, 1, 5, 0, 2257);
INSERT INTO chusan_music_level (diff, enable, level, level_decimal, music_id) VALUES (2, 1, 9, 0, 2257);
INSERT INTO chusan_music_level (diff, enable, level, level_decimal, music_id) VALUES (3, 1, 12, 70, 2257);
INSERT INTO chusan_music_level (diff, enable, level, level_decimal, music_id) VALUES (4, 0, 0, 0, 2257);
INSERT INTO chusan_music_level (diff, enable, level, level_decimal, music_id) VALUES (5, 0, 0, 0, 2257);
INSERT INTO chusan_music_level (diff, enable, level, level_decimal, music_id) VALUES (0, 1, 3, 0, 2258);
INSERT INTO chusan_music_level (diff, enable, level, level_decimal, music_id) VALUES (1, 1, 5, 0, 2258);
INSERT INTO chusan_music_level (diff, enable, level, level_decimal, music_id) VALUES (2, 1, 9, 0, 2258);
INSERT INTO chusan_music_level (diff, enable, level, level_decimal, music_id) VALUES (3, 1, 12, 60, 2258);
INSERT INTO chusan_music_level (diff, enable, level, level_decimal, music_id) VALUES (4, 0, 0, 0, 2258);
INSERT INTO chusan_music_level (diff, enable, level, level_decimal, music_id) VALUES (5, 0, 0, 0, 2258);
INSERT INTO chusan_music_level (diff, enable, level, level_decimal, music_id) VALUES (0, 1, 2, 0, 2259);
INSERT INTO chusan_music_level (diff, enable, level, level_decimal, music_id) VALUES (1, 1, 5, 0, 2259);
INSERT INTO chusan_music_level (diff, enable, level, level_decimal, music_id) VALUES (2, 1, 9, 50, 2259);
INSERT INTO chusan_music_level (diff, enable, level, level_decimal, music_id) VALUES (3, 1, 12, 70, 2259);
INSERT INTO chusan_music_level (diff, enable, level, level_decimal, music_id) VALUES (4, 0, 0, 0, 2259);
INSERT INTO chusan_music_level (diff, enable, level, level_decimal, music_id) VALUES (5, 0, 0, 0, 2259);
INSERT INTO chusan_music_level (diff, enable, level, level_decimal, music_id) VALUES (0, 1, 3, 0, 2260);
INSERT INTO chusan_music_level (diff, enable, level, level_decimal, music_id) VALUES (1, 1, 6, 0, 2260);
INSERT INTO chusan_music_level (diff, enable, level, level_decimal, music_id) VALUES (2, 1, 9, 50, 2260);
INSERT INTO chusan_music_level (diff, enable, level, level_decimal, music_id) VALUES (3, 1, 12, 90, 2260);
INSERT INTO chusan_music_level (diff, enable, level, level_decimal, music_id) VALUES (4, 0, 0, 0, 2260);
INSERT INTO chusan_music_level (diff, enable, level, level_decimal, music_id) VALUES (5, 0, 0, 0, 2260);
INSERT INTO chusan_music_level (diff, enable, level, level_decimal, music_id) VALUES (0, 1, 3, 0, 2261);
INSERT INTO chusan_music_level (diff, enable, level, level_decimal, music_id) VALUES (1, 1, 6, 0, 2261);
INSERT INTO chusan_music_level (diff, enable, level, level_decimal, music_id) VALUES (2, 1, 10, 0, 2261);
INSERT INTO chusan_music_level (diff, enable, level, level_decimal, music_id) VALUES (3, 1, 13, 0, 2261);
INSERT INTO chusan_music_level (diff, enable, level, level_decimal, music_id) VALUES (4, 0, 0, 0, 2261);
INSERT INTO chusan_music_level (diff, enable, level, level_decimal, music_id) VALUES (5, 0, 0, 0, 2261);
INSERT INTO chusan_music_level (diff, enable, level, level_decimal, music_id) VALUES (0, 1, 3, 0, 2262);
INSERT INTO chusan_music_level (diff, enable, level, level_decimal, music_id) VALUES (1, 1, 6, 0, 2262);
INSERT INTO chusan_music_level (diff, enable, level, level_decimal, music_id) VALUES (2, 1, 9, 0, 2262);
INSERT INTO chusan_music_level (diff, enable, level, level_decimal, music_id) VALUES (3, 1, 12, 90, 2262);
INSERT INTO chusan_music_level (diff, enable, level, level_decimal, music_id) VALUES (4, 0, 0, 0, 2262);
INSERT INTO chusan_music_level (diff, enable, level, level_decimal, music_id) VALUES (5, 0, 0, 0, 2262);
INSERT INTO chusan_music_level (diff, enable, level, level_decimal, music_id) VALUES (0, 1, 2, 0, 2263);
INSERT INTO chusan_music_level (diff, enable, level, level_decimal, music_id) VALUES (1, 1, 5, 0, 2263);
INSERT INTO chusan_music_level (diff, enable, level, level_decimal, music_id) VALUES (2, 1, 9, 50, 2263);
INSERT INTO chusan_music_level (diff, enable, level, level_decimal, music_id) VALUES (3, 1, 12, 50, 2263);
INSERT INTO chusan_music_level (diff, enable, level, level_decimal, music_id) VALUES (4, 0, 0, 0, 2263);
INSERT INTO chusan_music_level (diff, enable, level, level_decimal, music_id) VALUES (5, 0, 0, 0, 2263);
INSERT INTO chusan_music_level (diff, enable, level, level_decimal, music_id) VALUES (0, 1, 3, 0, 2264);
INSERT INTO chusan_music_level (diff, enable, level, level_decimal, music_id) VALUES (1, 1, 6, 0, 2264);
INSERT INTO chusan_music_level (diff, enable, level, level_decimal, music_id) VALUES (2, 1, 11, 30, 2264);
INSERT INTO chusan_music_level (diff, enable, level, level_decimal, music_id) VALUES (3, 1, 13, 90, 2264);
INSERT INTO chusan_music_level (diff, enable, level, level_decimal, music_id) VALUES (4, 0, 0, 0, 2264);
INSERT INTO chusan_music_level (diff, enable, level, level_decimal, music_id) VALUES (5, 0, 0, 0, 2264);
INSERT INTO chusan_music_level (diff, enable, level, level_decimal, music_id) VALUES (0, 1, 3, 0, 2265);
INSERT INTO chusan_music_level (diff, enable, level, level_decimal, music_id) VALUES (1, 1, 5, 0, 2265);
INSERT INTO chusan_music_level (diff, enable, level, level_decimal, music_id) VALUES (2, 1, 9, 0, 2265);
INSERT INTO chusan_music_level (diff, enable, level, level_decimal, music_id) VALUES (3, 1, 13, 70, 2265);
INSERT INTO chusan_music_level (diff, enable, level, level_decimal, music_id) VALUES (4, 0, 0, 0, 2265);
INSERT INTO chusan_music_level (diff, enable, level, level_decimal, music_id) VALUES (5, 0, 0, 0, 2265);
INSERT INTO chusan_music_level (diff, enable, level, level_decimal, music_id) VALUES (0, 1, 4, 0, 2266);
INSERT INTO chusan_music_level (diff, enable, level, level_decimal, music_id) VALUES (1, 1, 8, 50, 2266);
INSERT INTO chusan_music_level (diff, enable, level, level_decimal, music_id) VALUES (2, 1, 12, 50, 2266);
INSERT INTO chusan_music_level (diff, enable, level, level_decimal, music_id) VALUES (3, 1, 13, 80, 2266);
INSERT INTO chusan_music_level (diff, enable, level, level_decimal, music_id) VALUES (4, 0, 0, 0, 2266);
INSERT INTO chusan_music_level (diff, enable, level, level_decimal, music_id) VALUES (5, 0, 0, 0, 2266);
INSERT INTO chusan_music_level (diff, enable, level, level_decimal, music_id) VALUES (0, 1, 3, 0, 2267);
INSERT INTO chusan_music_level (diff, enable, level, level_decimal, music_id) VALUES (1, 1, 6, 0, 2267);
INSERT INTO chusan_music_level (diff, enable, level, level_decimal, music_id) VALUES (2, 1, 10, 0, 2267);
INSERT INTO chusan_music_level (diff, enable, level, level_decimal, music_id) VALUES (3, 1, 14, 40, 2267);
INSERT INTO chusan_music_level (diff, enable, level, level_decimal, music_id) VALUES (4, 0, 0, 0, 2267);
INSERT INTO chusan_music_level (diff, enable, level, level_decimal, music_id) VALUES (5, 0, 0, 0, 2267);
INSERT INTO chusan_music_level (diff, enable, level, level_decimal, music_id) VALUES (0, 1, 3, 0, 2268);
INSERT INTO chusan_music_level (diff, enable, level, level_decimal, music_id) VALUES (1, 1, 6, 0, 2268);
INSERT INTO chusan_music_level (diff, enable, level, level_decimal, music_id) VALUES (2, 1, 10, 0, 2268);
INSERT INTO chusan_music_level (diff, enable, level, level_decimal, music_id) VALUES (3, 1, 13, 30, 2268);
INSERT INTO chusan_music_level (diff, enable, level, level_decimal, music_id) VALUES (4, 0, 0, 0, 2268);
INSERT INTO chusan_music_level (diff, enable, level, level_decimal, music_id) VALUES (5, 0, 0, 0, 2268);
INSERT INTO chusan_music_level (diff, enable, level, level_decimal, music_id) VALUES (0, 1, 4, 0, 2269);
INSERT INTO chusan_music_level (diff, enable, level, level_decimal, music_id) VALUES (1, 1, 7, 0, 2269);
INSERT INTO chusan_music_level (diff, enable, level, level_decimal, music_id) VALUES (2, 1, 10, 50, 2269);
INSERT INTO chusan_music_level (diff, enable, level, level_decimal, music_id) VALUES (3, 1, 12, 30, 2269);
INSERT INTO chusan_music_level (diff, enable, level, level_decimal, music_id) VALUES (4, 0, 0, 0, 2269);
INSERT INTO chusan_music_level (diff, enable, level, level_decimal, music_id) VALUES (5, 0, 0, 0, 2269);
INSERT INTO chusan_music_level (diff, enable, level, level_decimal, music_id) VALUES (0, 1, 4, 0, 2270);
INSERT INTO chusan_music_level (diff, enable, level, level_decimal, music_id) VALUES (1, 1, 8, 0, 2270);
INSERT INTO chusan_music_level (diff, enable, level, level_decimal, music_id) VALUES (2, 1, 13, 20, 2270);
INSERT INTO chusan_music_level (diff, enable, level, level_decimal, music_id) VALUES (3, 1, 14, 80, 2270);
INSERT INTO chusan_music_level (diff, enable, level, level_decimal, music_id) VALUES (4, 0, 0, 0, 2270);
INSERT INTO chusan_music_level (diff, enable, level, level_decimal, music_id) VALUES (5, 0, 0, 0, 2270);
INSERT INTO chusan_music_level (diff, enable, level, level_decimal, music_id) VALUES (0, 1, 4, 0, 2271);
INSERT INTO chusan_music_level (diff, enable, level, level_decimal, music_id) VALUES (1, 1, 7, 50, 2271);
INSERT INTO chusan_music_level (diff, enable, level, level_decimal, music_id) VALUES (2, 1, 13, 0, 2271);
INSERT INTO chusan_music_level (diff, enable, level, level_decimal, music_id) VALUES (3, 1, 14, 80, 2271);
INSERT INTO chusan_music_level (diff, enable, level, level_decimal, music_id) VALUES (4, 0, 0, 0, 2271);
INSERT INTO chusan_music_level (diff, enable, level, level_decimal, music_id) VALUES (5, 0, 0, 0, 2271);
INSERT INTO chusan_music_level (diff, enable, level, level_decimal, music_id) VALUES (0, 1, 4, 0, 2272);
INSERT INTO chusan_music_level (diff, enable, level, level_decimal, music_id) VALUES (1, 1, 8, 50, 2272);
INSERT INTO chusan_music_level (diff, enable, level, level_decimal, music_id) VALUES (2, 1, 12, 20, 2272);
INSERT INTO chusan_music_level (diff, enable, level, level_decimal, music_id) VALUES (3, 1, 14, 30, 2272);
INSERT INTO chusan_music_level (diff, enable, level, level_decimal, music_id) VALUES (4, 0, 0, 0, 2272);
INSERT INTO chusan_music_level (diff, enable, level, level_decimal, music_id) VALUES (5, 0, 0, 0, 2272);
INSERT INTO chusan_music_level (diff, enable, level, level_decimal, music_id) VALUES (0, 1, 3, 0, 2273);
INSERT INTO chusan_music_level (diff, enable, level, level_decimal, music_id) VALUES (1, 1, 6, 0, 2273);
INSERT INTO chusan_music_level (diff, enable, level, level_decimal, music_id) VALUES (2, 1, 10, 90, 2273);
INSERT INTO chusan_music_level (diff, enable, level, level_decimal, music_id) VALUES (3, 1, 14, 0, 2273);
INSERT INTO chusan_music_level (diff, enable, level, level_decimal, music_id) VALUES (4, 0, 0, 0, 2273);
INSERT INTO chusan_music_level (diff, enable, level, level_decimal, music_id) VALUES (5, 0, 0, 0, 2273);
INSERT INTO chusan_music_level (diff, enable, level, level_decimal, music_id) VALUES (0, 1, 1, 0, 2274);
INSERT INTO chusan_music_level (diff, enable, level, level_decimal, music_id) VALUES (1, 1, 5, 0, 2274);
INSERT INTO chusan_music_level (diff, enable, level, level_decimal, music_id) VALUES (2, 1, 9, 50, 2274);
INSERT INTO chusan_music_level (diff, enable, level, level_decimal, music_id) VALUES (3, 1, 12, 30, 2274);
INSERT INTO chusan_music_level (diff, enable, level, level_decimal, music_id) VALUES (4, 0, 0, 0, 2274);
INSERT INTO chusan_music_level (diff, enable, level, level_decimal, music_id) VALUES (5, 0, 0, 0, 2274);
INSERT INTO chusan_music_level (diff, enable, level, level_decimal, music_id) VALUES (0, 1, 4, 0, 2275);
INSERT INTO chusan_music_level (diff, enable, level, level_decimal, music_id) VALUES (1, 1, 6, 0, 2275);
INSERT INTO chusan_music_level (diff, enable, level, level_decimal, music_id) VALUES (2, 1, 10, 90, 2275);
INSERT INTO chusan_music_level (diff, enable, level, level_decimal, music_id) VALUES (3, 1, 13, 80, 2275);
INSERT INTO chusan_music_level (diff, enable, level, level_decimal, music_id) VALUES (4, 0, 0, 0, 2275);
INSERT INTO chusan_music_level (diff, enable, level, level_decimal, music_id) VALUES (5, 0, 0, 0, 2275);
INSERT INTO chusan_music_level (diff, enable, level, level_decimal, music_id) VALUES (0, 1, 3, 0, 2276);
INSERT INTO chusan_music_level (diff, enable, level, level_decimal, music_id) VALUES (1, 1, 7, 0, 2276);
INSERT INTO chusan_music_level (diff, enable, level, level_decimal, music_id) VALUES (2, 1, 9, 50, 2276);
INSERT INTO chusan_music_level (diff, enable, level, level_decimal, music_id) VALUES (3, 1, 12, 60, 2276);
INSERT INTO chusan_music_level (diff, enable, level, level_decimal, music_id) VALUES (4, 0, 0, 0, 2276);
INSERT INTO chusan_music_level (diff, enable, level, level_decimal, music_id) VALUES (5, 0, 0, 0, 2276);
INSERT INTO chusan_music_level (diff, enable, level, level_decimal, music_id) VALUES (0, 1, 4, 0, 2277);
INSERT INTO chusan_music_level (diff, enable, level, level_decimal, music_id) VALUES (1, 1, 7, 0, 2277);
INSERT INTO chusan_music_level (diff, enable, level, level_decimal, music_id) VALUES (2, 1, 10, 50, 2277);
INSERT INTO chusan_music_level (diff, enable, level, level_decimal, music_id) VALUES (3, 1, 14, 10, 2277);
INSERT INTO chusan_music_level (diff, enable, level, level_decimal, music_id) VALUES (4, 0, 0, 0, 2277);
INSERT INTO chusan_music_level (diff, enable, level, level_decimal, music_id) VALUES (5, 0, 0, 0, 2277);
INSERT INTO chusan_music_level (diff, enable, level, level_decimal, music_id) VALUES (0, 1, 4, 0, 2278);
INSERT INTO chusan_music_level (diff, enable, level, level_decimal, music_id) VALUES (1, 1, 8, 50, 2278);
INSERT INTO chusan_music_level (diff, enable, level, level_decimal, music_id) VALUES (2, 1, 11, 50, 2278);
INSERT INTO chusan_music_level (diff, enable, level, level_decimal, music_id) VALUES (3, 1, 14, 50, 2278);
INSERT INTO chusan_music_level (diff, enable, level, level_decimal, music_id) VALUES (4, 0, 0, 0, 2278);
INSERT INTO chusan_music_level (diff, enable, level, level_decimal, music_id) VALUES (5, 0, 0, 0, 2278);
INSERT INTO chusan_music_level (diff, enable, level, level_decimal, music_id) VALUES (0, 1, 4, 0, 2279);
INSERT INTO chusan_music_level (diff, enable, level, level_decimal, music_id) VALUES (1, 1, 8, 0, 2279);
INSERT INTO chusan_music_level (diff, enable, level, level_decimal, music_id) VALUES (2, 1, 14, 10, 2279);
INSERT INTO chusan_music_level (diff, enable, level, level_decimal, music_id) VALUES (3, 1, 15, 30, 2279);
INSERT INTO chusan_music_level (diff, enable, level, level_decimal, music_id) VALUES (4, 0, 0, 0, 2279);
INSERT INTO chusan_music_level (diff, enable, level, level_decimal, music_id) VALUES (5, 0, 0, 0, 2279);
INSERT INTO chusan_music_level (diff, enable, level, level_decimal, music_id) VALUES (0, 1, 3, 0, 2280);
INSERT INTO chusan_music_level (diff, enable, level, level_decimal, music_id) VALUES (1, 1, 5, 0, 2280);
INSERT INTO chusan_music_level (diff, enable, level, level_decimal, music_id) VALUES (2, 1, 10, 50, 2280);
INSERT INTO chusan_music_level (diff, enable, level, level_decimal, music_id) VALUES (3, 1, 13, 70, 2280);
INSERT INTO chusan_music_level (diff, enable, level, level_decimal, music_id) VALUES (4, 0, 0, 0, 2280);
INSERT INTO chusan_music_level (diff, enable, level, level_decimal, music_id) VALUES (5, 0, 0, 0, 2280);
INSERT INTO chusan_music_level (diff, enable, level, level_decimal, music_id) VALUES (0, 1, 2, 0, 2281);
INSERT INTO chusan_music_level (diff, enable, level, level_decimal, music_id) VALUES (1, 1, 5, 0, 2281);
INSERT INTO chusan_music_level (diff, enable, level, level_decimal, music_id) VALUES (2, 1, 10, 0, 2281);
INSERT INTO chusan_music_level (diff, enable, level, level_decimal, music_id) VALUES (3, 1, 13, 60, 2281);
INSERT INTO chusan_music_level (diff, enable, level, level_decimal, music_id) VALUES (4, 0, 0, 0, 2281);
INSERT INTO chusan_music_level (diff, enable, level, level_decimal, music_id) VALUES (5, 0, 0, 0, 2281);
INSERT INTO chusan_music_level (diff, enable, level, level_decimal, music_id) VALUES (0, 1, 3, 0, 2282);
INSERT INTO chusan_music_level (diff, enable, level, level_decimal, music_id) VALUES (1, 1, 6, 0, 2282);
INSERT INTO chusan_music_level (diff, enable, level, level_decimal, music_id) VALUES (2, 1, 10, 50, 2282);
INSERT INTO chusan_music_level (diff, enable, level, level_decimal, music_id) VALUES (3, 1, 13, 80, 2282);
INSERT INTO chusan_music_level (diff, enable, level, level_decimal, music_id) VALUES (4, 0, 0, 0, 2282);
INSERT INTO chusan_music_level (diff, enable, level, level_decimal, music_id) VALUES (5, 0, 0, 0, 2282);
INSERT INTO chusan_music_level (diff, enable, level, level_decimal, music_id) VALUES (0, 1, 3, 0, 2283);
INSERT INTO chusan_music_level (diff, enable, level, level_decimal, music_id) VALUES (1, 1, 6, 0, 2283);
INSERT INTO chusan_music_level (diff, enable, level, level_decimal, music_id) VALUES (2, 1, 11, 40, 2283);
INSERT INTO chusan_music_level (diff, enable, level, level_decimal, music_id) VALUES (3, 1, 13, 50, 2283);
INSERT INTO chusan_music_level (diff, enable, level, level_decimal, music_id) VALUES (4, 0, 0, 0, 2283);
INSERT INTO chusan_music_level (diff, enable, level, level_decimal, music_id) VALUES (5, 0, 0, 0, 2283);
INSERT INTO chusan_music_level (diff, enable, level, level_decimal, music_id) VALUES (0, 1, 2, 0, 2294);
INSERT INTO chusan_music_level (diff, enable, level, level_decimal, music_id) VALUES (1, 1, 5, 0, 2294);
INSERT INTO chusan_music_level (diff, enable, level, level_decimal, music_id) VALUES (2, 1, 9, 0, 2294);
INSERT INTO chusan_music_level (diff, enable, level, level_decimal, music_id) VALUES (3, 1, 11, 70, 2294);
INSERT INTO chusan_music_level (diff, enable, level, level_decimal, music_id) VALUES (4, 0, 0, 0, 2294);
INSERT INTO chusan_music_level (diff, enable, level, level_decimal, music_id) VALUES (5, 0, 0, 0, 2294);
INSERT INTO chusan_music_level (diff, enable, level, level_decimal, music_id) VALUES (0, 1, 3, 0, 2373);
INSERT INTO chusan_music_level (diff, enable, level, level_decimal, music_id) VALUES (1, 1, 5, 0, 2373);
INSERT INTO chusan_music_level (diff, enable, level, level_decimal, music_id) VALUES (2, 1, 9, 0, 2373);
INSERT INTO chusan_music_level (diff, enable, level, level_decimal, music_id) VALUES (3, 1, 12, 80, 2373);
INSERT INTO chusan_music_level (diff, enable, level, level_decimal, music_id) VALUES (4, 0, 0, 0, 2373);
INSERT INTO chusan_music_level (diff, enable, level, level_decimal, music_id) VALUES (5, 0, 0, 0, 2373);
INSERT INTO chusan_music_level (diff, enable, level, level_decimal, music_id) VALUES (0, 0, 0, 0, 8244);
INSERT INTO chusan_music_level (diff, enable, level, level_decimal, music_id) VALUES (1, 0, 0, 0, 8244);
INSERT INTO chusan_music_level (diff, enable, level, level_decimal, music_id) VALUES (2, 0, 0, 0, 8244);
INSERT INTO chusan_music_level (diff, enable, level, level_decimal, music_id) VALUES (3, 0, 0, 0, 8244);
INSERT INTO chusan_music_level (diff, enable, level, level_decimal, music_id) VALUES (4, 0, 0, 0, 8244);
INSERT INTO chusan_music_level (diff, enable, level, level_decimal, music_id) VALUES (5, 1, 0, 0, 8244);
INSERT INTO chusan_music_level (diff, enable, level, level_decimal, music_id) VALUES (0, 0, 0, 0, 8245);
INSERT INTO chusan_music_level (diff, enable, level, level_decimal, music_id) VALUES (1, 0, 0, 0, 8245);
INSERT INTO chusan_music_level (diff, enable, level, level_decimal, music_id) VALUES (2, 0, 0, 0, 8245);
INSERT INTO chusan_music_level (diff, enable, level, level_decimal, music_id) VALUES (3, 0, 0, 0, 8245);
INSERT INTO chusan_music_level (diff, enable, level, level_decimal, music_id) VALUES (4, 0, 0, 0, 8245);
INSERT INTO chusan_music_level (diff, enable, level, level_decimal, music_id) VALUES (5, 1, 0, 0, 8245);
INSERT INTO chusan_music_level (diff, enable, level, level_decimal, music_id) VALUES (0, 0, 0, 0, 8246);
INSERT INTO chusan_music_level (diff, enable, level, level_decimal, music_id) VALUES (1, 0, 0, 0, 8246);
INSERT INTO chusan_music_level (diff, enable, level, level_decimal, music_id) VALUES (2, 0, 0, 0, 8246);
INSERT INTO chusan_music_level (diff, enable, level, level_decimal, music_id) VALUES (3, 0, 0, 0, 8246);
INSERT INTO chusan_music_level (diff, enable, level, level_decimal, music_id) VALUES (4, 0, 0, 0, 8246);
INSERT INTO chusan_music_level (diff, enable, level, level_decimal, music_id) VALUES (5, 1, 0, 0, 8246);
INSERT INTO chusan_music_level (diff, enable, level, level_decimal, music_id) VALUES (0, 0, 0, 0, 8247);
INSERT INTO chusan_music_level (diff, enable, level, level_decimal, music_id) VALUES (1, 0, 0, 0, 8247);
INSERT INTO chusan_music_level (diff, enable, level, level_decimal, music_id) VALUES (2, 0, 0, 0, 8247);
INSERT INTO chusan_music_level (diff, enable, level, level_decimal, music_id) VALUES (3, 0, 0, 0, 8247);
INSERT INTO chusan_music_level (diff, enable, level, level_decimal, music_id) VALUES (4, 0, 0, 0, 8247);
INSERT INTO chusan_music_level (diff, enable, level, level_decimal, music_id) VALUES (5, 1, 0, 0, 8247);
INSERT INTO chusan_music_level (diff, enable, level, level_decimal, music_id) VALUES (0, 0, 0, 0, 8248);
INSERT INTO chusan_music_level (diff, enable, level, level_decimal, music_id) VALUES (1, 0, 0, 0, 8248);
INSERT INTO chusan_music_level (diff, enable, level, level_decimal, music_id) VALUES (2, 0, 0, 0, 8248);
INSERT INTO chusan_music_level (diff, enable, level, level_decimal, music_id) VALUES (3, 0, 0, 0, 8248);
INSERT INTO chusan_music_level (diff, enable, level, level_decimal, music_id) VALUES (4, 0, 0, 0, 8248);
INSERT INTO chusan_music_level (diff, enable, level, level_decimal, music_id) VALUES (5, 1, 0, 0, 8248);
INSERT INTO chusan_music_level (diff, enable, level, level_decimal, music_id) VALUES (0, 0, 0, 0, 8249);
INSERT INTO chusan_music_level (diff, enable, level, level_decimal, music_id) VALUES (1, 0, 0, 0, 8249);
INSERT INTO chusan_music_level (diff, enable, level, level_decimal, music_id) VALUES (2, 0, 0, 0, 8249);
INSERT INTO chusan_music_level (diff, enable, level, level_decimal, music_id) VALUES (3, 0, 0, 0, 8249);
INSERT INTO chusan_music_level (diff, enable, level, level_decimal, music_id) VALUES (4, 0, 0, 0, 8249);
INSERT INTO chusan_music_level (diff, enable, level, level_decimal, music_id) VALUES (5, 1, 0, 0, 8249);
INSERT INTO chusan_music_level (diff, enable, level, level_decimal, music_id) VALUES (0, 0, 0, 0, 8250);
INSERT INTO chusan_music_level (diff, enable, level, level_decimal, music_id) VALUES (1, 0, 0, 0, 8250);
INSERT INTO chusan_music_level (diff, enable, level, level_decimal, music_id) VALUES (2, 0, 0, 0, 8250);
INSERT INTO chusan_music_level (diff, enable, level, level_decimal, music_id) VALUES (3, 0, 0, 0, 8250);
INSERT INTO chusan_music_level (diff, enable, level, level_decimal, music_id) VALUES (4, 0, 0, 0, 8250);
INSERT INTO chusan_music_level (diff, enable, level, level_decimal, music_id) VALUES (5, 1, 0, 0, 8250);
INSERT INTO chusan_music_level (diff, enable, level, level_decimal, music_id) VALUES (0, 0, 0, 0, 8251);
INSERT INTO chusan_music_level (diff, enable, level, level_decimal, music_id) VALUES (1, 0, 0, 0, 8251);
INSERT INTO chusan_music_level (diff, enable, level, level_decimal, music_id) VALUES (2, 0, 0, 0, 8251);
INSERT INTO chusan_music_level (diff, enable, level, level_decimal, music_id) VALUES (3, 0, 0, 0, 8251);
INSERT INTO chusan_music_level (diff, enable, level, level_decimal, music_id) VALUES (4, 0, 0, 0, 8251);
INSERT INTO chusan_music_level (diff, enable, level, level_decimal, music_id) VALUES (5, 1, 0, 0, 8251);
INSERT INTO chusan_music_level (diff, enable, level, level_decimal, music_id) VALUES (0, 0, 0, 0, 8252);
INSERT INTO chusan_music_level (diff, enable, level, level_decimal, music_id) VALUES (1, 0, 0, 0, 8252);
INSERT INTO chusan_music_level (diff, enable, level, level_decimal, music_id) VALUES (2, 0, 0, 0, 8252);
INSERT INTO chusan_music_level (diff, enable, level, level_decimal, music_id) VALUES (3, 0, 0, 0, 8252);
INSERT INTO chusan_music_level (diff, enable, level, level_decimal, music_id) VALUES (4, 0, 0, 0, 8252);
INSERT INTO chusan_music_level (diff, enable, level, level_decimal, music_id) VALUES (5, 1, 0, 0, 8252);
INSERT INTO chusan_trophy (id, name) VALUES (5829, '俺の集中線がやばい');
INSERT INTO chusan_trophy (id, name) VALUES (5830, '筐体前に立てば痩せる');
INSERT INTO chusan_trophy (id, name) VALUES (5831, '王になりたい');
INSERT INTO chusan_trophy (id, name) VALUES (5832, 'あの頃の栄光を取り戻せなくなる');
INSERT INTO chusan_trophy (id, name) VALUES (5833, '親と一緒に巻き込む');
INSERT INTO chusan_trophy (id, name) VALUES (5834, 'そんな不可能な事言うなよ');
INSERT INTO chusan_trophy (id, name) VALUES (5835, '理想的な最悪');
INSERT INTO chusan_trophy (id, name) VALUES (5836, '俺にもちゃんと内臓があった');
INSERT INTO chusan_trophy (id, name) VALUES (5837, '今日出社しないと世界が崩壊する');
INSERT INTO chusan_trophy (id, name) VALUES (5838, 'あまりにも自信があったので');
INSERT INTO chusan_trophy (id, name) VALUES (5839, '音ゲーマーだから音好きでしょ');
INSERT INTO chusan_trophy (id, name) VALUES (5840, 'ピュアな暴言');
INSERT INTO chusan_trophy (id, name) VALUES (5841, 'CHUNITHM SUN');
INSERT INTO chusan_trophy (id, name) VALUES (5842, 'ヘブンバーンズレッド');
INSERT INTO chusan_trophy (id, name) VALUES (5843, 'モブサイコ100 Ⅲ');
INSERT INTO chusan_trophy (id, name) VALUES (5844, '嫌な時はなぁ！逃げたっていいんだよ！');
INSERT INTO chusan_trophy (id, name) VALUES (5845, 'あたしの伝説はこれから始まる');
INSERT INTO chusan_trophy (id, name) VALUES (5846, 'ギャイアグレイーイボドドドゥドオー！！');
INSERT INTO chusan_trophy (id, name) VALUES (5848, '私、失敗しないので');
INSERT INTO chusan_trophy (id, name) VALUES (5849, '何にもやってないだけじゃない？');
INSERT INTO chusan_trophy (id, name) VALUES (5850, '絶対は、ボクだ');
INSERT INTO chusan_trophy (id, name) VALUES (5851, '最強の名を懸けて');
INSERT INTO chusan_trophy (id, name) VALUES (5852, '彼女が待つ、その大気の下で。');
INSERT INTO chusan_trophy (id, name) VALUES (5853, '過去を喰らう程にポップなエレジー');
INSERT INTO chusan_trophy (id, name) VALUES (5854, '神っぽい');
INSERT INTO chusan_trophy (id, name) VALUES (5855, '「死ぬ」っぽいな');
INSERT INTO chusan_trophy (id, name) VALUES (5856, 'ワンダーマジカルショウタイム！');
INSERT INTO chusan_trophy (id, name) VALUES (5857, 'もうどうだっていいや');
INSERT INTO chusan_trophy (id, name) VALUES (5858, 'あたいの足技みさらせやー');
INSERT INTO chusan_trophy (id, name) VALUES (5859, 'メゾン・ド・フルチェイン');
INSERT INTO chusan_trophy (id, name) VALUES (5860, 'Specialist');
INSERT INTO chusan_trophy (id, name) VALUES (5861, 'II - Following the Clue');
INSERT INTO chusan_trophy (id, name) VALUES (5862, '孤高クローバー');
INSERT INTO chusan_trophy (id, name) VALUES (5863, 'さばハン');
INSERT INTO chusan_trophy (id, name) VALUES (5864, 'マカムのハンター');
INSERT INTO chusan_trophy (id, name) VALUES (5865, '1');
INSERT INTO chusan_trophy (id, name) VALUES (5866, '1');
INSERT INTO chusan_trophy (id, name) VALUES (5867, 'Before I Rise');
INSERT INTO chusan_trophy (id, name) VALUES (5868, 'Before I Rise');
INSERT INTO chusan_trophy (id, name) VALUES (5871, 'ミックスナッツ');
INSERT INTO chusan_trophy (id, name) VALUES (5872, 'ミックスナッツ');
INSERT INTO chusan_trophy (id, name) VALUES (5873, '阿修羅ちゃん');
INSERT INTO chusan_trophy (id, name) VALUES (5874, '阿修羅ちゃん');
INSERT INTO chusan_trophy (id, name) VALUES (5875, 'なにやってもうまくいかない');
INSERT INTO chusan_trophy (id, name) VALUES (5876, 'なにやってもうまくいかない');
INSERT INTO chusan_trophy (id, name) VALUES (5877, 'ユメヲカケル！');
INSERT INTO chusan_trophy (id, name) VALUES (5878, 'ユメヲカケル！');
INSERT INTO chusan_trophy (id, name) VALUES (5879, 'いただきバベル (Prod. ケンモチヒデフミ)');
INSERT INTO chusan_trophy (id, name) VALUES (5880, 'いただきバベル (Prod. ケンモチヒデフミ)');
INSERT INTO chusan_trophy (id, name) VALUES (5881, 'キュートなカノジョ');
INSERT INTO chusan_trophy (id, name) VALUES (5882, 'キュートなカノジョ');
INSERT INTO chusan_trophy (id, name) VALUES (5883, '神っぽいな');
INSERT INTO chusan_trophy (id, name) VALUES (5884, '神っぽいな');
INSERT INTO chusan_trophy (id, name) VALUES (5885, 'トンデモワンダーズ');
INSERT INTO chusan_trophy (id, name) VALUES (5886, 'トンデモワンダーズ');
INSERT INTO chusan_trophy (id, name) VALUES (5887, 'スカーレット警察のゲットーパトロール24時');
INSERT INTO chusan_trophy (id, name) VALUES (5888, 'スカーレット警察のゲットーパトロール24時');
INSERT INTO chusan_trophy (id, name) VALUES (5889, 'I''m so Happy');
INSERT INTO chusan_trophy (id, name) VALUES (5890, 'I''m so Happy');
INSERT INTO chusan_trophy (id, name) VALUES (5891, 'Random');
INSERT INTO chusan_trophy (id, name) VALUES (5892, 'Random');
INSERT INTO chusan_trophy (id, name) VALUES (5893, 'Aleph-0');
INSERT INTO chusan_trophy (id, name) VALUES (5894, 'Aleph-0');
INSERT INTO chusan_trophy (id, name) VALUES (5895, '超Rock The Party');
INSERT INTO chusan_trophy (id, name) VALUES (5896, '超Rock The Party');
INSERT INTO chusan_trophy (id, name) VALUES (5897, 'アンビバレンス');
INSERT INTO chusan_trophy (id, name) VALUES (5898, 'アンビバレンス');
INSERT INTO chusan_trophy (id, name) VALUES (5899, 'TEmPTaTiON');
INSERT INTO chusan_trophy (id, name) VALUES (5900, 'TEmPTaTiON');
INSERT INTO chusan_trophy (id, name) VALUES (5901, 'Falsum Atlantis.');
INSERT INTO chusan_trophy (id, name) VALUES (5902, 'Falsum Atlantis.');
INSERT INTO chusan_trophy (id, name) VALUES (5903, 'ミラージュ・フレイグランス');
INSERT INTO chusan_trophy (id, name) VALUES (5904, 'ミラージュ・フレイグランス');
INSERT INTO chusan_trophy (id, name) VALUES (5905, 'インパアフェクシオン・ホワイトガアル');
INSERT INTO chusan_trophy (id, name) VALUES (5906, 'インパアフェクシオン・ホワイトガアル');
INSERT INTO chusan_trophy (id, name) VALUES (5907, 'クリーパー');
INSERT INTO chusan_trophy (id, name) VALUES (5908, 'クリーパー');
INSERT INTO chusan_trophy (id, name) VALUES (5909, 'Ignition');
INSERT INTO chusan_trophy (id, name) VALUES (5910, 'Ignition');
INSERT INTO chusan_trophy (id, name) VALUES (5911, '推してもダメならひいてみな！');
INSERT INTO chusan_trophy (id, name) VALUES (5912, '推してもダメならひいてみな！');
INSERT INTO chusan_trophy (id, name) VALUES (5913, 'ガチ恋ラビリンス');
INSERT INTO chusan_trophy (id, name) VALUES (5914, 'ガチ恋ラビリンス');
INSERT INTO chusan_trophy (id, name) VALUES (5915, 'CELERITAS');
INSERT INTO chusan_trophy (id, name) VALUES (5916, 'CELERITAS');
INSERT INTO chusan_trophy (id, name) VALUES (5917, 'グラウンドスライダー協奏曲第一番「風唄」');
INSERT INTO chusan_trophy (id, name) VALUES (5918, 'グラウンドスライダー協奏曲第一番「風唄」');
INSERT INTO chusan_trophy (id, name) VALUES (5919, 'Crawler / Flyer');
INSERT INTO chusan_trophy (id, name) VALUES (5920, 'Crawler / Flyer');
INSERT INTO chusan_trophy (id, name) VALUES (5921, 'Re:Credits');
INSERT INTO chusan_trophy (id, name) VALUES (5922, 'Re:Credits');
INSERT INTO chusan_trophy (id, name) VALUES (5923, 'Cheat Sheet');
INSERT INTO chusan_trophy (id, name) VALUES (5924, 'Cheat Sheet');
INSERT INTO chusan_trophy (id, name) VALUES (5925, 'One Room Sky');
INSERT INTO chusan_trophy (id, name) VALUES (5926, 'One Room Sky');
INSERT INTO chusan_trophy (id, name) VALUES (5960, 'Girl''s Party Planet!');
INSERT INTO chusan_trophy (id, name) VALUES (5961, 'Girl''s Party Planet!');
INSERT INTO chusan_trophy (id, name) VALUES (6157, 'あかりとこれからもずっと一緒！');
INSERT INTO chusan_trophy (id, name) VALUES (6158, '柚子と一緒に☆はっぴっぴーす♪');
INSERT INTO chusan_trophy (id, name) VALUES (6159, '葵と過ごす穏やかな日常');
INSERT INTO chusan_trophy (id, name) VALUES (6160, '梨緒が二人きりだとデレるんだが');
INSERT INTO chusan_trophy (id, name) VALUES (6161, '莉玖とブドーカンLIVEで大暴れ！');
INSERT INTO chusan_trophy (id, name) VALUES (6162, '椿に生涯からかわれる権利');
INSERT INTO chusan_trophy (id, name) VALUES (6163, '彩華が赤面する秘密の関係');
INSERT INTO chusan_trophy (id, name) VALUES (6164, '春菜の膝枕で微睡む昼下がり');
INSERT INTO chusan_trophy (id, name) VALUES (6165, '楓と重ねる心安らかな時間');
INSERT INTO chusan_trophy (id, name) VALUES (6166, '咲姫と紡ぐ二人のこれから');
INSERT INTO chusan_trophy (id, name) VALUES (6167, '小星とだらだらゲーム生活');
INSERT INTO chusan_trophy (id, name) VALUES (6168, '茜と共に世界を支配する者');
INSERT INTO chusan_trophy (id, name) VALUES (6169, '有栖のお世話係に永久就職');
INSERT INTO chusan_trophy (id, name) VALUES (6170, '美亜と営むニャーベラスな日々');
INSERT INTO chusan_trophy (id, name) VALUES (6171, '千夏と毎日ぎゅーーってしよ？');
INSERT INTO chusan_trophy (id, name) VALUES (6172, 'つむぎと二人で大人の階段を');
INSERT INTO chusan_trophy (id, name) VALUES (6173, 'セツナと共に覇道を歩む者');
INSERT INTO chusan_trophy (id, name) VALUES (6174, '音撃');
INSERT INTO chusan_trophy (id, name) VALUES (6175, 'ONGEKI RATING MASTER');
INSERT INTO chusan_trophy (id, name) VALUES (6176, '頑張り屋さんのNO.1サポーター・リーダー');
INSERT INTO chusan_trophy (id, name) VALUES (6177, '柚子専属アメちゃん補充部隊・隊長');
INSERT INTO chusan_trophy (id, name) VALUES (6178, 'ブサかわキャラハンターの欠けた半身');
INSERT INTO chusan_trophy (id, name) VALUES (6179, '自称・超絶最強ギャラクティカ美少女の永遠のライバル');
INSERT INTO chusan_trophy (id, name) VALUES (6180, 'ちびっ子モンスターのバンドヒーロー・世界ツアー');
INSERT INTO chusan_trophy (id, name) VALUES (6181, 'Sっ気少女のお気に入り・妖艶な微笑み');
INSERT INTO chusan_trophy (id, name) VALUES (6182, '純情ギャルの遊び友達・ズッ友');
INSERT INTO chusan_trophy (id, name) VALUES (6183, '春菜特製レシピの味見役・おかわり');
INSERT INTO chusan_trophy (id, name) VALUES (6184, 'メガネ師範の門下生・有望株');
INSERT INTO chusan_trophy (id, name) VALUES (6185, '人気レイヤーの敏腕マネージャー・ベテラン');
INSERT INTO chusan_trophy (id, name) VALUES (6186, 'ぐーたらゲーマーのお世話係・年365日');
INSERT INTO chusan_trophy (id, name) VALUES (6187, '世界征服推進団体の幹部');
INSERT INTO chusan_trophy (id, name) VALUES (6188, '不思議少女の着ぐるみフレンズ・ベストフレンド');
INSERT INTO chusan_trophy (id, name) VALUES (6189, 'にゃんちゃんのフルーツ同盟・完熟');
INSERT INTO chusan_trophy (id, name) VALUES (6190, '向日葵少女のご近所さん・仲良し');
INSERT INTO chusan_trophy (id, name) VALUES (6191, 'ツンツン娘の防犯ブザー担当・120dB');
INSERT INTO chusan_trophy (id, name) VALUES (6192, 'エリート娘の頼れるパートナー・相談役');
INSERT INTO chusan_trophy (id, name) VALUES (6195, '最後の審判 ～ abyss of despair');
INSERT INTO chusan_trophy (id, name) VALUES (6211, 'くるくるぱーーーかーーーーー！！');
INSERT INTO chusan_trophy (id, name) VALUES (6212, 'Burn My Soul');
INSERT INTO chusan_trophy (id, name) VALUES (6213, 'Burn My Soul');
INSERT INTO chusan_trophy (id, name) VALUES (6214, 'Mercury - 50days of SUN');
INSERT INTO chusan_trophy (id, name) VALUES (6215, 'Venus - 100days of SUN');
INSERT INTO chusan_trophy (id, name) VALUES (6216, 'the Earth - 150days of SUN');
INSERT INTO chusan_trophy (id, name) VALUES (6217, 'Mars - 200days of SUN');
INSERT INTO chusan_trophy (id, name) VALUES (6218, 'Jupiter - 250days of SUN');
INSERT INTO chusan_trophy (id, name) VALUES (6219, 'Saturn - 300days of SUN');
INSERT INTO chusan_trophy (id, name) VALUES (6220, 'Uranus - 350days of SUN');
INSERT INTO chusan_trophy (id, name) VALUES (6221, 'Neptune - 400days of SUN');
INSERT INTO chusan_trophy (id, name) VALUES (6222, 'Pluto - 407days of SUN');
INSERT INTO chusan_trophy (id, name) VALUES (6223, 'チュウニの為なら何でもするんだよ');
INSERT INTO chusan_voice (id, name) VALUES (48, 'エイハヴ');
