INSERT INTO chusan_game_character (id, name, release_tag, works_name, illustrator_name, add_images) VALUES (15690, 'アリス&テニエル', 'v2 2.10.00', 'Arcaea', 'None', '-1:,-1:,-1:,-1:,-1:,-1:,-1:,-1:,-1:');
INSERT INTO chusan_game_character (id, name, release_tag, works_name, illustrator_name, add_images) VALUES (15700, 'ラグランジュ', 'v2 2.10.00', 'Arcaea', 'None', '-1:,-1:,-1:,-1:,-1:,-1:,-1:,-1:,-1:');
INSERT INTO chusan_nameplate (id, name) VALUES (10112, 'Arcaea 【7】');
INSERT INTO chusan_nameplate (id, name) VALUES (10113, 'Arcaea 【8】');
INSERT INTO chusan_nameplate (id, name) VALUES (10121, 'Arcaea 【9】');
INSERT INTO chusan_nameplate (id, name) VALUES (10122, 'Arcaea 【10】');
INSERT INTO chusan_music (music_id, artist_name, genre, name, release_version, sort_name) VALUES (2347, 'WAiKURO「Arcaea」', 6, 'Alexandrite', 'v2 2.10.00', 'ALEXANDRITE');
INSERT INTO chusan_music (music_id, artist_name, genre, name, release_version, sort_name) VALUES (2348, 'Laur「Arcaea」', 6, 'PRAGMATISM -RESURRECTION-', 'v2 2.10.00', 'PRAGMATISMRESURRECTION');
INSERT INTO chusan_music (music_id, artist_name, genre, name, release_version, sort_name) VALUES (2349, 'Endorfin.「Arcaea」', 6, 'Alice''s Suitcase', 'v2 2.10.00', 'ALICESSUITCASE');
INSERT INTO chusan_music (music_id, artist_name, genre, name, release_version, sort_name) VALUES (2350, 'からとPαnchii少年 feat.はるの「Arcaea」', 6, '迷える音色は恋の唄', 'v2 2.10.00', 'マヨエルネイロハコイノウタ');
INSERT INTO chusan_music (music_id, artist_name, genre, name, release_version, sort_name) VALUES (2351, 'Team Grimoire「Arcaea」', 6, 'Sheriruth', 'v2 2.10.00', 'SHERIRUTH');
INSERT INTO chusan_music_level (diff, enable, level, level_decimal, music_id) VALUES (0, 1, 3, 0, 2347);
INSERT INTO chusan_music_level (diff, enable, level, level_decimal, music_id) VALUES (1, 1, 8, 0, 2347);
INSERT INTO chusan_music_level (diff, enable, level, level_decimal, music_id) VALUES (2, 1, 13, 40, 2347);
INSERT INTO chusan_music_level (diff, enable, level, level_decimal, music_id) VALUES (3, 1, 14, 40, 2347);
INSERT INTO chusan_music_level (diff, enable, level, level_decimal, music_id) VALUES (4, 0, 0, 0, 2347);
INSERT INTO chusan_music_level (diff, enable, level, level_decimal, music_id) VALUES (5, 0, 0, 0, 2347);
INSERT INTO chusan_music_level (diff, enable, level, level_decimal, music_id) VALUES (0, 1, 4, 0, 2348);
INSERT INTO chusan_music_level (diff, enable, level, level_decimal, music_id) VALUES (1, 1, 6, 0, 2348);
INSERT INTO chusan_music_level (diff, enable, level, level_decimal, music_id) VALUES (2, 1, 11, 90, 2348);
INSERT INTO chusan_music_level (diff, enable, level, level_decimal, music_id) VALUES (3, 1, 14, 30, 2348);
INSERT INTO chusan_music_level (diff, enable, level, level_decimal, music_id) VALUES (4, 0, 0, 0, 2348);
INSERT INTO chusan_music_level (diff, enable, level, level_decimal, music_id) VALUES (5, 0, 0, 0, 2348);
INSERT INTO chusan_music_level (diff, enable, level, level_decimal, music_id) VALUES (0, 1, 3, 0, 2349);
INSERT INTO chusan_music_level (diff, enable, level, level_decimal, music_id) VALUES (1, 1, 6, 0, 2349);
INSERT INTO chusan_music_level (diff, enable, level, level_decimal, music_id) VALUES (2, 1, 9, 50, 2349);
INSERT INTO chusan_music_level (diff, enable, level, level_decimal, music_id) VALUES (3, 1, 13, 30, 2349);
INSERT INTO chusan_music_level (diff, enable, level, level_decimal, music_id) VALUES (4, 0, 0, 0, 2349);
INSERT INTO chusan_music_level (diff, enable, level, level_decimal, music_id) VALUES (5, 0, 0, 0, 2349);
INSERT INTO chusan_music_level (diff, enable, level, level_decimal, music_id) VALUES (0, 1, 3, 0, 2350);
INSERT INTO chusan_music_level (diff, enable, level, level_decimal, music_id) VALUES (1, 1, 5, 0, 2350);
INSERT INTO chusan_music_level (diff, enable, level, level_decimal, music_id) VALUES (2, 1, 10, 30, 2350);
INSERT INTO chusan_music_level (diff, enable, level, level_decimal, music_id) VALUES (3, 1, 13, 90, 2350);
INSERT INTO chusan_music_level (diff, enable, level, level_decimal, music_id) VALUES (4, 0, 0, 0, 2350);
INSERT INTO chusan_music_level (diff, enable, level, level_decimal, music_id) VALUES (5, 0, 0, 0, 2350);
INSERT INTO chusan_music_level (diff, enable, level, level_decimal, music_id) VALUES (0, 1, 4, 0, 2351);
INSERT INTO chusan_music_level (diff, enable, level, level_decimal, music_id) VALUES (1, 1, 8, 50, 2351);
INSERT INTO chusan_music_level (diff, enable, level, level_decimal, music_id) VALUES (2, 1, 12, 30, 2351);
INSERT INTO chusan_music_level (diff, enable, level, level_decimal, music_id) VALUES (3, 1, 14, 70, 2351);
INSERT INTO chusan_music_level (diff, enable, level, level_decimal, music_id) VALUES (4, 0, 0, 0, 2351);
INSERT INTO chusan_music_level (diff, enable, level, level_decimal, music_id) VALUES (5, 0, 0, 0, 2351);
INSERT INTO chusan_trophy (id, name) VALUES (6105, '新しい世界へ連れて行って');
INSERT INTO chusan_trophy (id, name) VALUES (6106, 'A Wandering Melody of Love');
INSERT INTO chusan_trophy (id, name) VALUES (6107, '拒絶');
INSERT INTO chusan_trophy (id, name) VALUES (6108, 'Alexandrite');
INSERT INTO chusan_trophy (id, name) VALUES (6109, 'Alexandrite');
INSERT INTO chusan_trophy (id, name) VALUES (6110, 'PRAGMATISM -RESURRECTION-');
INSERT INTO chusan_trophy (id, name) VALUES (6111, 'PRAGMATISM -RESURRECTION-');
INSERT INTO chusan_trophy (id, name) VALUES (6112, 'Alice''s Suitcase');
INSERT INTO chusan_trophy (id, name) VALUES (6113, 'Alice''s Suitcase');
INSERT INTO chusan_trophy (id, name) VALUES (6114, '迷える音色は恋の唄');
INSERT INTO chusan_trophy (id, name) VALUES (6115, '迷える音色は恋の唄');
INSERT INTO chusan_trophy (id, name) VALUES (6116, 'Sheriruth');
INSERT INTO chusan_trophy (id, name) VALUES (6117, 'Sheriruth');
