INSERT INTO chusan_music (music_id, artist_name, genre, name, release_version, sort_name) VALUES (2353, '穴山大輔「原曲:ショパン」', 6, '幻想即興曲', 'v2 2.10.00', 'ケンソウソツキヨウキヨクシヨハン');
INSERT INTO chusan_music (music_id, artist_name, genre, name, release_version, sort_name) VALUES (2354, '大国奏音「原曲:ドビュッシー」', 6, '月の光', 'v2 2.10.00', 'ツキノヒカリトヒユツシウ');
INSERT INTO chusan_music (music_id, artist_name, genre, name, release_version, sort_name) VALUES (2355, '光吉猛修「原曲:ヴィヴァルディ」', 6, '「四季」より「冬」', 'v2 2.10.00', 'シキヨリフユウイウアルテイ');
INSERT INTO chusan_music (music_id, artist_name, genre, name, release_version, sort_name) VALUES (2356, 'Sampling Masters MEGA', 9, 'Moon of Noon', 'v2 2.10.00', 'MOONOFNOON');
INSERT INTO chusan_music (music_id, artist_name, genre, name, release_version, sort_name) VALUES (8259, '桔梗 小夜曲(CV:原田 彩楓)', 7, '【3Dサウンド】小夜ちゃんが秘密裏に手に入れたヤベエ機材でヤベエ音を録る話【イヤホン推奨】（EDテーマ：A.S.S.S.M.R.）', 'v2 2.10.00', '3DサウントサヨチヤンカヒミツリニテニイレタヤヘエキサイテヤヘエオトヲトルハナシイヤホンスイシヨウEDテウマASSSMR');
INSERT INTO chusan_music (music_id, artist_name, genre, name, release_version, sort_name) VALUES (8260, 'Cranky', 5, '4月1日でございました', 'v2 2.10.00', '4カツ1タチテコサイマシタ');
INSERT INTO chusan_music_level (diff, enable, level, level_decimal, music_id) VALUES (0, 1, 4, 0, 2353);
INSERT INTO chusan_music_level (diff, enable, level, level_decimal, music_id) VALUES (1, 1, 7, 50, 2353);
INSERT INTO chusan_music_level (diff, enable, level, level_decimal, music_id) VALUES (2, 1, 12, 40, 2353);
INSERT INTO chusan_music_level (diff, enable, level, level_decimal, music_id) VALUES (3, 1, 14, 80, 2353);
INSERT INTO chusan_music_level (diff, enable, level, level_decimal, music_id) VALUES (4, 0, 0, 0, 2353);
INSERT INTO chusan_music_level (diff, enable, level, level_decimal, music_id) VALUES (5, 0, 0, 0, 2353);
INSERT INTO chusan_music_level (diff, enable, level, level_decimal, music_id) VALUES (0, 1, 6, 0, 2354);
INSERT INTO chusan_music_level (diff, enable, level, level_decimal, music_id) VALUES (1, 1, 7, 0, 2354);
INSERT INTO chusan_music_level (diff, enable, level, level_decimal, music_id) VALUES (2, 1, 10, 50, 2354);
INSERT INTO chusan_music_level (diff, enable, level, level_decimal, music_id) VALUES (3, 1, 14, 80, 2354);
INSERT INTO chusan_music_level (diff, enable, level, level_decimal, music_id) VALUES (4, 0, 0, 0, 2354);
INSERT INTO chusan_music_level (diff, enable, level, level_decimal, music_id) VALUES (5, 0, 0, 0, 2354);
INSERT INTO chusan_music_level (diff, enable, level, level_decimal, music_id) VALUES (0, 1, 3, 0, 2355);
INSERT INTO chusan_music_level (diff, enable, level, level_decimal, music_id) VALUES (1, 1, 6, 0, 2355);
INSERT INTO chusan_music_level (diff, enable, level, level_decimal, music_id) VALUES (2, 1, 12, 40, 2355);
INSERT INTO chusan_music_level (diff, enable, level, level_decimal, music_id) VALUES (3, 1, 14, 40, 2355);
INSERT INTO chusan_music_level (diff, enable, level, level_decimal, music_id) VALUES (4, 0, 0, 0, 2355);
INSERT INTO chusan_music_level (diff, enable, level, level_decimal, music_id) VALUES (5, 0, 0, 0, 2355);
INSERT INTO chusan_music_level (diff, enable, level, level_decimal, music_id) VALUES (0, 1, 5, 0, 2356);
INSERT INTO chusan_music_level (diff, enable, level, level_decimal, music_id) VALUES (1, 1, 9, 50, 2356);
INSERT INTO chusan_music_level (diff, enable, level, level_decimal, music_id) VALUES (2, 1, 12, 0, 2356);
INSERT INTO chusan_music_level (diff, enable, level, level_decimal, music_id) VALUES (3, 1, 14, 30, 2356);
INSERT INTO chusan_music_level (diff, enable, level, level_decimal, music_id) VALUES (4, 0, 0, 0, 2356);
INSERT INTO chusan_music_level (diff, enable, level, level_decimal, music_id) VALUES (5, 0, 0, 0, 2356);
INSERT INTO chusan_music_level (diff, enable, level, level_decimal, music_id) VALUES (0, 0, 0, 0, 8259);
INSERT INTO chusan_music_level (diff, enable, level, level_decimal, music_id) VALUES (1, 0, 0, 0, 8259);
INSERT INTO chusan_music_level (diff, enable, level, level_decimal, music_id) VALUES (2, 0, 0, 0, 8259);
INSERT INTO chusan_music_level (diff, enable, level, level_decimal, music_id) VALUES (3, 0, 0, 0, 8259);
INSERT INTO chusan_music_level (diff, enable, level, level_decimal, music_id) VALUES (4, 0, 0, 0, 8259);
INSERT INTO chusan_music_level (diff, enable, level, level_decimal, music_id) VALUES (5, 1, 0, 0, 8259);
INSERT INTO chusan_music_level (diff, enable, level, level_decimal, music_id) VALUES (0, 0, 0, 0, 8260);
INSERT INTO chusan_music_level (diff, enable, level, level_decimal, music_id) VALUES (1, 0, 0, 0, 8260);
INSERT INTO chusan_music_level (diff, enable, level, level_decimal, music_id) VALUES (2, 0, 0, 0, 8260);
INSERT INTO chusan_music_level (diff, enable, level, level_decimal, music_id) VALUES (3, 0, 0, 0, 8260);
INSERT INTO chusan_music_level (diff, enable, level, level_decimal, music_id) VALUES (4, 0, 0, 0, 8260);
INSERT INTO chusan_music_level (diff, enable, level, level_decimal, music_id) VALUES (5, 1, 0, 0, 8260);
INSERT INTO chusan_trophy (id, name) VALUES (6120, 'Moon oF SUN');
INSERT INTO chusan_trophy (id, name) VALUES (6121, '幻想即興曲');
INSERT INTO chusan_trophy (id, name) VALUES (6122, '幻想即興曲');
INSERT INTO chusan_trophy (id, name) VALUES (6123, '月の光');
INSERT INTO chusan_trophy (id, name) VALUES (6124, '月の光');
INSERT INTO chusan_trophy (id, name) VALUES (6125, '「四季」より「冬」');
INSERT INTO chusan_trophy (id, name) VALUES (6126, '「四季」より「冬」');
INSERT INTO chusan_trophy (id, name) VALUES (6127, 'Moon of Noon');
INSERT INTO chusan_trophy (id, name) VALUES (6128, 'Moon of Noon');
