INSERT INTO chuni_game_skill (id, name, category) VALUES (105110, '優しき流れ', 'Boost1');
INSERT INTO chuni_game_skill (id, name, category) VALUES (105113, 'イロドリミドリの祭典', 'Friendship');
INSERT INTO chuni_game_skill (id, name, category) VALUES (105114, 'ワン・フォー・オール', 'Support');
INSERT INTO chuni_game_skill (id, name, category) VALUES (105115, '爆破', 'Boost1');
INSERT INTO chuni_game_skill (id, name, category) VALUES (105116, '無重力', 'Defence');
INSERT INTO chuni_game_skill (id, name, category) VALUES (105117, '半冷半燃', 'Boost2');
INSERT INTO chuni_game_skill (id, name, category) VALUES (105118, 'エンジン', 'Boost1');
INSERT INTO chuni_game_skill (id, name, category) VALUES (105119, 'THE IDOLM@STER', 'Defence');
INSERT INTO chuni_game_skill (id, name, category) VALUES (105120, 'CINDERELLA GIRLS', 'Support');

INSERT INTO chuni_game_character (id, name, release_tag, works_name, illustrator_name, first_skill_id, skills, add_images) VALUES (12020, '緑谷 出久', 'v1 1.50.00', '僕のヒーローアカデミア', 'None', '105114', '5:0,10:0,15:0,25:0,50:0', '-1:,-1:,-1:,-1:,-1:,-1:,-1:,-1:,-1:');
INSERT INTO chuni_game_character (id, name, release_tag, works_name, illustrator_name, first_skill_id, skills, add_images) VALUES (12030, 'オールマイト', 'v1 1.50.00', '僕のヒーローアカデミア', 'None', '105114', '5:0,10:0,15:0,25:0,50:0', '-1:,-1:,-1:,-1:,-1:,-1:,-1:,-1:,-1:');
INSERT INTO chuni_game_character (id, name, release_tag, works_name, illustrator_name, first_skill_id, skills, add_images) VALUES (12040, '爆豪 勝己', 'v1 1.50.00', '僕のヒーローアカデミア', 'None', '105115', '5:0,10:0,15:0,25:0,50:0', '-1:,-1:,-1:,-1:,-1:,-1:,-1:,-1:,-1:');
INSERT INTO chuni_game_character (id, name, release_tag, works_name, illustrator_name, first_skill_id, skills, add_images) VALUES (12050, '麗日 お茶子', 'v1 1.50.00', '僕のヒーローアカデミア', 'None', '105116', '5:0,10:0,15:0,25:0,50:0', '-1:,-1:,-1:,-1:,-1:,-1:,-1:,-1:,-1:');
INSERT INTO chuni_game_character (id, name, release_tag, works_name, illustrator_name, first_skill_id, skills, add_images) VALUES (12060, '轟 焦凍', 'v1 1.50.00', '僕のヒーローアカデミア', 'None', '105117', '5:0,10:0,15:0,25:0,50:0', '-1:,-1:,-1:,-1:,-1:,-1:,-1:,-1:,-1:');
INSERT INTO chuni_game_character (id, name, release_tag, works_name, illustrator_name, first_skill_id, skills, add_images) VALUES (12070, '飯田 天哉', 'v1 1.50.00', '僕のヒーローアカデミア', 'None', '105118', '5:0,10:0,15:0,25:0,50:0', '-1:,-1:,-1:,-1:,-1:,-1:,-1:,-1:,-1:');
INSERT INTO chuni_game_character (id, name, release_tag, works_name, illustrator_name, first_skill_id, skills, add_images) VALUES (12080, '星井 美希', 'v1 1.50.00', 'アイドルマスター', 'None', '105119', '5:0,10:0,15:0,25:0,50:0', '-1:,-1:,-1:,-1:,-1:,-1:,-1:,-1:,-1:');
INSERT INTO chuni_game_character (id, name, release_tag, works_name, illustrator_name, first_skill_id, skills, add_images) VALUES (12090, '高槻 やよい', 'v1 1.50.00', 'アイドルマスター', 'None', '105119', '5:0,10:0,15:0,25:0,50:0', '-1:,-1:,-1:,-1:,-1:,-1:,-1:,-1:,-1:');
INSERT INTO chuni_game_character (id, name, release_tag, works_name, illustrator_name, first_skill_id, skills, add_images) VALUES (12100, '菊地 真', 'v1 1.50.00', 'アイドルマスター', 'None', '105119', '5:0,10:0,15:0,25:0,50:0', '-1:,-1:,-1:,-1:,-1:,-1:,-1:,-1:,-1:');
INSERT INTO chuni_game_character (id, name, release_tag, works_name, illustrator_name, first_skill_id, skills, add_images) VALUES (12110, '双海 亜美', 'v1 1.50.00', 'アイドルマスター', 'None', '105119', '5:0,10:0,15:0,25:0,50:0', '-1:,-1:,-1:,-1:,-1:,-1:,-1:,-1:,-1:');
INSERT INTO chuni_game_character (id, name, release_tag, works_name, illustrator_name, first_skill_id, skills, add_images) VALUES (12120, '双海 真美', 'v1 1.50.00', 'アイドルマスター', 'None', '105119', '5:0,10:0,15:0,25:0,50:0', '-1:,-1:,-1:,-1:,-1:,-1:,-1:,-1:,-1:');
INSERT INTO chuni_game_character (id, name, release_tag, works_name, illustrator_name, first_skill_id, skills, add_images) VALUES (12130, '四条 貴音', 'v1 1.50.00', 'アイドルマスター', 'None', '105119', '5:0,10:0,15:0,25:0,50:0', '-1:,-1:,-1:,-1:,-1:,-1:,-1:,-1:,-1:');
INSERT INTO chuni_game_character (id, name, release_tag, works_name, illustrator_name, first_skill_id, skills, add_images) VALUES (12140, '島村 卯月', 'v1 1.50.00', 'アイドルマスター', 'None', '105120', '5:0,10:0,15:0,25:0,50:0', '-1:,-1:,-1:,-1:,-1:,-1:,-1:,-1:,-1:');
INSERT INTO chuni_game_character (id, name, release_tag, works_name, illustrator_name, first_skill_id, skills, add_images) VALUES (12150, '渋谷 凛', 'v1 1.50.00', 'アイドルマスター', 'None', '105120', '5:0,10:0,15:0,25:0,50:0', '-1:,-1:,-1:,-1:,-1:,-1:,-1:,-1:,-1:');
INSERT INTO chuni_game_character (id, name, release_tag, works_name, illustrator_name, first_skill_id, skills, add_images) VALUES (12160, '本田 未央', 'v1 1.50.00', 'アイドルマスター', 'None', '105120', '5:0,10:0,15:0,25:0,50:0', '-1:,-1:,-1:,-1:,-1:,-1:,-1:,-1:,-1:');
INSERT INTO chuni_game_character (id, name, release_tag, works_name, illustrator_name, first_skill_id, skills, add_images) VALUES (12170, '赤城 みりあ', 'v1 1.50.00', 'アイドルマスター', 'None', '105120', '5:0,10:0,15:0,25:0,50:0', '-1:,-1:,-1:,-1:,-1:,-1:,-1:,-1:,-1:');
INSERT INTO chuni_game_character (id, name, release_tag, works_name, illustrator_name, first_skill_id, skills, add_images) VALUES (12180, '安部 菜々', 'v1 1.50.00', 'アイドルマスター', 'None', '105120', '5:0,10:0,15:0,25:0,50:0', '-1:,-1:,-1:,-1:,-1:,-1:,-1:,-1:,-1:');
INSERT INTO chuni_game_character (id, name, release_tag, works_name, illustrator_name, first_skill_id, skills, add_images) VALUES (13070, '明坂 芹菜／僕らの学園フェス編', 'v1 1.50.00', 'イロドリミドリ', 'Hisasi', '105113', '2:0,5:0,6:0,9:0,10:0,11:0,14:0,15:0,25:0,50:0', '-1:,-1:,-1:,-1:,-1:,-1:,-1:,-1:,-1:');
INSERT INTO chuni_game_character (id, name, release_tag, works_name, illustrator_name, first_skill_id, skills, add_images) VALUES (13080, '御形 アリシアナ／僕らの学園フェス編', 'v1 1.50.00', 'イロドリミドリ', 'Hisasi', '105113', '2:0,5:0,6:0,9:0,10:0,11:0,14:0,15:0,25:0,50:0', '-1:,-1:,-1:,-1:,-1:,-1:,-1:,-1:,-1:');
INSERT INTO chuni_game_character (id, name, release_tag, works_name, illustrator_name, first_skill_id, skills, add_images) VALUES (13090, '天王洲 なずな／僕らの学園フェス編', 'v1 1.50.00', 'イロドリミドリ', 'Hisasi', '105113', '2:0,5:0,6:0,9:0,10:0,11:0,14:0,15:0,25:0,50:0', '-1:,-1:,-1:,-1:,-1:,-1:,-1:,-1:,-1:');
INSERT INTO chuni_game_character (id, name, release_tag, works_name, illustrator_name, first_skill_id, skills, add_images) VALUES (13100, '箱部 なる／僕らの学園フェス編', 'v1 1.50.00', 'イロドリミドリ', 'Hisasi', '105113', '2:0,5:0,6:0,9:0,10:0,11:0,14:0,15:0,25:0,50:0', '-1:,-1:,-1:,-1:,-1:,-1:,-1:,-1:,-1:');
INSERT INTO chuni_game_character (id, name, release_tag, works_name, illustrator_name, first_skill_id, skills, add_images) VALUES (13110, '小仏 凪／僕らの学園フェス編', 'v1 1.50.00', 'イロドリミドリ', 'Hisasi', '105113', '2:0,5:0,6:0,9:0,10:0,11:0,14:0,15:0,25:0,50:0', '-1:,-1:,-1:,-1:,-1:,-1:,-1:,-1:,-1:');
INSERT INTO chuni_game_character (id, name, release_tag, works_name, illustrator_name, first_skill_id, skills, add_images) VALUES (13120, '月鈴 白奈／僕らの学園フェス編', 'v1 1.50.00', 'イロドリミドリ', 'Hisasi', '105113', '2:0,5:0,6:0,9:0,10:0,11:0,14:0,15:0,25:0,50:0', '-1:,-1:,-1:,-1:,-1:,-1:,-1:,-1:,-1:');
INSERT INTO chuni_game_character (id, name, release_tag, works_name, illustrator_name, first_skill_id, skills, add_images) VALUES (13200, 'ナージャ・ベルリオーズ／祈りの海にて', 'v1 1.50.00', 'カードメイカー', 'ゆきさめ', '105110', '5:0,10:0,15:0,25:0,50:0', '-1:,-1:,-1:,-1:,-1:,-1:,-1:,-1:,-1:');

INSERT INTO chuni_music (music_id, artist_name, copyright, genre, name, release_version, sort_name) VALUES (1059, 'Yooh', 'なし', 9, 'Good bye, Merry-Go-Round.', 'v1 1.55.00', 'GOODBYEMERRYGOROUND');
INSERT INTO chuni_music (music_id, artist_name, copyright, genre, name, release_version, sort_name) VALUES (1106, 'cosMo＠暴走AlterEgo', 'なし', 9, 'アポカリプスに反逆の焔を焚べろ', 'v1 1.55.00', 'アホカリフスニハンキヤクノヒヲクヘロ');
INSERT INTO chuni_music (music_id, artist_name, copyright, genre, name, release_version, sort_name) VALUES (2000, 'DISH//「僕のヒーローアカデミア」', '楽曲「Lemon」「紅蓮華」', 0, 'No.1', 'v1 1.55.00', 'NO1');
INSERT INTO chuni_music (music_id, artist_name, copyright, genre, name, release_version, sort_name) VALUES (2001, '星井美希、高槻やよい、菊地 真、双海亜美、双海真美、四条貴音「アイドルマスター」', '「アイドルマスター」', 0, 'ザ・ライブ革命でSHOW！', 'v1 1.55.00', 'サライフカクメイテSHOW');
INSERT INTO chuni_music (music_id, artist_name, copyright, genre, name, release_version, sort_name) VALUES (2002, '島村卯月、渋谷 凛、本田未央、赤城みりあ、安部菜々「アイドルマスター シンデレラガールズ」', '「アイドルマスターシンデレラガールズ」', 0, 'Yes! Party Time!!', 'v1 1.55.00', 'YESPARTYTIME');
INSERT INTO chuni_music (music_id, artist_name, copyright, genre, name, release_version, sort_name) VALUES (2048, 'イロドリミドリ', 'なし', 7, '召しませ！Rock''n Roll Party', 'v1 1.55.00', 'メシマセROCKNROLLPARTY');
INSERT INTO chuni_music (music_id, artist_name, copyright, genre, name, release_version, sort_name) VALUES (2106, '舞ヶ原Riders', 'なし', 7, 'Kattobi舞高Riders', 'v1 1.55.00', 'KATTOBIマイコウRIDERS');

INSERT INTO chuni_music_level (diff, enable, level, level_decimal, music_id) VALUES (0, 1, 4, 0, 1059);
INSERT INTO chuni_music_level (diff, enable, level, level_decimal, music_id) VALUES (1, 1, 7, 0, 1059);
INSERT INTO chuni_music_level (diff, enable, level, level_decimal, music_id) VALUES (2, 1, 12, 20, 1059);
INSERT INTO chuni_music_level (diff, enable, level, level_decimal, music_id) VALUES (3, 1, 13, 50, 1059);
INSERT INTO chuni_music_level (diff, enable, level, level_decimal, music_id) VALUES (4, 0, 0, 0, 1059);
INSERT INTO chuni_music_level (diff, enable, level, level_decimal, music_id) VALUES (0, 1, 4, 0, 1106);
INSERT INTO chuni_music_level (diff, enable, level, level_decimal, music_id) VALUES (1, 1, 8, 0, 1106);
INSERT INTO chuni_music_level (diff, enable, level, level_decimal, music_id) VALUES (2, 1, 12, 70, 1106);
INSERT INTO chuni_music_level (diff, enable, level, level_decimal, music_id) VALUES (3, 1, 13, 90, 1106);
INSERT INTO chuni_music_level (diff, enable, level, level_decimal, music_id) VALUES (4, 0, 0, 0, 1106);
INSERT INTO chuni_music_level (diff, enable, level, level_decimal, music_id) VALUES (0, 1, 3, 0, 2000);
INSERT INTO chuni_music_level (diff, enable, level, level_decimal, music_id) VALUES (1, 1, 6, 0, 2000);
INSERT INTO chuni_music_level (diff, enable, level, level_decimal, music_id) VALUES (2, 1, 9, 0, 2000);
INSERT INTO chuni_music_level (diff, enable, level, level_decimal, music_id) VALUES (3, 1, 11, 70, 2000);
INSERT INTO chuni_music_level (diff, enable, level, level_decimal, music_id) VALUES (4, 0, 0, 0, 2000);
INSERT INTO chuni_music_level (diff, enable, level, level_decimal, music_id) VALUES (0, 1, 2, 0, 2001);
INSERT INTO chuni_music_level (diff, enable, level, level_decimal, music_id) VALUES (1, 1, 5, 0, 2001);
INSERT INTO chuni_music_level (diff, enable, level, level_decimal, music_id) VALUES (2, 1, 9, 0, 2001);
INSERT INTO chuni_music_level (diff, enable, level, level_decimal, music_id) VALUES (3, 1, 12, 20, 2001);
INSERT INTO chuni_music_level (diff, enable, level, level_decimal, music_id) VALUES (4, 0, 0, 0, 2001);
INSERT INTO chuni_music_level (diff, enable, level, level_decimal, music_id) VALUES (0, 1, 3, 0, 2002);
INSERT INTO chuni_music_level (diff, enable, level, level_decimal, music_id) VALUES (1, 1, 5, 0, 2002);
INSERT INTO chuni_music_level (diff, enable, level, level_decimal, music_id) VALUES (2, 1, 9, 70, 2002);
INSERT INTO chuni_music_level (diff, enable, level, level_decimal, music_id) VALUES (3, 1, 11, 80, 2002);
INSERT INTO chuni_music_level (diff, enable, level, level_decimal, music_id) VALUES (4, 0, 0, 0, 2002);
INSERT INTO chuni_music_level (diff, enable, level, level_decimal, music_id) VALUES (0, 1, 2, 0, 2048);
INSERT INTO chuni_music_level (diff, enable, level, level_decimal, music_id) VALUES (1, 1, 6, 0, 2048);
INSERT INTO chuni_music_level (diff, enable, level, level_decimal, music_id) VALUES (2, 1, 10, 70, 2048);
INSERT INTO chuni_music_level (diff, enable, level, level_decimal, music_id) VALUES (3, 1, 12, 50, 2048);
INSERT INTO chuni_music_level (diff, enable, level, level_decimal, music_id) VALUES (4, 0, 0, 0, 2048);
INSERT INTO chuni_music_level (diff, enable, level, level_decimal, music_id) VALUES (0, 1, 3, 0, 2106);
INSERT INTO chuni_music_level (diff, enable, level, level_decimal, music_id) VALUES (1, 1, 5, 0, 2106);
INSERT INTO chuni_music_level (diff, enable, level, level_decimal, music_id) VALUES (2, 1, 10, 0, 2106);
INSERT INTO chuni_music_level (diff, enable, level, level_decimal, music_id) VALUES (3, 1, 12, 70, 2106);
INSERT INTO chuni_music_level (diff, enable, level, level_decimal, music_id) VALUES (4, 0, 0, 0, 2106);

INSERT INTO `chuni_game_event` (`id`, `end_date`, `start_date`, `type`, `enable`) VALUES (6300, '2029-01-01 00:00:00.000000', '2019-01-01 00:00:00.000000',3, b'1');
INSERT INTO `chuni_game_event` (`id`, `end_date`, `start_date`, `type`, `enable`) VALUES (6301, '2029-01-01 00:00:00.000000', '2019-01-01 00:00:00.000000',1, b'0');
INSERT INTO `chuni_game_event` (`id`, `end_date`, `start_date`, `type`, `enable`) VALUES (6302, '2029-01-01 00:00:00.000000', '2019-01-01 00:00:00.000000',2, b'1');
INSERT INTO `chuni_game_event` (`id`, `end_date`, `start_date`, `type`, `enable`) VALUES (6303, '2029-01-01 00:00:00.000000', '2019-01-01 00:00:00.000000',8, b'1');
INSERT INTO `chuni_game_event` (`id`, `end_date`, `start_date`, `type`, `enable`) VALUES (6304, '2029-01-01 00:00:00.000000', '2019-01-01 00:00:00.000000',1, b'0');
INSERT INTO `chuni_game_event` (`id`, `end_date`, `start_date`, `type`, `enable`) VALUES (6305, '2029-01-01 00:00:00.000000', '2019-01-01 00:00:00.000000',2, b'1');
INSERT INTO `chuni_game_event` (`id`, `end_date`, `start_date`, `type`, `enable`) VALUES (6306, '2029-01-01 00:00:00.000000', '2019-01-01 00:00:00.000000',8, b'1');
INSERT INTO `chuni_game_event` (`id`, `end_date`, `start_date`, `type`, `enable`) VALUES (6307, '2029-01-01 00:00:00.000000', '2019-01-01 00:00:00.000000',1, b'0');
INSERT INTO `chuni_game_event` (`id`, `end_date`, `start_date`, `type`, `enable`) VALUES (6308, '2029-01-01 00:00:00.000000', '2019-01-01 00:00:00.000000',2, b'1');
INSERT INTO `chuni_game_event` (`id`, `end_date`, `start_date`, `type`, `enable`) VALUES (6309, '2029-01-01 00:00:00.000000', '2019-01-01 00:00:00.000000',8, b'1');
INSERT INTO `chuni_game_event` (`id`, `end_date`, `start_date`, `type`, `enable`) VALUES (6310, '2029-01-01 00:00:00.000000', '2019-01-01 00:00:00.000000',1, b'0');
INSERT INTO `chuni_game_event` (`id`, `end_date`, `start_date`, `type`, `enable`) VALUES (6311, '2029-01-01 00:00:00.000000', '2019-01-01 00:00:00.000000',2, b'1');
INSERT INTO `chuni_game_event` (`id`, `end_date`, `start_date`, `type`, `enable`) VALUES (6312, '2029-01-01 00:00:00.000000', '2019-01-01 00:00:00.000000',1, b'0');
INSERT INTO `chuni_game_event` (`id`, `end_date`, `start_date`, `type`, `enable`) VALUES (6313, '2029-01-01 00:00:00.000000', '2019-01-01 00:00:00.000000',3, b'1');
INSERT INTO `chuni_game_event` (`id`, `end_date`, `start_date`, `type`, `enable`) VALUES (6314, '2029-01-01 00:00:00.000000', '2019-01-01 00:00:00.000000',1, b'0');
INSERT INTO `chuni_game_event` (`id`, `end_date`, `start_date`, `type`, `enable`) VALUES (6315, '2029-01-01 00:00:00.000000', '2019-01-01 00:00:00.000000',2, b'1');
INSERT INTO `chuni_game_event` (`id`, `end_date`, `start_date`, `type`, `enable`) VALUES (6316, '2029-01-01 00:00:00.000000', '2019-01-01 00:00:00.000000',1, b'0');
INSERT INTO `chuni_game_event` (`id`, `end_date`, `start_date`, `type`, `enable`) VALUES (6317, '2029-01-01 00:00:00.000000', '2019-01-01 00:00:00.000000',8, b'1');
INSERT INTO `chuni_game_event` (`id`, `end_date`, `start_date`, `type`, `enable`) VALUES (6318, '2029-01-01 00:00:00.000000', '2019-01-01 00:00:00.000000',1, b'0');
INSERT INTO `chuni_game_event` (`id`, `end_date`, `start_date`, `type`, `enable`) VALUES (6319, '2029-01-01 00:00:00.000000', '2019-01-01 00:00:00.000000',9, b'1');
INSERT INTO `chuni_game_event` (`id`, `end_date`, `start_date`, `type`, `enable`) VALUES (6320, '2029-01-01 00:00:00.000000', '2019-01-01 00:00:00.000000',3, b'1');
INSERT INTO `chuni_game_event` (`id`, `end_date`, `start_date`, `type`, `enable`) VALUES (6321, '2029-01-01 00:00:00.000000', '2019-01-01 00:00:00.000000',5, b'1');
INSERT INTO `chuni_game_event` (`id`, `end_date`, `start_date`, `type`, `enable`) VALUES (6322, '2029-01-01 00:00:00.000000', '2019-01-01 00:00:00.000000',7, b'1');
INSERT INTO `chuni_game_event` (`id`, `end_date`, `start_date`, `type`, `enable`) VALUES (19000, '2029-01-01 00:00:00.000000', '2019-01-01 00:00:00.000000',10, b'1');
