-- A000
-- cards
INSERT INTO ongeki_game_card (id, name, nick_name, attribute, chara_id, school, gakunen, rarity, level_param, skill_id, cho_kaika_skill_id, card_number, version) VALUES(100467, '【SSR】チルノ[凍符「パーフェクトフリーズ」]', '凍符「パーフェクトフリーズ」', 'Aqua', 2007, '東方Project', '-', 'SSR', '60,257,280,295,307,317,0,0,0,322', 100144, 100145, '[O.N.G.E.K.I.]1.30-E-0038', '1.30');
INSERT INTO ongeki_game_card (id, name, nick_name, attribute, chara_id, school, gakunen, rarity, level_param, skill_id, cho_kaika_skill_id, card_number, version) VALUES(101322, '【SSR】皇城 セツナ[デイドリーム・フェアリーズ]', 'デイドリーム・フェアリーズ', 'Fire', 1016, '奏坂学園', '高校3年生', 'SSR', '65,270,291,304,314,322,0,0,0,327', 130014, 130015, '[O.N.G.E.K.I.]1.30-0003', '1.30');
INSERT INTO ongeki_game_card (id, name, nick_name, attribute, chara_id, school, gakunen, rarity, level_param, skill_id, cho_kaika_skill_id, card_number, version) VALUES(101323, '【SSR】藍原 椿[デイドリーム・エンジェルズ]', 'デイドリーム・エンジェルズ', 'Leaf', 1005, '奏坂学園', '高校1年生', 'SSR', '70,300,313,323,330,335,0,0,0,340', 130016, 130017, '[O.N.G.E.K.I.]1.30-0023', '1.30');
INSERT INTO ongeki_game_card (id, name, nick_name, attribute, chara_id, school, gakunen, rarity, level_param, skill_id, cho_kaika_skill_id, card_number, version) VALUES(101325, '【SSR】藤沢 柚子[デイドリーム・エンジェルズ]', 'デイドリーム・エンジェルズ', 'Leaf', 1001, '奏坂学園', '高校2年生', 'SSR', '70,300,313,323,330,335,0,0,0,340', 130020, 130021, '[O.N.G.E.K.I.]1.30-0014', '1.30');
INSERT INTO ongeki_game_card (id, name, nick_name, attribute, chara_id, school, gakunen, rarity, level_param, skill_id, cho_kaika_skill_id, card_number, version) VALUES(101326, '【SSR】高瀬 梨緒[デイドリーム・エンジェルズ]', 'デイドリーム・エンジェルズ', 'Aqua', 1003, '奏坂学園', '高校2年生', 'SSR', '70,300,313,323,330,335,0,0,0,340', 130022, 130023, '[O.N.G.E.K.I.]1.30-0021', '1.30');
INSERT INTO ongeki_game_card (id, name, nick_name, attribute, chara_id, school, gakunen, rarity, level_param, skill_id, cho_kaika_skill_id, card_number, version) VALUES(101328, '【SSR】星咲 あかり[デイドリーム・エンジェルズ]', 'デイドリーム・エンジェルズ', 'Fire', 1000, '奏坂学園', '高校2年生', 'SSR', '70,300,313,323,330,335,0,0,0,340', 130026, 130027, '[O.N.G.E.K.I.]1.30-0013', '1.30');
INSERT INTO ongeki_game_card (id, name, nick_name, attribute, chara_id, school, gakunen, rarity, level_param, skill_id, cho_kaika_skill_id, card_number, version) VALUES(101329, '【SSR】三角 葵[デイドリーム・エンジェルズ]', 'デイドリーム・エンジェルズ', 'Aqua', 1002, '奏坂学園', '高校2年生', 'SSR', '70,300,313,323,330,335,0,0,0,340', 130028, 130029, '[O.N.G.E.K.I.]1.30-0015', '1.30');
INSERT INTO ongeki_game_card (id, name, nick_name, attribute, chara_id, school, gakunen, rarity, level_param, skill_id, cho_kaika_skill_id, card_number, version) VALUES(101330, '【SSR】結城 莉玖[デイドリーム・エンジェルズ]', 'デイドリーム・エンジェルズ', 'Fire', 1004, '奏坂学園', '高校1年生', 'SSR', '70,300,313,323,330,335,0,0,0,340', 130030, 130031, '[O.N.G.E.K.I.]1.30-0022', '1.30');
INSERT INTO ongeki_game_card (id, name, nick_name, attribute, chara_id, school, gakunen, rarity, level_param, skill_id, cho_kaika_skill_id, card_number, version) VALUES(101563, '【N】皇城 セツナ', '', 'Fire', 1016, '奏坂学園', '高校3年生', 'N', '50,197,212,227,242,257,287,317,347,347', 130092, 130093, '[O.N.G.E.K.I.]1.30-0008', '1.30');
INSERT INTO ongeki_game_card (id, name, nick_name, attribute, chara_id, school, gakunen, rarity, level_param, skill_id, cho_kaika_skill_id, card_number, version) VALUES(101564, '【SSR】皇城 セツナ[ONGEKI Sound Collection 06]', 'ONGEKI Sound Collection 06', 'Fire', 1016, 'プロモーション', '高校3年生', 'SSR', '65,262,285,300,312,322,0,0,0,327', 130096, 130097, '[O.N.G.E.K.I.]SC-0006', '1.30');
INSERT INTO ongeki_game_card (id, name, nick_name, attribute, chara_id, school, gakunen, rarity, level_param, skill_id, cho_kaika_skill_id, card_number, version) VALUES(101566, '【SR】皇城 セツナ[てきぱきリサーチ]', 'てきぱきリサーチ', 'Fire', 1016, '奏坂学園', '高校3年生', 'SR', '55,227,242,257,272,287,0,0,0,287', 130054, 130055, '[O.N.G.E.K.I.]1.30-0005', '1.30');
INSERT INTO ongeki_game_card (id, name, nick_name, attribute, chara_id, school, gakunen, rarity, level_param, skill_id, cho_kaika_skill_id, card_number, version) VALUES(101567, '【SSR】皇城 セツナ[漆黒の執行者]', '漆黒の執行者', 'Fire', 1016, '奏坂学園', '高校3年生', 'SSR', '65,270,291,304,314,322,0,0,0,327', 130052, 130053, '[O.N.G.E.K.I.]1.30-0002', '1.30');
INSERT INTO ongeki_game_card (id, name, nick_name, attribute, chara_id, school, gakunen, rarity, level_param, skill_id, cho_kaika_skill_id, card_number, version) VALUES(101573, '【SR+】三角 葵[ここだけSmiling]', 'ここだけSmiling', 'Aqua', 1002, '奏坂学園', '高校2年生', 'SRPlus', '53,240,263,278,290,300,0,0,0,300', 130090, 130091, '[O.N.G.E.K.I.]1.30-0025', '1.30');
INSERT INTO ongeki_game_card (id, name, nick_name, attribute, chara_id, school, gakunen, rarity, level_param, skill_id, cho_kaika_skill_id, card_number, version) VALUES(101574, '【SR+】柏木 咲姫[お届けハウスキーパー]', 'お届けハウスキーパー', 'Aqua', 1009, '奏坂学園', '高校3年生', 'SRPlus', '53,240,263,278,290,300,0,0,0,300', 110066, 110067, '[O.N.G.E.K.I.]1.30-0024', '1.30');
INSERT INTO ongeki_game_card (id, name, nick_name, attribute, chara_id, school, gakunen, rarity, level_param, skill_id, cho_kaika_skill_id, card_number, version) VALUES(101575, '【SR+】逢坂 茜[罰ゲームはメイド服]', '罰ゲームはメイド服', 'Fire', 1011, '奏坂学園', '高校3年生', 'SRPlus', '53,240,263,278,290,300,0,0,0,300', 125084, 125085, '[O.N.G.E.K.I.]1.30-0016', '1.30');
INSERT INTO ongeki_game_card (id, name, nick_name, attribute, chara_id, school, gakunen, rarity, level_param, skill_id, cho_kaika_skill_id, card_number, version) VALUES(101576, '【SR+】日向 千夏[カミナリにご用心]', 'カミナリにご用心', 'Leaf', 1014, '奏坂学園', '中学2年生', 'SRPlus', '53,240,263,278,290,300,0,0,0,300', 125084, 125085, '[O.N.G.E.K.I.]1.30-0030', '1.30');
INSERT INTO ongeki_game_card (id, name, nick_name, attribute, chara_id, school, gakunen, rarity, level_param, skill_id, cho_kaika_skill_id, card_number, version) VALUES(101577, '【SR+】皇城 セツナ[薄暮バイオリニスト]', '薄暮バイオリニスト', 'Fire', 1016, '奏坂学園', '高校3年生', 'SRPlus', '53,240,263,278,290,300,0,0,0,300', 130098, 130099, '[O.N.G.E.K.I.]1.30-0004', '1.30');
INSERT INTO ongeki_game_card (id, name, nick_name, attribute, chara_id, school, gakunen, rarity, level_param, skill_id, cho_kaika_skill_id, card_number, version) VALUES(101589, '【R】皇城 セツナ[シュータードレス]', 'シュータードレス', 'Fire', 1016, '奏坂学園', '高校3年生', 'R', '50,197,212,227,242,257,0,0,0,257', 130056, 130057, '[O.N.G.E.K.I.]1.30-0006', '1.30');
INSERT INTO ongeki_game_card (id, name, nick_name, attribute, chara_id, school, gakunen, rarity, level_param, skill_id, cho_kaika_skill_id, card_number, version) VALUES(101592, '【SSR】星咲 あかり[憧れの先を目指して]', '憧れの先を目指して', 'Fire', 1000, '奏坂学園', '高校2年生', 'SSR', '65,270,291,304,314,322,0,0,0,327', 130050, 130051, '[O.N.G.E.K.I.]1.30-0001', '1.30');
INSERT INTO ongeki_game_card (id, name, nick_name, attribute, chara_id, school, gakunen, rarity, level_param, skill_id, cho_kaika_skill_id, card_number, version) VALUES(101593, '【SSR】日向 千夏[一緒に入ろ？]', '一緒に入ろ？', 'Leaf', 1014, '奏坂学園', '中学2年生', 'SSR', '65,270,291,304,314,322,0,0,0,327', 130060, 130061, '[O.N.G.E.K.I.]1.30-0012', '1.30');
INSERT INTO ongeki_game_card (id, name, nick_name, attribute, chara_id, school, gakunen, rarity, level_param, skill_id, cho_kaika_skill_id, card_number, version) VALUES(101594, '【SSR】東雲 つむぎ[イルミネーション・ファンタジー]', 'イルミネーション・ファンタジー', 'Aqua', 1015, '奏坂学園', '中学2年生', 'SSR', '65,270,291,304,314,322,0,0,0,327', 130066, 130067, '[O.N.G.E.K.I.]1.30-0020', '1.30');
INSERT INTO ongeki_game_card (id, name, nick_name, attribute, chara_id, school, gakunen, rarity, level_param, skill_id, cho_kaika_skill_id, card_number, version) VALUES(101595, '【SSR】早乙女 彩華[bitter kiss, bitter girl]', 'bitter kiss, bitter girl', 'Aqua', 1006, '奏坂学園', '高校3年生', 'SSR', '65,270,291,304,314,322,0,0,0,327', 130070, 130071, '[O.N.G.E.K.I.]1.30-0027', '1.30');
INSERT INTO ongeki_game_card (id, name, nick_name, attribute, chara_id, school, gakunen, rarity, level_param, skill_id, cho_kaika_skill_id, card_number, version) VALUES(101601, '【SR】九條 楓[ほっこり湯上がり]', 'ほっこり湯上がり', 'Leaf', 1008, '奏坂学園', '高校3年生', 'SR', '55,227,242,257,272,287,0,0,0,287', 125064, 125065, '[O.N.G.E.K.I.]1.30-0010', '1.30');
INSERT INTO ongeki_game_card (id, name, nick_name, attribute, chara_id, school, gakunen, rarity, level_param, skill_id, cho_kaika_skill_id, card_number, version) VALUES(101602, '【SR】藤沢 柚子[ビッグなプレゼント希望]', 'ビッグなプレゼント希望', 'Leaf', 1001, '奏坂学園', '高校2年生', 'SR', '55,227,242,257,272,287,0,0,0,287', 130094, 130095, '[O.N.G.E.K.I.]1.30-0017', '1.30');
INSERT INTO ongeki_game_card (id, name, nick_name, attribute, chara_id, school, gakunen, rarity, level_param, skill_id, cho_kaika_skill_id, card_number, version) VALUES(101603, '【SR】結城 莉玖[よりどりチョコバイキング]', 'よりどりチョコバイキング', 'Fire', 1004, '奏坂学園', '高校1年生', 'SR', '55,227,242,257,272,287,0,0,0,287', 120088, 120089, '[O.N.G.E.K.I.]1.30-0026', '1.30');
INSERT INTO ongeki_game_card (id, name, nick_name, attribute, chara_id, school, gakunen, rarity, level_param, skill_id, cho_kaika_skill_id, card_number, version) VALUES(101609, '【SSR】三角 葵[湯けむり温泉旅情]', '湯けむり温泉旅情', 'Aqua', 1002, '奏坂学園', '高校2年生', 'SSR', '65,270,291,304,314,322,0,0,0,327', 125046, 125047, '[O.N.G.E.K.I.]1.30-0009', '1.30');
INSERT INTO ongeki_game_card (id, name, nick_name, attribute, chara_id, school, gakunen, rarity, level_param, skill_id, cho_kaika_skill_id, card_number, version) VALUES(101610, '【SSR】逢坂 茜[湯けむり温泉旅情]', '湯けむり温泉旅情', 'Fire', 1011, '奏坂学園', '高校3年生', 'SSR', '65,270,291,304,314,322,0,0,0,327', 130058, 130059, '[O.N.G.E.K.I.]1.30-0011', '1.30');
INSERT INTO ongeki_game_card (id, name, nick_name, attribute, chara_id, school, gakunen, rarity, level_param, skill_id, cho_kaika_skill_id, card_number, version) VALUES(101611, '【SSR】柏木 咲姫[Christmas with You]', 'Christmas with You', 'Aqua', 1009, '奏坂学園', '高校3年生', 'SSR', '65,270,291,304,314,322,0,0,0,327', 130062, 130063, '[O.N.G.E.K.I.]1.30-0019', '1.30');
INSERT INTO ongeki_game_card (id, name, nick_name, attribute, chara_id, school, gakunen, rarity, level_param, skill_id, cho_kaika_skill_id, card_number, version) VALUES(101612, '【SSR】桜井 春菜[Christmas with You]', 'Christmas with You', 'Fire', 1007, '奏坂学園', '高校2年生', 'SSR', '65,270,291,304,314,322,0,0,0,327', 130064, 130065, '[O.N.G.E.K.I.]1.30-0018', '1.30');
INSERT INTO ongeki_game_card (id, name, nick_name, attribute, chara_id, school, gakunen, rarity, level_param, skill_id, cho_kaika_skill_id, card_number, version) VALUES(101613, '【SSR】珠洲島 有栖[満点ショコラティエ]', '満点ショコラティエ', 'Aqua', 1012, '奏坂学園', '高校1年生', 'SSR', '65,270,291,304,314,322,0,0,0,327', 130070, 130071, '[O.N.G.E.K.I.]1.30-0028', '1.30');
INSERT INTO ongeki_game_card (id, name, nick_name, attribute, chara_id, school, gakunen, rarity, level_param, skill_id, cho_kaika_skill_id, card_number, version) VALUES(101614, '【SSR】皇城 セツナ[満点ショコラティエ]', '満点ショコラティエ', 'Fire', 1016, '奏坂学園', '高校3年生', 'SSR', '65,270,291,304,314,322,0,0,0,327', 130068, 130069, '[O.N.G.E.K.I.]1.30-0029', '1.30');
INSERT INTO ongeki_game_card (id, name, nick_name, attribute, chara_id, school, gakunen, rarity, level_param, skill_id, cho_kaika_skill_id, card_number, version) VALUES(101619, '【R】皇城 セツナ[私服]', '私服', 'Fire', 1016, '奏坂学園', '高校3年生', 'R', '50,197,212,227,242,257,0,0,0,257', 130056, 130057, '[O.N.G.E.K.I.]1.30-0007', '1.30');
INSERT INTO ongeki_game_card (id, name, nick_name, attribute, chara_id, school, gakunen, rarity, level_param, skill_id, cho_kaika_skill_id, card_number, version) VALUES(101628, '【R】ティアラ[LiGHTs]', 'LiGHTs', 'Fire', 46049, 'ラピスリライツ', '-', 'R', '50,197,212,227,242,257,0,0,0,257', 100005, 100046, '[O.N.G.E.K.I.]1.30-E-0046', '1.30');
INSERT INTO ongeki_game_card (id, name, nick_name, attribute, chara_id, school, gakunen, rarity, level_param, skill_id, cho_kaika_skill_id, card_number, version) VALUES(101629, '【R】ロゼッタ[LiGHTs]', 'LiGHTs', 'Fire', 46050, 'ラピスリライツ', '-', 'R', '50,197,212,227,242,257,0,0,0,257', 110092, 110093, '[O.N.G.E.K.I.]1.30-E-0048', '1.30');
INSERT INTO ongeki_game_card (id, name, nick_name, attribute, chara_id, school, gakunen, rarity, level_param, skill_id, cho_kaika_skill_id, card_number, version) VALUES(101630, '【R】ラヴィ[LiGHTs]', 'LiGHTs', 'Fire', 46051, 'ラピスリライツ', '-', 'R', '50,197,212,227,242,257,0,0,0,257', 100005, 100046, '[O.N.G.E.K.I.]1.30-E-0050', '1.30');
INSERT INTO ongeki_game_card (id, name, nick_name, attribute, chara_id, school, gakunen, rarity, level_param, skill_id, cho_kaika_skill_id, card_number, version) VALUES(101631, '【R】アシュレイ[LiGHTs]', 'LiGHTs', 'Fire', 46052, 'ラピスリライツ', '-', 'R', '50,197,212,227,242,257,0,0,0,257', 110092, 110093, '[O.N.G.E.K.I.]1.30-E-0052', '1.30');
INSERT INTO ongeki_game_card (id, name, nick_name, attribute, chara_id, school, gakunen, rarity, level_param, skill_id, cho_kaika_skill_id, card_number, version) VALUES(101632, '【R】リネット[LiGHTs]', 'LiGHTs', 'Fire', 46053, 'ラピスリライツ', '-', 'R', '50,197,212,227,242,257,0,0,0,257', 110148, 110149, '[O.N.G.E.K.I.]1.30-E-0054', '1.30');
INSERT INTO ongeki_game_card (id, name, nick_name, attribute, chara_id, school, gakunen, rarity, level_param, skill_id, cho_kaika_skill_id, card_number, version) VALUES(101633, '【R】エミリア[IV KLORE]', 'IV KLORE', 'Aqua', 46054, 'ラピスリライツ', '-', 'R', '50,197,212,227,242,257,0,0,0,257', 110092, 110093, '[O.N.G.E.K.I.]1.30-E-0056', '1.30');
INSERT INTO ongeki_game_card (id, name, nick_name, attribute, chara_id, school, gakunen, rarity, level_param, skill_id, cho_kaika_skill_id, card_number, version) VALUES(101634, '【R】あるふぁ[IV KLORE]', 'IV KLORE', 'Aqua', 46055, 'ラピスリライツ', '-', 'R', '50,197,212,227,242,257,0,0,0,257', 100003, 100044, '[O.N.G.E.K.I.]1.30-E-0058', '1.30');
INSERT INTO ongeki_game_card (id, name, nick_name, attribute, chara_id, school, gakunen, rarity, level_param, skill_id, cho_kaika_skill_id, card_number, version) VALUES(101635, '【R】サルサ[IV KLORE]', 'IV KLORE', 'Aqua', 46056, 'ラピスリライツ', '-', 'R', '50,197,212,227,242,257,0,0,0,257', 110092, 110093, '[O.N.G.E.K.I.]1.30-E-0060', '1.30');
INSERT INTO ongeki_game_card (id, name, nick_name, attribute, chara_id, school, gakunen, rarity, level_param, skill_id, cho_kaika_skill_id, card_number, version) VALUES(101636, '【R】ガーネット[IV KLORE]', 'IV KLORE', 'Aqua', 46057, 'ラピスリライツ', '-', 'R', '50,197,212,227,242,257,0,0,0,257', 100004, 100045, '[O.N.G.E.K.I.]1.30-E-0062', '1.30');
INSERT INTO ongeki_game_card (id, name, nick_name, attribute, chara_id, school, gakunen, rarity, level_param, skill_id, cho_kaika_skill_id, card_number, version) VALUES(101637, '【R】ナデシコ[この花は乙女]', 'この花は乙女', 'Leaf', 46058, 'ラピスリライツ', '-', 'R', '50,197,212,227,242,257,0,0,0,257', 100004, 100045, '[O.N.G.E.K.I.]1.30-E-0064', '1.30');
INSERT INTO ongeki_game_card (id, name, nick_name, attribute, chara_id, school, gakunen, rarity, level_param, skill_id, cho_kaika_skill_id, card_number, version) VALUES(101638, '【R】ツバキ[この花は乙女]', 'この花は乙女', 'Leaf', 46059, 'ラピスリライツ', '-', 'R', '50,197,212,227,242,257,0,0,0,257', 110092, 110093, '[O.N.G.E.K.I.]1.30-E-0066', '1.30');
INSERT INTO ongeki_game_card (id, name, nick_name, attribute, chara_id, school, gakunen, rarity, level_param, skill_id, cho_kaika_skill_id, card_number, version) VALUES(101639, '【R】カエデ[この花は乙女]', 'この花は乙女', 'Leaf', 46060, 'ラピスリライツ', '-', 'R', '50,197,212,227,242,257,0,0,0,257', 110092, 110093, '[O.N.G.E.K.I.]1.30-E-0068', '1.30');
INSERT INTO ongeki_game_card (id, name, nick_name, attribute, chara_id, school, gakunen, rarity, level_param, skill_id, cho_kaika_skill_id, card_number, version) VALUES(101640, '【R】ラトゥーラ[シュガーポケッツ]', 'シュガーポケッツ', 'Leaf', 46061, 'ラピスリライツ', '-', 'R', '50,197,212,227,242,257,0,0,0,257', 100005, 100046, '[O.N.G.E.K.I.]1.30-E-0070', '1.30');
INSERT INTO ongeki_game_card (id, name, nick_name, attribute, chara_id, school, gakunen, rarity, level_param, skill_id, cho_kaika_skill_id, card_number, version) VALUES(101641, '【R】シャンペ[シュガーポケッツ]', 'シュガーポケッツ', 'Leaf', 46062, 'ラピスリライツ', '-', 'R', '50,197,212,227,242,257,0,0,0,257', 100005, 100046, '[O.N.G.E.K.I.]1.30-E-0072', '1.30');
INSERT INTO ongeki_game_card (id, name, nick_name, attribute, chara_id, school, gakunen, rarity, level_param, skill_id, cho_kaika_skill_id, card_number, version) VALUES(101642, '【R】メアリーベリー[シュガーポケッツ]', 'シュガーポケッツ', 'Leaf', 46063, 'ラピスリライツ', '-', 'R', '50,197,212,227,242,257,0,0,0,257', 110148, 110149, '[O.N.G.E.K.I.]1.30-E-0074', '1.30');
INSERT INTO ongeki_game_card (id, name, nick_name, attribute, chara_id, school, gakunen, rarity, level_param, skill_id, cho_kaika_skill_id, card_number, version) VALUES(101643, '【R】アンジェリカ[Sadistic★Candy]', 'Sadistic★Candy', 'Fire', 46064, 'ラピスリライツ', '-', 'R', '50,197,212,227,242,257,0,0,0,257', 110000, 110001, '[O.N.G.E.K.I.]1.30-E-0076', '1.30');
INSERT INTO ongeki_game_card (id, name, nick_name, attribute, chara_id, school, gakunen, rarity, level_param, skill_id, cho_kaika_skill_id, card_number, version) VALUES(101644, '【R】ルキフェル[Sadistic★Candy]', 'Sadistic★Candy', 'Fire', 46065, 'ラピスリライツ', '-', 'R', '50,197,212,227,242,257,0,0,0,257', 115148, 115149, '[O.N.G.E.K.I.]1.30-E-0078', '1.30');
INSERT INTO ongeki_game_card (id, name, nick_name, attribute, chara_id, school, gakunen, rarity, level_param, skill_id, cho_kaika_skill_id, card_number, version) VALUES(101645, '【R】ユエ[supernova]', 'supernova', 'Aqua', 46066, 'ラピスリライツ', '-', 'R', '50,197,212,227,242,257,0,0,0,257', 100005, 100046, '[O.N.G.E.K.I.]1.30-E-0080', '1.30');
INSERT INTO ongeki_game_card (id, name, nick_name, attribute, chara_id, school, gakunen, rarity, level_param, skill_id, cho_kaika_skill_id, card_number, version) VALUES(101646, '【R】ミルフィーユ[supernova]', 'supernova', 'Aqua', 46067, 'ラピスリライツ', '-', 'R', '50,197,212,227,242,257,0,0,0,257', 110148, 110149, '[O.N.G.E.K.I.]1.30-E-0082', '1.30');
INSERT INTO ongeki_game_card (id, name, nick_name, attribute, chara_id, school, gakunen, rarity, level_param, skill_id, cho_kaika_skill_id, card_number, version) VALUES(101647, '【R】フィオナ[supernova]', 'supernova', 'Aqua', 46068, 'ラピスリライツ', '-', 'R', '50,197,212,227,242,257,0,0,0,257', 100005, 100046, '[O.N.G.E.K.I.]1.30-E-0084', '1.30');
INSERT INTO ongeki_game_card (id, name, nick_name, attribute, chara_id, school, gakunen, rarity, level_param, skill_id, cho_kaika_skill_id, card_number, version) VALUES(101648, '【SR】ティアラ[私たちが、新しい「光」になる。]', '私たちが、新しい「光」になる。', 'Fire', 46049, 'ラピスリライツ', '-', 'SR', '50,222,237,252,267,282,0,0,0,282', 100033, 100074, '[O.N.G.E.K.I.]1.30-E-0045', '1.30');
INSERT INTO ongeki_game_card (id, name, nick_name, attribute, chara_id, school, gakunen, rarity, level_param, skill_id, cho_kaika_skill_id, card_number, version) VALUES(101649, '【SR】ロゼッタ[私たちが、新しい「光」になる。]', '私たちが、新しい「光」になる。', 'Fire', 46050, 'ラピスリライツ', '-', 'SR', '50,222,237,252,267,282,0,0,0,282', 100025, 100066, '[O.N.G.E.K.I.]1.30-E-0047', '1.30');
INSERT INTO ongeki_game_card (id, name, nick_name, attribute, chara_id, school, gakunen, rarity, level_param, skill_id, cho_kaika_skill_id, card_number, version) VALUES(101650, '【SR】ラヴィ[私たちが、新しい「光」になる。]', '私たちが、新しい「光」になる。', 'Fire', 46051, 'ラピスリライツ', '-', 'SR', '50,222,237,252,267,282,0,0,0,282', 100033, 100074, '[O.N.G.E.K.I.]1.30-E-0049', '1.30');
INSERT INTO ongeki_game_card (id, name, nick_name, attribute, chara_id, school, gakunen, rarity, level_param, skill_id, cho_kaika_skill_id, card_number, version) VALUES(101651, '【SR】アシュレイ[私たちが、新しい「光」になる。]', '私たちが、新しい「光」になる。', 'Fire', 46052, 'ラピスリライツ', '-', 'SR', '50,222,237,252,267,282,0,0,0,282', 100025, 100066, '[O.N.G.E.K.I.]1.30-E-0051', '1.30');
INSERT INTO ongeki_game_card (id, name, nick_name, attribute, chara_id, school, gakunen, rarity, level_param, skill_id, cho_kaika_skill_id, card_number, version) VALUES(101652, '【SR】リネット[私たちが、新しい「光」になる。]', '私たちが、新しい「光」になる。', 'Fire', 46053, 'ラピスリライツ', '-', 'SR', '50,222,237,252,267,282,0,0,0,282', 100138, 100139, '[O.N.G.E.K.I.]1.30-E-0053', '1.30');
INSERT INTO ongeki_game_card (id, name, nick_name, attribute, chara_id, school, gakunen, rarity, level_param, skill_id, cho_kaika_skill_id, card_number, version) VALUES(101653, '【SR】エミリア[奏でましょう、艶やかなる 都市伝説。]', '奏でましょう、艶やかなる 都市伝説。', 'Aqua', 46054, 'ラピスリライツ', '-', 'SR', '50,222,237,252,267,282,0,0,0,282', 100025, 100066, '[O.N.G.E.K.I.]1.30-E-0055', '1.30');
INSERT INTO ongeki_game_card (id, name, nick_name, attribute, chara_id, school, gakunen, rarity, level_param, skill_id, cho_kaika_skill_id, card_number, version) VALUES(101654, '【SR】あるふぁ[奏でましょう、艶やかなる 都市伝説。]', '奏でましょう、艶やかなる 都市伝説。', 'Aqua', 46055, 'ラピスリライツ', '-', 'SR', '50,222,237,252,267,282,0,0,0,282', 105008, 105009, '[O.N.G.E.K.I.]1.30-E-0057', '1.30');
INSERT INTO ongeki_game_card (id, name, nick_name, attribute, chara_id, school, gakunen, rarity, level_param, skill_id, cho_kaika_skill_id, card_number, version) VALUES(101655, '【SR】サルサ[奏でましょう、艶やかなる 都市伝説。]', '奏でましょう、艶やかなる 都市伝説。', 'Aqua', 46056, 'ラピスリライツ', '-', 'SR', '50,222,237,252,267,282,0,0,0,282', 100025, 100066, '[O.N.G.E.K.I.]1.30-E-0059', '1.30');
INSERT INTO ongeki_game_card (id, name, nick_name, attribute, chara_id, school, gakunen, rarity, level_param, skill_id, cho_kaika_skill_id, card_number, version) VALUES(101656, '【SR】ガーネット[奏でましょう、艶やかなる 都市伝説。]', '奏でましょう、艶やかなる 都市伝説。', 'Aqua', 46057, 'ラピスリライツ', '-', 'SR', '50,222,237,252,267,282,0,0,0,282', 110086, 110087, '[O.N.G.E.K.I.]1.30-E-0061', '1.30');
INSERT INTO ongeki_game_card (id, name, nick_name, attribute, chara_id, school, gakunen, rarity, level_param, skill_id, cho_kaika_skill_id, card_number, version) VALUES(101657, '【SR】ナデシコ[さあ、「ろっく」に参りましょう。]', 'さあ、「ろっく」に参りましょう。', 'Leaf', 46058, 'ラピスリライツ', '-', 'SR', '50,222,237,252,267,282,0,0,0,282', 110114, 110115, '[O.N.G.E.K.I.]1.30-E-0063', '1.30');
INSERT INTO ongeki_game_card (id, name, nick_name, attribute, chara_id, school, gakunen, rarity, level_param, skill_id, cho_kaika_skill_id, card_number, version) VALUES(101658, '【SR】ツバキ[さあ、「ろっく」に参りましょう。]', 'さあ、「ろっく」に参りましょう。', 'Leaf', 46059, 'ラピスリライツ', '-', 'SR', '50,222,237,252,267,282,0,0,0,282', 100025, 100066, '[O.N.G.E.K.I.]1.30-E-0065', '1.30');
INSERT INTO ongeki_game_card (id, name, nick_name, attribute, chara_id, school, gakunen, rarity, level_param, skill_id, cho_kaika_skill_id, card_number, version) VALUES(101659, '【SR】カエデ[さあ、「ろっく」に参りましょう。]', 'さあ、「ろっく」に参りましょう。', 'Leaf', 46060, 'ラピスリライツ', '-', 'SR', '50,222,237,252,267,282,0,0,0,282', 100025, 100066, '[O.N.G.E.K.I.]1.30-E-0067', '1.30');
INSERT INTO ongeki_game_card (id, name, nick_name, attribute, chara_id, school, gakunen, rarity, level_param, skill_id, cho_kaika_skill_id, card_number, version) VALUES(101660, '【SR】ラトゥーラ[みんなのハートを盗んであげる！]', 'みんなのハートを盗んであげる！', 'Leaf', 46061, 'ラピスリライツ', '-', 'SR', '50,222,237,252,267,282,0,0,0,282', 110066, 110067, '[O.N.G.E.K.I.]1.30-E-0069', '1.30');
INSERT INTO ongeki_game_card (id, name, nick_name, attribute, chara_id, school, gakunen, rarity, level_param, skill_id, cho_kaika_skill_id, card_number, version) VALUES(101661, '【SR】シャンペ[みんなのハートを盗んであげる！]', 'みんなのハートを盗んであげる！', 'Leaf', 46062, 'ラピスリライツ', '-', 'SR', '50,222,237,252,267,282,0,0,0,282', 110066, 110067, '[O.N.G.E.K.I.]1.30-E-0071', '1.30');
INSERT INTO ongeki_game_card (id, name, nick_name, attribute, chara_id, school, gakunen, rarity, level_param, skill_id, cho_kaika_skill_id, card_number, version) VALUES(101662, '【SR】メアリーベリー[みんなのハートを盗んであげる！]', 'みんなのハートを盗んであげる！', 'Leaf', 46063, 'ラピスリライツ', '-', 'SR', '50,222,237,252,267,282,0,0,0,282', 115028, 115029, '[O.N.G.E.K.I.]1.30-E-0073', '1.30');
INSERT INTO ongeki_game_card (id, name, nick_name, attribute, chara_id, school, gakunen, rarity, level_param, skill_id, cho_kaika_skill_id, card_number, version) VALUES(101663, '【SR】アンジェリカ[きゃっるるーん♪　ハロハロー★]', 'きゃっるるーん♪　ハロハロー★', 'Fire', 46064, 'ラピスリライツ', '-', 'SR', '50,222,237,252,267,282,0,0,0,282', 100016, 100057, '[O.N.G.E.K.I.]1.30-E-0075', '1.30');
INSERT INTO ongeki_game_card (id, name, nick_name, attribute, chara_id, school, gakunen, rarity, level_param, skill_id, cho_kaika_skill_id, card_number, version) VALUES(101664, '【SR】ルキフェル[きゃっるるーん♪　ハロハロー★]', 'きゃっるるーん♪　ハロハロー★', 'Fire', 46065, 'ラピスリライツ', '-', 'SR', '50,222,237,252,267,282,0,0,0,282', 105024, 105025, '[O.N.G.E.K.I.]1.30-E-0077', '1.30');
INSERT INTO ongeki_game_card (id, name, nick_name, attribute, chara_id, school, gakunen, rarity, level_param, skill_id, cho_kaika_skill_id, card_number, version) VALUES(101665, '【SR】ユエ[誰よりも、誰よりも「強く」輝きたい。]', '誰よりも、誰よりも「強く」輝きたい。', 'Aqua', 46066, 'ラピスリライツ', '-', 'SR', '50,222,237,252,267,282,0,0,0,282', 100033, 100074, '[O.N.G.E.K.I.]1.30-E-0079', '1.30');
INSERT INTO ongeki_game_card (id, name, nick_name, attribute, chara_id, school, gakunen, rarity, level_param, skill_id, cho_kaika_skill_id, card_number, version) VALUES(101666, '【SR】ミルフィーユ[誰よりも、誰よりも「強く」輝きたい。]', '誰よりも、誰よりも「強く」輝きたい。', 'Aqua', 46067, 'ラピスリライツ', '-', 'SR', '50,222,237,252,267,282,0,0,0,282', 110098, 110099, '[O.N.G.E.K.I.]1.30-E-0081', '1.30');
INSERT INTO ongeki_game_card (id, name, nick_name, attribute, chara_id, school, gakunen, rarity, level_param, skill_id, cho_kaika_skill_id, card_number, version) VALUES(101667, '【SR】フィオナ[誰よりも、誰よりも「強く」輝きたい。]', '誰よりも、誰よりも「強く」輝きたい。', 'Aqua', 46068, 'ラピスリライツ', '-', 'SR', '50,222,237,252,267,282,0,0,0,282', 120074, 120075, '[O.N.G.E.K.I.]1.30-E-0083', '1.30');
INSERT INTO ongeki_game_card (id, name, nick_name, attribute, chara_id, school, gakunen, rarity, level_param, skill_id, cho_kaika_skill_id, card_number, version) VALUES(101668, '【SSR】ティアラ[この世界のアイドルは魔法が使える]', 'この世界のアイドルは魔法が使える', 'Fire', 46049, 'ラピスリライツ', '-', 'SSR', '60,257,280,295,307,317,0,0,0,322', 100138, 100139, '[O.N.G.E.K.I.]1.30-E-0044', '1.30');
INSERT INTO ongeki_game_card (id, name, nick_name, attribute, chara_id, school, gakunen, rarity, level_param, skill_id, cho_kaika_skill_id, card_number, version) VALUES(101669, '【SR】赤座 あかり[わぁい、ちなつちゃんと一緒♪]', 'わぁい、ちなつちゃんと一緒♪', 'Leaf', 30003, 'ゆるゆり♪♪', '-', 'SR', '50,222,237,252,267,282,0,0,0,282', 110066, 110067, '[O.N.G.E.K.I.]1.30-E-0002', '1.30');
INSERT INTO ongeki_game_card (id, name, nick_name, attribute, chara_id, school, gakunen, rarity, level_param, skill_id, cho_kaika_skill_id, card_number, version) VALUES(101670, '【SR】歳納 京子[てやんでぃ]', 'てやんでぃ', 'Leaf', 30001, 'ゆるゆり♪♪', '-', 'SR', '50,222,237,252,267,282,0,0,0,282', 120018, 120019, '[O.N.G.E.K.I.]1.30-E-0004', '1.30');
INSERT INTO ongeki_game_card (id, name, nick_name, attribute, chara_id, school, gakunen, rarity, level_param, skill_id, cho_kaika_skill_id, card_number, version) VALUES(101671, '【SR】船見 結衣[ラムレーズン食べていいよ]', 'ラムレーズン食べていいよ', 'Leaf', 30001, 'ゆるゆり♪♪', '-', 'SR', '50,222,237,252,267,282,0,0,0,282', 125006, 125007, '[O.N.G.E.K.I.]1.30-E-0005', '1.30');
INSERT INTO ongeki_game_card (id, name, nick_name, attribute, chara_id, school, gakunen, rarity, level_param, skill_id, cho_kaika_skill_id, card_number, version) VALUES(101672, '【SR】吉川 ちなつ[先輩大好きです～～っ]', '先輩大好きです～～っ', 'Leaf', 30003, 'ゆるゆり♪♪', '-', 'SR', '50,222,237,252,267,282,0,0,0,282', 100031, 100072, '[O.N.G.E.K.I.]1.30-E-0006', '1.30');
INSERT INTO ongeki_game_card (id, name, nick_name, attribute, chara_id, school, gakunen, rarity, level_param, skill_id, cho_kaika_skill_id, card_number, version) VALUES(101673, '【SR】杉浦 綾乃[余裕ありま温泉よ]', '余裕ありま温泉よ', 'Leaf', 30002, 'ゆるゆり♪♪', '-', 'SR', '50,222,237,252,267,282,0,0,0,282', 130082, 130083, '[O.N.G.E.K.I.]1.30-E-0008', '1.30');
INSERT INTO ongeki_game_card (id, name, nick_name, attribute, chara_id, school, gakunen, rarity, level_param, skill_id, cho_kaika_skill_id, card_number, version) VALUES(101674, '【SR】池田 千歳[綾乃ちゃん告白せえへんの？]', '綾乃ちゃん告白せえへんの？', 'Leaf', 30002, 'ゆるゆり♪♪', '-', 'SR', '50,222,237,252,267,282,0,0,0,282', 130082, 130083, '[O.N.G.E.K.I.]1.30-E-0009', '1.30');
INSERT INTO ongeki_game_card (id, name, nick_name, attribute, chara_id, school, gakunen, rarity, level_param, skill_id, cho_kaika_skill_id, card_number, version) VALUES(101675, '【SR】大室 櫻子[私だって負けないわよ！]', '私だって負けないわよ！', 'Leaf', 30002, 'ゆるゆり♪♪', '-', 'SR', '50,222,237,252,267,282,0,0,0,282', 115028, 115029, '[O.N.G.E.K.I.]1.30-E-0010', '1.30');
INSERT INTO ongeki_game_card (id, name, nick_name, attribute, chara_id, school, gakunen, rarity, level_param, skill_id, cho_kaika_skill_id, card_number, version) VALUES(101676, '【SR】古谷 向日葵[負けませんわよ！]', '負けませんわよ！', 'Leaf', 30002, 'ゆるゆり♪♪', '-', 'SR', '50,222,237,252,267,282,0,0,0,282', 105042, 105043, '[O.N.G.E.K.I.]1.30-E-0011', '1.30');
INSERT INTO ongeki_game_card (id, name, nick_name, attribute, chara_id, school, gakunen, rarity, level_param, skill_id, cho_kaika_skill_id, card_number, version) VALUES(101677, '【SSR】歳納 京子[七森中 ごらく部！]', '七森中 ごらく部！', 'Leaf', 30001, 'ゆるゆり♪♪', '-', 'SSR', '60,257,280,295,307,317,0,0,0,322', 105000, 105001, '[O.N.G.E.K.I.]1.30-E-0003', '1.30');
INSERT INTO ongeki_game_card (id, name, nick_name, attribute, chara_id, school, gakunen, rarity, level_param, skill_id, cho_kaika_skill_id, card_number, version) VALUES(101678, '【SSR】杉浦 綾乃[七森中 生徒会！]', '七森中 生徒会！', 'Leaf', 30002, 'ゆるゆり♪♪', '-', 'SSR', '60,257,280,295,307,317,0,0,0,322', 100031, 100072, '[O.N.G.E.K.I.]1.30-E-0007', '1.30');
INSERT INTO ongeki_game_card (id, name, nick_name, attribute, chara_id, school, gakunen, rarity, level_param, skill_id, cho_kaika_skill_id, card_number, version) VALUES(101679, '【R】赤座 あかり[対戦相手専用]', '対戦相手専用', 'Leaf', 30003, 'ゆるゆり♪♪', '-', 'R', '50,197,212,227,242,257,0,0,0,257', 100000, 100041, '', '1.30');
INSERT INTO ongeki_game_card (id, name, nick_name, attribute, chara_id, school, gakunen, rarity, level_param, skill_id, cho_kaika_skill_id, card_number, version) VALUES(101680, '【SR】天海 春香[765プロダクション]', '765プロダクション', 'Fire', 46001, '「アイドルマスター」シリーズ', '-', 'SR', '50,222,237,252,267,282,0,0,0,282', 100025, 100066, '[O.N.G.E.K.I.]1.30-E-0013', '1.30');
INSERT INTO ongeki_game_card (id, name, nick_name, attribute, chara_id, school, gakunen, rarity, level_param, skill_id, cho_kaika_skill_id, card_number, version) VALUES(101681, '【SR】如月 千早[765プロダクション]', '765プロダクション', 'Aqua', 46002, '「アイドルマスター」シリーズ', '-', 'SR', '50,222,237,252,267,282,0,0,0,282', 130000, 130001, '[O.N.G.E.K.I.]1.30-E-0014', '1.30');
INSERT INTO ongeki_game_card (id, name, nick_name, attribute, chara_id, school, gakunen, rarity, level_param, skill_id, cho_kaika_skill_id, card_number, version) VALUES(101682, '【SR】星井 美希[765プロダクション]', '765プロダクション', 'Leaf', 46003, '「アイドルマスター」シリーズ', '-', 'SR', '50,222,237,252,267,282,0,0,0,282', 100025, 100066, '[O.N.G.E.K.I.]1.30-E-0015', '1.30');
INSERT INTO ongeki_game_card (id, name, nick_name, attribute, chara_id, school, gakunen, rarity, level_param, skill_id, cho_kaika_skill_id, card_number, version) VALUES(101683, '【SR】島村 卯月[346プロダクション]', '346プロダクション', 'Fire', 46004, '「アイドルマスター」シリーズ', '-', 'SR', '50,222,237,252,267,282,0,0,0,282', 100025, 100066, '[O.N.G.E.K.I.]1.30-E-0017', '1.30');
INSERT INTO ongeki_game_card (id, name, nick_name, attribute, chara_id, school, gakunen, rarity, level_param, skill_id, cho_kaika_skill_id, card_number, version) VALUES(101684, '【SR】渋谷 凛[346プロダクション]', '346プロダクション', 'Aqua', 46005, '「アイドルマスター」シリーズ', '-', 'SR', '50,222,237,252,267,282,0,0,0,282', 100025, 100066, '[O.N.G.E.K.I.]1.30-E-0018', '1.30');
INSERT INTO ongeki_game_card (id, name, nick_name, attribute, chara_id, school, gakunen, rarity, level_param, skill_id, cho_kaika_skill_id, card_number, version) VALUES(101685, '【SR】本田 未央[346プロダクション]', '346プロダクション', 'Leaf', 46006, '「アイドルマスター」シリーズ', '-', 'SR', '50,222,237,252,267,282,0,0,0,282', 130000, 130001, '[O.N.G.E.K.I.]1.30-E-0019', '1.30');
INSERT INTO ongeki_game_card (id, name, nick_name, attribute, chara_id, school, gakunen, rarity, level_param, skill_id, cho_kaika_skill_id, card_number, version) VALUES(101686, '【SR】春日 未来[765プロダクション]', '765プロダクション', 'Fire', 46007, '「アイドルマスター」シリーズ', '-', 'SR', '50,222,237,252,267,282,0,0,0,282', 100033, 100074, '[O.N.G.E.K.I.]1.30-E-0021', '1.30');
INSERT INTO ongeki_game_card (id, name, nick_name, attribute, chara_id, school, gakunen, rarity, level_param, skill_id, cho_kaika_skill_id, card_number, version) VALUES(101687, '【SR】最上 静香[765プロダクション]', '765プロダクション', 'Aqua', 46008, '「アイドルマスター」シリーズ', '-', 'SR', '50,222,237,252,267,282,0,0,0,282', 125016, 125017, '[O.N.G.E.K.I.]1.30-E-0022', '1.30');
INSERT INTO ongeki_game_card (id, name, nick_name, attribute, chara_id, school, gakunen, rarity, level_param, skill_id, cho_kaika_skill_id, card_number, version) VALUES(101688, '【SR】伊吹 翼[765プロダクション]', '765プロダクション', 'Leaf', 46009, '「アイドルマスター」シリーズ', '-', 'SR', '50,222,237,252,267,282,0,0,0,282', 100033, 100074, '[O.N.G.E.K.I.]1.30-E-0023', '1.30');
INSERT INTO ongeki_game_card (id, name, nick_name, attribute, chara_id, school, gakunen, rarity, level_param, skill_id, cho_kaika_skill_id, card_number, version) VALUES(101689, '【SR】天道 輝[315プロダクション]', '315プロダクション', 'Fire', 46010, '「アイドルマスター」シリーズ', '-', 'SR', '50,222,237,252,267,282,0,0,0,282', 100016, 100057, '[O.N.G.E.K.I.]1.30-E-0025', '1.30');
INSERT INTO ongeki_game_card (id, name, nick_name, attribute, chara_id, school, gakunen, rarity, level_param, skill_id, cho_kaika_skill_id, card_number, version) VALUES(101690, '【SR】桜庭 薫[315プロダクション]', '315プロダクション', 'Aqua', 46011, '「アイドルマスター」シリーズ', '-', 'SR', '50,222,237,252,267,282,0,0,0,282', 100018, 100059, '[O.N.G.E.K.I.]1.30-E-0026', '1.30');
INSERT INTO ongeki_game_card (id, name, nick_name, attribute, chara_id, school, gakunen, rarity, level_param, skill_id, cho_kaika_skill_id, card_number, version) VALUES(101691, '【SR】柏木 翼[315プロダクション]', '315プロダクション', 'Leaf', 46012, '「アイドルマスター」シリーズ', '-', 'SR', '50,222,237,252,267,282,0,0,0,282', 100017, 100058, '[O.N.G.E.K.I.]1.30-E-0027', '1.30');
INSERT INTO ongeki_game_card (id, name, nick_name, attribute, chara_id, school, gakunen, rarity, level_param, skill_id, cho_kaika_skill_id, card_number, version) VALUES(101692, '【SR】櫻木 真乃[283プロダクション]', '283プロダクション', 'Fire', 46013, '「アイドルマスター」シリーズ', '-', 'SR', '50,222,237,252,267,282,0,0,0,282', 125016, 125017, '[O.N.G.E.K.I.]1.30-E-0029', '1.30');
INSERT INTO ongeki_game_card (id, name, nick_name, attribute, chara_id, school, gakunen, rarity, level_param, skill_id, cho_kaika_skill_id, card_number, version) VALUES(101693, '【SR】風野 灯織[283プロダクション]', '283プロダクション', 'Aqua', 46014, '「アイドルマスター」シリーズ', '-', 'SR', '50,222,237,252,267,282,0,0,0,282', 100033, 100074, '[O.N.G.E.K.I.]1.30-E-0030', '1.30');
INSERT INTO ongeki_game_card (id, name, nick_name, attribute, chara_id, school, gakunen, rarity, level_param, skill_id, cho_kaika_skill_id, card_number, version) VALUES(101694, '【SR】八宮 めぐる[283プロダクション]', '283プロダクション', 'Leaf', 46015, '「アイドルマスター」シリーズ', '-', 'SR', '50,222,237,252,267,282,0,0,0,282', 100033, 100074, '[O.N.G.E.K.I.]1.30-E-0031', '1.30');
INSERT INTO ongeki_game_card (id, name, nick_name, attribute, chara_id, school, gakunen, rarity, level_param, skill_id, cho_kaika_skill_id, card_number, version) VALUES(101695, '【SSR】天海 春香[なんどでも笑おう]', 'なんどでも笑おう', 'Fire', 46001, '「アイドルマスター」シリーズ', '-', 'SSR', '60,257,280,295,307,317,0,0,0,322', 130002, 130003, '[O.N.G.E.K.I.]1.30-E-0012', '1.30');
INSERT INTO ongeki_game_card (id, name, nick_name, attribute, chara_id, school, gakunen, rarity, level_param, skill_id, cho_kaika_skill_id, card_number, version) VALUES(101696, '【SSR】島村 卯月[なんどでも笑おう]', 'なんどでも笑おう', 'Fire', 46004, '「アイドルマスター」シリーズ', '-', 'SSR', '60,257,280,295,307,317,0,0,0,322', 130002, 130003, '[O.N.G.E.K.I.]1.30-E-0016', '1.30');
INSERT INTO ongeki_game_card (id, name, nick_name, attribute, chara_id, school, gakunen, rarity, level_param, skill_id, cho_kaika_skill_id, card_number, version) VALUES(101697, '【SSR】春日 未来[なんどでも笑おう]', 'なんどでも笑おう', 'Fire', 46007, '「アイドルマスター」シリーズ', '-', 'SSR', '60,257,280,295,307,317,0,0,0,322', 130002, 130003, '[O.N.G.E.K.I.]1.30-E-0020', '1.30');
INSERT INTO ongeki_game_card (id, name, nick_name, attribute, chara_id, school, gakunen, rarity, level_param, skill_id, cho_kaika_skill_id, card_number, version) VALUES(101698, '【SSR】天道 輝[なんどでも笑おう]', 'なんどでも笑おう', 'Fire', 46010, '「アイドルマスター」シリーズ', '-', 'SSR', '60,257,280,295,307,317,0,0,0,322', 130002, 130003, '[O.N.G.E.K.I.]1.30-E-0024', '1.30');
INSERT INTO ongeki_game_card (id, name, nick_name, attribute, chara_id, school, gakunen, rarity, level_param, skill_id, cho_kaika_skill_id, card_number, version) VALUES(101699, '【SSR】櫻木 真乃[なんどでも笑おう]', 'なんどでも笑おう', 'Fire', 46013, '「アイドルマスター」シリーズ', '-', 'SSR', '60,257,280,295,307,317,0,0,0,322', 130002, 130003, '[O.N.G.E.K.I.]1.30-E-0028', '1.30');
INSERT INTO ongeki_game_card (id, name, nick_name, attribute, chara_id, school, gakunen, rarity, level_param, skill_id, cho_kaika_skill_id, card_number, version) VALUES(101700, '【SR】芹沢 あさひ[ストレイライト]', 'ストレイライト', 'Fire', 46016, '「アイドルマスター」シリーズ', '-', 'SR', '50,222,237,252,267,282,0,0,0,282', 115036, 115037, '[O.N.G.E.K.I.]1.30-E-0033', '1.30');
INSERT INTO ongeki_game_card (id, name, nick_name, attribute, chara_id, school, gakunen, rarity, level_param, skill_id, cho_kaika_skill_id, card_number, version) VALUES(101701, '【SR】黛 冬優子[ストレイライト]', 'ストレイライト', 'Leaf', 46017, '「アイドルマスター」シリーズ', '-', 'SR', '50,222,237,252,267,282,0,0,0,282', 115036, 115037, '[O.N.G.E.K.I.]1.30-E-0035', '1.30');
INSERT INTO ongeki_game_card (id, name, nick_name, attribute, chara_id, school, gakunen, rarity, level_param, skill_id, cho_kaika_skill_id, card_number, version) VALUES(101702, '【SR】和泉 愛依[ストレイライト]', 'ストレイライト', 'Aqua', 46018, '「アイドルマスター」シリーズ', '-', 'SR', '50,222,237,252,267,282,0,0,0,282', 115036, 115037, '[O.N.G.E.K.I.]1.30-E-0037', '1.30');
INSERT INTO ongeki_game_card (id, name, nick_name, attribute, chara_id, school, gakunen, rarity, level_param, skill_id, cho_kaika_skill_id, card_number, version) VALUES(101703, '【SSR】芹沢 あさひ[隠匿シンギュラリティ]', '隠匿シンギュラリティ', 'Fire', 46016, '「アイドルマスター」シリーズ', '-', 'SSR', '60,257,280,295,307,317,0,0,0,322', 100144, 100145, '[O.N.G.E.K.I.]1.30-E-0032', '1.30');
INSERT INTO ongeki_game_card (id, name, nick_name, attribute, chara_id, school, gakunen, rarity, level_param, skill_id, cho_kaika_skill_id, card_number, version) VALUES(101704, '【SSR】黛 冬優子[隠匿シンギュラリティ]', '隠匿シンギュラリティ', 'Leaf', 46017, '「アイドルマスター」シリーズ', '-', 'SSR', '60,265,286,299,309,317,0,0,0,322', 100036, 100077, '[O.N.G.E.K.I.]1.30-E-0034', '1.30');
INSERT INTO ongeki_game_card (id, name, nick_name, attribute, chara_id, school, gakunen, rarity, level_param, skill_id, cho_kaika_skill_id, card_number, version) VALUES(101705, '【SSR】和泉 愛依[隠匿シンギュラリティ]', '隠匿シンギュラリティ', 'Aqua', 46018, '「アイドルマスター」シリーズ', '-', 'SSR', '60,257,280,295,307,317,0,0,0,322', 130004, 130005, '[O.N.G.E.K.I.]1.30-E-0036', '1.30');
INSERT INTO ongeki_game_card (id, name, nick_name, attribute, chara_id, school, gakunen, rarity, level_param, skill_id, cho_kaika_skill_id, card_number, version) VALUES(101706, '【R】天海 春香[モデル表示用]', 'モデル表示用', 'Fire', 46001, '「アイドルマスター」シリーズ', '-', 'R', '50,197,212,227,242,257,0,0,0,257', 100000, 100041, '', '1.30');
INSERT INTO ongeki_game_card (id, name, nick_name, attribute, chara_id, school, gakunen, rarity, level_param, skill_id, cho_kaika_skill_id, card_number, version) VALUES(101707, '【R】如月 千早[モデル表示用]', 'モデル表示用', 'Aqua', 46002, '「アイドルマスター」シリーズ', '-', 'R', '50,197,212,227,242,257,0,0,0,257', 100000, 100041, '', '1.30');
INSERT INTO ongeki_game_card (id, name, nick_name, attribute, chara_id, school, gakunen, rarity, level_param, skill_id, cho_kaika_skill_id, card_number, version) VALUES(101708, '【R】星井 美希[モデル表示用]', 'モデル表示用', 'Leaf', 46003, '「アイドルマスター」シリーズ', '-', 'R', '50,197,212,227,242,257,0,0,0,257', 100000, 100041, '', '1.30');
INSERT INTO ongeki_game_card (id, name, nick_name, attribute, chara_id, school, gakunen, rarity, level_param, skill_id, cho_kaika_skill_id, card_number, version) VALUES(101709, '【R】島村 卯月[モデル表示用]', 'モデル表示用', 'Fire', 46004, '「アイドルマスター」シリーズ', '-', 'R', '50,197,212,227,242,257,0,0,0,257', 100000, 100041, '', '1.30');
INSERT INTO ongeki_game_card (id, name, nick_name, attribute, chara_id, school, gakunen, rarity, level_param, skill_id, cho_kaika_skill_id, card_number, version) VALUES(101710, '【R】渋谷 凛[モデル表示用]', 'モデル表示用', 'Aqua', 46005, '「アイドルマスター」シリーズ', '-', 'R', '50,197,212,227,242,257,0,0,0,257', 100000, 100041, '', '1.30');
INSERT INTO ongeki_game_card (id, name, nick_name, attribute, chara_id, school, gakunen, rarity, level_param, skill_id, cho_kaika_skill_id, card_number, version) VALUES(101711, '【R】本田 未央[モデル表示用]', 'モデル表示用', 'Leaf', 46006, '「アイドルマスター」シリーズ', '-', 'R', '50,197,212,227,242,257,0,0,0,257', 100000, 100041, '', '1.30');
INSERT INTO ongeki_game_card (id, name, nick_name, attribute, chara_id, school, gakunen, rarity, level_param, skill_id, cho_kaika_skill_id, card_number, version) VALUES(101712, '【R】春日 未来[モデル表示用]', 'モデル表示用', 'Fire', 46007, '「アイドルマスター」シリーズ', '-', 'R', '50,197,212,227,242,257,0,0,0,257', 100000, 100041, '', '1.30');
INSERT INTO ongeki_game_card (id, name, nick_name, attribute, chara_id, school, gakunen, rarity, level_param, skill_id, cho_kaika_skill_id, card_number, version) VALUES(101713, '【R】最上 静香[モデル表示用]', 'モデル表示用', 'Aqua', 46008, '「アイドルマスター」シリーズ', '-', 'R', '50,197,212,227,242,257,0,0,0,257', 100000, 100041, '', '1.30');
INSERT INTO ongeki_game_card (id, name, nick_name, attribute, chara_id, school, gakunen, rarity, level_param, skill_id, cho_kaika_skill_id, card_number, version) VALUES(101714, '【R】伊吹 翼[モデル表示用]', 'モデル表示用', 'Leaf', 46009, '「アイドルマスター」シリーズ', '-', 'R', '50,197,212,227,242,257,0,0,0,257', 100000, 100041, '', '1.30');
INSERT INTO ongeki_game_card (id, name, nick_name, attribute, chara_id, school, gakunen, rarity, level_param, skill_id, cho_kaika_skill_id, card_number, version) VALUES(101715, '【R】天道 輝[モデル表示用]', 'モデル表示用', 'Fire', 46010, '「アイドルマスター」シリーズ', '-', 'R', '50,197,212,227,242,257,0,0,0,257', 100000, 100041, '', '1.30');
INSERT INTO ongeki_game_card (id, name, nick_name, attribute, chara_id, school, gakunen, rarity, level_param, skill_id, cho_kaika_skill_id, card_number, version) VALUES(101716, '【R】桜庭 薫[モデル表示用]', 'モデル表示用', 'Aqua', 46011, '「アイドルマスター」シリーズ', '-', 'R', '50,197,212,227,242,257,0,0,0,257', 100000, 100041, '', '1.30');
INSERT INTO ongeki_game_card (id, name, nick_name, attribute, chara_id, school, gakunen, rarity, level_param, skill_id, cho_kaika_skill_id, card_number, version) VALUES(101717, '【R】柏木 翼[モデル表示用]', 'モデル表示用', 'Leaf', 46012, '「アイドルマスター」シリーズ', '-', 'R', '50,197,212,227,242,257,0,0,0,257', 100000, 100041, '', '1.30');
INSERT INTO ongeki_game_card (id, name, nick_name, attribute, chara_id, school, gakunen, rarity, level_param, skill_id, cho_kaika_skill_id, card_number, version) VALUES(101718, '【R】櫻木 真乃[モデル表示用]', 'モデル表示用', 'Fire', 46013, '「アイドルマスター」シリーズ', '-', 'R', '50,197,212,227,242,257,0,0,0,257', 100000, 100041, '', '1.30');
INSERT INTO ongeki_game_card (id, name, nick_name, attribute, chara_id, school, gakunen, rarity, level_param, skill_id, cho_kaika_skill_id, card_number, version) VALUES(101719, '【R】風野 灯織[モデル表示用]', 'モデル表示用', 'Aqua', 46014, '「アイドルマスター」シリーズ', '-', 'R', '50,197,212,227,242,257,0,0,0,257', 100000, 100041, '', '1.30');
INSERT INTO ongeki_game_card (id, name, nick_name, attribute, chara_id, school, gakunen, rarity, level_param, skill_id, cho_kaika_skill_id, card_number, version) VALUES(101720, '【R】八宮 めぐる[モデル表示用]', 'モデル表示用', 'Leaf', 46015, '「アイドルマスター」シリーズ', '-', 'R', '50,197,212,227,242,257,0,0,0,257', 100000, 100041, '', '1.30');
INSERT INTO ongeki_game_card (id, name, nick_name, attribute, chara_id, school, gakunen, rarity, level_param, skill_id, cho_kaika_skill_id, card_number, version) VALUES(101721, '【R】芹沢 あさひ[モデル表示用]', 'モデル表示用', 'Fire', 46016, '「アイドルマスター」シリーズ', '-', 'R', '50,197,212,227,242,257,0,0,0,257', 100000, 100041, '', '1.30');
INSERT INTO ongeki_game_card (id, name, nick_name, attribute, chara_id, school, gakunen, rarity, level_param, skill_id, cho_kaika_skill_id, card_number, version) VALUES(101722, '【R】黛 冬優子[モデル表示用]', 'モデル表示用', 'Leaf', 46017, '「アイドルマスター」シリーズ', '-', 'R', '50,197,212,227,242,257,0,0,0,257', 100000, 100041, '', '1.30');
INSERT INTO ongeki_game_card (id, name, nick_name, attribute, chara_id, school, gakunen, rarity, level_param, skill_id, cho_kaika_skill_id, card_number, version) VALUES(101723, '【R】和泉 愛依[モデル表示用]', 'モデル表示用', 'Aqua', 46018, '「アイドルマスター」シリーズ', '-', 'R', '50,197,212,227,242,257,0,0,0,257', 100000, 100041, '', '1.30');
INSERT INTO ongeki_game_card (id, name, nick_name, attribute, chara_id, school, gakunen, rarity, level_param, skill_id, cho_kaika_skill_id, card_number, version) VALUES(101744, '【R】リンカ[ナビゲーター]', 'ナビゲーター', 'Leaf', 46040, 'グルーヴコースター', '-', 'R', '50,197,212,227,242,257,0,0,0,257', 110092, 110093, '[O.N.G.E.K.I.]1.30-E-0120', '1.30');
INSERT INTO ongeki_game_card (id, name, nick_name, attribute, chara_id, school, gakunen, rarity, level_param, skill_id, cho_kaika_skill_id, card_number, version) VALUES(101745, '【R】ユメ[ナビゲーター]', 'ナビゲーター', 'Fire', 46041, 'グルーヴコースター', '-', 'R', '50,197,212,227,242,257,0,0,0,257', 110148, 110149, '[O.N.G.E.K.I.]1.30-E-0123', '1.30');
INSERT INTO ongeki_game_card (id, name, nick_name, attribute, chara_id, school, gakunen, rarity, level_param, skill_id, cho_kaika_skill_id, card_number, version) VALUES(101746, '【R】セイネ[ナビゲーター]', 'ナビゲーター', 'Aqua', 46042, 'グルーヴコースター', '-', 'R', '50,197,212,227,242,257,0,0,0,257', 100005, 100046, '[O.N.G.E.K.I.]1.30-E-0126', '1.30');
INSERT INTO ongeki_game_card (id, name, nick_name, attribute, chara_id, school, gakunen, rarity, level_param, skill_id, cho_kaika_skill_id, card_number, version) VALUES(101747, '【SR】リンカ[ヘヴンリーフェスティバル]', 'ヘヴンリーフェスティバル', 'Leaf', 46040, 'グルーヴコースター', '-', 'SR', '50,222,237,252,267,282,0,0,0,282', 100017, 100058, '[O.N.G.E.K.I.]1.30-E-0118', '1.30');
INSERT INTO ongeki_game_card (id, name, nick_name, attribute, chara_id, school, gakunen, rarity, level_param, skill_id, cho_kaika_skill_id, card_number, version) VALUES(101748, '【SR】ユメ[サンタ]', 'サンタ', 'Fire', 46041, 'グルーヴコースター', '-', 'SR', '50,222,237,252,267,282,0,0,0,282', 100016, 100057, '[O.N.G.E.K.I.]1.30-E-0121', '1.30');
INSERT INTO ongeki_game_card (id, name, nick_name, attribute, chara_id, school, gakunen, rarity, level_param, skill_id, cho_kaika_skill_id, card_number, version) VALUES(101749, '【SR】セイネ[サマー]', 'サマー', 'Aqua', 46042, 'グルーヴコースター', '-', 'SR', '50,222,237,252,267,282,0,0,0,282', 100018, 100059, '[O.N.G.E.K.I.]1.30-E-0124', '1.30');
INSERT INTO ongeki_game_card (id, name, nick_name, attribute, chara_id, school, gakunen, rarity, level_param, skill_id, cho_kaika_skill_id, card_number, version) VALUES(101750, '【SR】リンカ[インフィニティハイウェイ]', 'インフィニティハイウェイ', 'Leaf', 46040, 'グルーヴコースター', '-', 'SR', '50,222,237,252,267,282,0,0,0,282', 100025, 100066, '[O.N.G.E.K.I.]1.30-E-0119', '1.30');
INSERT INTO ongeki_game_card (id, name, nick_name, attribute, chara_id, school, gakunen, rarity, level_param, skill_id, cho_kaika_skill_id, card_number, version) VALUES(101751, '【SR】ユメ[ドリームパーティー]', 'ドリームパーティー', 'Fire', 46041, 'グルーヴコースター', '-', 'SR', '50,222,237,252,267,282,0,0,0,282', 130012, 130013, '[O.N.G.E.K.I.]1.30-E-0122', '1.30');
INSERT INTO ongeki_game_card (id, name, nick_name, attribute, chara_id, school, gakunen, rarity, level_param, skill_id, cho_kaika_skill_id, card_number, version) VALUES(101752, '【SR】セイネ[スターライトロード]', 'スターライトロード', 'Aqua', 46042, 'グルーヴコースター', '-', 'SR', '50,222,237,252,267,282,0,0,0,282', 100033, 100074, '[O.N.G.E.K.I.]1.30-E-0125', '1.30');
INSERT INTO ongeki_game_card (id, name, nick_name, attribute, chara_id, school, gakunen, rarity, level_param, skill_id, cho_kaika_skill_id, card_number, version) VALUES(101753, '【SSR】リンカ[ダイヤモンドギャラクシー]', 'ダイヤモンドギャラクシー', 'Leaf', 46040, 'グルーヴコースター', '-', 'SSR', '60,257,280,295,307,317,0,0,0,322', 100144, 100145, '[O.N.G.E.K.I.]1.30-E-0117', '1.30');
INSERT INTO ongeki_game_card (id, name, nick_name, attribute, chara_id, school, gakunen, rarity, level_param, skill_id, cho_kaika_skill_id, card_number, version) VALUES(101754, '【SSR】式宮 碧音[オンゲキ？]', 'オンゲキ？', 'Fire', 32001, 'Re:ステージ！プリズムステップ', '-', 'SSR', '60,257,280,295,307,317,0,0,0,322', 100144, 100145, '[O.N.G.E.K.I.]1.30-E-0146', '1.30');
INSERT INTO ongeki_game_card (id, name, nick_name, attribute, chara_id, school, gakunen, rarity, level_param, skill_id, cho_kaika_skill_id, card_number, version) VALUES(101755, '【SSR】岬 珊瑚[オンゲキ？]', 'オンゲキ？', 'Fire', 32001, 'Re:ステージ！プリズムステップ', '-', 'SSR', '60,257,280,295,307,317,0,0,0,322', 100033, 100074, '[O.N.G.E.K.I.]1.30-E-0147', '1.30');
INSERT INTO ongeki_game_card (id, name, nick_name, attribute, chara_id, school, gakunen, rarity, level_param, skill_id, cho_kaika_skill_id, card_number, version) VALUES(101756, '【SSR】式宮 舞菜[Happy Birthday!!]', 'Happy Birthday!!', 'Leaf', 32001, 'Re:ステージ！プリズムステップ', '-', 'SSR', '60,257,280,295,307,317,0,0,0,322', 100144, 100145, '[O.N.G.E.K.I.]1.30-E-0145', '1.30');
INSERT INTO ongeki_game_card (id, name, nick_name, attribute, chara_id, school, gakunen, rarity, level_param, skill_id, cho_kaika_skill_id, card_number, version) VALUES(101757, '【R】為栗 メロ[でんこ]', 'でんこ', 'Leaf', 46043, '駅メモ！＆アワメモ！', '-', 'R', '50,197,212,227,242,257,0,0,0,257', 110092, 110093, '[O.N.G.E.K.I.]1.30-E-0129', '1.30');
INSERT INTO ongeki_game_card (id, name, nick_name, attribute, chara_id, school, gakunen, rarity, level_param, skill_id, cho_kaika_skill_id, card_number, version) VALUES(101758, '【R】新阪 ルナ[でんこ]', 'でんこ', 'Aqua', 46044, '駅メモ！＆アワメモ！', '-', 'R', '50,197,212,227,242,257,0,0,0,257', 100004, 100045, '[O.N.G.E.K.I.]1.30-E-0132', '1.30');
INSERT INTO ongeki_game_card (id, name, nick_name, attribute, chara_id, school, gakunen, rarity, level_param, skill_id, cho_kaika_skill_id, card_number, version) VALUES(101759, '【R】恋浜 みろく[でんこ]', 'でんこ', 'Fire', 46045, '駅メモ！＆アワメモ！', '-', 'R', '50,197,212,227,242,257,0,0,0,257', 110092, 110093, '[O.N.G.E.K.I.]1.30-E-0135', '1.30');
INSERT INTO ongeki_game_card (id, name, nick_name, attribute, chara_id, school, gakunen, rarity, level_param, skill_id, cho_kaika_skill_id, card_number, version) VALUES(101760, '【R】天下 さや[でんこ]', 'でんこ', 'Aqua', 46046, '駅メモ！＆アワメモ！', '-', 'R', '50,197,212,227,242,257,0,0,0,257', 100005, 100046, '[O.N.G.E.K.I.]1.30-E-0138', '1.30');
INSERT INTO ongeki_game_card (id, name, nick_name, attribute, chara_id, school, gakunen, rarity, level_param, skill_id, cho_kaika_skill_id, card_number, version) VALUES(101761, '【R】根雨 つむぎ[でんこ]', 'でんこ', 'Fire', 46047, '駅メモ！＆アワメモ！', '-', 'R', '50,197,212,227,242,257,0,0,0,257', 110148, 110149, '[O.N.G.E.K.I.]1.30-E-0141', '1.30');
INSERT INTO ongeki_game_card (id, name, nick_name, attribute, chara_id, school, gakunen, rarity, level_param, skill_id, cho_kaika_skill_id, card_number, version) VALUES(101762, '【R】観音町 ひめ[でんこ]', 'でんこ', 'Leaf', 46048, '駅メモ！＆アワメモ！', '-', 'R', '50,197,212,227,242,257,0,0,0,257', 100005, 100046, '[O.N.G.E.K.I.]1.30-E-0144', '1.30');
INSERT INTO ongeki_game_card (id, name, nick_name, attribute, chara_id, school, gakunen, rarity, level_param, skill_id, cho_kaika_skill_id, card_number, version) VALUES(101763, '【SR】為栗 メロ[電子ウサギな]', '電子ウサギな', 'Leaf', 46043, '駅メモ！＆アワメモ！', '-', 'SR', '50,222,237,252,267,282,0,0,0,282', 100025, 100066, '[O.N.G.E.K.I.]1.30-E-0127', '1.30');
INSERT INTO ongeki_game_card (id, name, nick_name, attribute, chara_id, school, gakunen, rarity, level_param, skill_id, cho_kaika_skill_id, card_number, version) VALUES(101764, '【SR】新阪 ルナ[ハロウィンパーティな]', 'ハロウィンパーティな', 'Aqua', 46044, '駅メモ！＆アワメモ！', '-', 'SR', '50,222,237,252,267,282,0,0,0,282', 130000, 130001, '[O.N.G.E.K.I.]1.30-E-0130', '1.30');
INSERT INTO ongeki_game_card (id, name, nick_name, attribute, chara_id, school, gakunen, rarity, level_param, skill_id, cho_kaika_skill_id, card_number, version) VALUES(101765, '【SR】恋浜 みろく[帝都の]', '帝都の', 'Fire', 46045, '駅メモ！＆アワメモ！', '-', 'SR', '50,222,237,252,267,282,0,0,0,282', 100025, 100066, '[O.N.G.E.K.I.]1.30-E-0133', '1.30');
INSERT INTO ongeki_game_card (id, name, nick_name, attribute, chara_id, school, gakunen, rarity, level_param, skill_id, cho_kaika_skill_id, card_number, version) VALUES(101766, '【SR】天下 さや[スクールライフな]', 'スクールライフな', 'Aqua', 46046, '駅メモ！＆アワメモ！', '-', 'SR', '50,222,237,252,267,282,0,0,0,282', 100033, 100074, '[O.N.G.E.K.I.]1.30-E-0136', '1.30');
INSERT INTO ongeki_game_card (id, name, nick_name, attribute, chara_id, school, gakunen, rarity, level_param, skill_id, cho_kaika_skill_id, card_number, version) VALUES(101767, '【SR】根雨 つむぎ[花の妖精な]', '花の妖精な', 'Fire', 46047, '駅メモ！＆アワメモ！', '-', 'SR', '50,222,237,252,267,282,0,0,0,282', 125016, 125017, '[O.N.G.E.K.I.]1.30-E-0139', '1.30');
INSERT INTO ongeki_game_card (id, name, nick_name, attribute, chara_id, school, gakunen, rarity, level_param, skill_id, cho_kaika_skill_id, card_number, version) VALUES(101768, '【SR】観音町 ひめ[マジカルな]', 'マジカルな', 'Leaf', 46048, '駅メモ！＆アワメモ！', '-', 'SR', '50,222,237,252,267,282,0,0,0,282', 100033, 100074, '[O.N.G.E.K.I.]1.30-E-0142', '1.30');
INSERT INTO ongeki_game_card (id, name, nick_name, attribute, chara_id, school, gakunen, rarity, level_param, skill_id, cho_kaika_skill_id, card_number, version) VALUES(101769, '【SR】為栗 メロ[ASTERISMな]', 'ASTERISMな', 'Leaf', 46043, '駅メモ！＆アワメモ！', '-', 'SR', '50,222,237,252,267,282,0,0,0,282', 115088, 115089, '[O.N.G.E.K.I.]1.30-E-0128', '1.30');
INSERT INTO ongeki_game_card (id, name, nick_name, attribute, chara_id, school, gakunen, rarity, level_param, skill_id, cho_kaika_skill_id, card_number, version) VALUES(101770, '【SR】新阪 ルナ[ASTERISMな]', 'ASTERISMな', 'Aqua', 46044, '駅メモ！＆アワメモ！', '-', 'SR', '50,222,237,252,267,282,0,0,0,282', 100023, 100064, '[O.N.G.E.K.I.]1.30-E-0131', '1.30');
INSERT INTO ongeki_game_card (id, name, nick_name, attribute, chara_id, school, gakunen, rarity, level_param, skill_id, cho_kaika_skill_id, card_number, version) VALUES(101771, '【SR】恋浜 みろく[ASTERISMな]', 'ASTERISMな', 'Fire', 46045, '駅メモ！＆アワメモ！', '-', 'SR', '50,222,237,252,267,282,0,0,0,282', 115088, 115089, '[O.N.G.E.K.I.]1.30-E-0134', '1.30');
INSERT INTO ongeki_game_card (id, name, nick_name, attribute, chara_id, school, gakunen, rarity, level_param, skill_id, cho_kaika_skill_id, card_number, version) VALUES(101772, '【SR】天下 さや[⊿TRiEDGEな]', '⊿TRiEDGEな', 'Aqua', 46046, '駅メモ！＆アワメモ！', '-', 'SR', '50,222,237,252,267,282,0,0,0,282', 130088, 130089, '[O.N.G.E.K.I.]1.30-E-0137', '1.30');
INSERT INTO ongeki_game_card (id, name, nick_name, attribute, chara_id, school, gakunen, rarity, level_param, skill_id, cho_kaika_skill_id, card_number, version) VALUES(101773, '【SR】根雨 つむぎ[⊿TRiEDGEな]', '⊿TRiEDGEな', 'Fire', 46047, '駅メモ！＆アワメモ！', '-', 'SR', '50,222,237,252,267,282,0,0,0,282', 100024, 100065, '[O.N.G.E.K.I.]1.30-E-0140', '1.30');
INSERT INTO ongeki_game_card (id, name, nick_name, attribute, chara_id, school, gakunen, rarity, level_param, skill_id, cho_kaika_skill_id, card_number, version) VALUES(101774, '【SR】観音町 ひめ[⊿TRiEDGEな]', '⊿TRiEDGEな', 'Leaf', 46048, '駅メモ！＆アワメモ！', '-', 'SR', '50,222,237,252,267,282,0,0,0,282', 130088, 130089, '[O.N.G.E.K.I.]1.30-E-0143', '1.30');
INSERT INTO ongeki_game_card (id, name, nick_name, attribute, chara_id, school, gakunen, rarity, level_param, skill_id, cho_kaika_skill_id, card_number, version) VALUES(101793, '【R】小豆沢 こはね[プロジェクトセカイ]', 'プロジェクトセカイ', 'Fire', 46028, 'プロジェクトセカイ カラフルステージ！ feat. 初音ミク', '-', 'R', '50,197,212,227,242,257,0,0,0,257', 100001, 100042, '[O.N.G.E.K.I.]1.30-E-0089', '1.30');
INSERT INTO ongeki_game_card (id, name, nick_name, attribute, chara_id, school, gakunen, rarity, level_param, skill_id, cho_kaika_skill_id, card_number, version) VALUES(101794, '【R】白石 杏[プロジェクトセカイ]', 'プロジェクトセカイ', 'Fire', 46029, 'プロジェクトセカイ カラフルステージ！ feat. 初音ミク', '-', 'R', '50,197,212,227,242,257,0,0,0,257', 110092, 110093, '[O.N.G.E.K.I.]1.30-E-0091', '1.30');
INSERT INTO ongeki_game_card (id, name, nick_name, attribute, chara_id, school, gakunen, rarity, level_param, skill_id, cho_kaika_skill_id, card_number, version) VALUES(101795, '【R】東雲 彰人[プロジェクトセカイ]', 'プロジェクトセカイ', 'Fire', 46030, 'プロジェクトセカイ カラフルステージ！ feat. 初音ミク', '-', 'R', '50,197,212,227,242,257,0,0,0,257', 100004, 100045, '[O.N.G.E.K.I.]1.30-E-0093', '1.30');
INSERT INTO ongeki_game_card (id, name, nick_name, attribute, chara_id, school, gakunen, rarity, level_param, skill_id, cho_kaika_skill_id, card_number, version) VALUES(101796, '【R】青柳 冬弥[プロジェクトセカイ]', 'プロジェクトセカイ', 'Fire', 46031, 'プロジェクトセカイ カラフルステージ！ feat. 初音ミク', '-', 'R', '50,197,212,227,242,257,0,0,0,257', 110092, 110093, '[O.N.G.E.K.I.]1.30-E-0095', '1.30');
INSERT INTO ongeki_game_card (id, name, nick_name, attribute, chara_id, school, gakunen, rarity, level_param, skill_id, cho_kaika_skill_id, card_number, version) VALUES(101797, '【R】天馬 司[プロジェクトセカイ]', 'プロジェクトセカイ', 'Leaf', 46032, 'プロジェクトセカイ カラフルステージ！ feat. 初音ミク', '-', 'R', '50,197,212,227,242,257,0,0,0,257', 100005, 100046, '[O.N.G.E.K.I.]1.30-E-0099', '1.30');
INSERT INTO ongeki_game_card (id, name, nick_name, attribute, chara_id, school, gakunen, rarity, level_param, skill_id, cho_kaika_skill_id, card_number, version) VALUES(101798, '【R】鳳 えむ[プロジェクトセカイ]', 'プロジェクトセカイ', 'Leaf', 46033, 'プロジェクトセカイ カラフルステージ！ feat. 初音ミク', '-', 'R', '50,197,212,227,242,257,0,0,0,257', 110092, 110093, '[O.N.G.E.K.I.]1.30-E-0101', '1.30');
INSERT INTO ongeki_game_card (id, name, nick_name, attribute, chara_id, school, gakunen, rarity, level_param, skill_id, cho_kaika_skill_id, card_number, version) VALUES(101799, '【R】草薙 寧々[プロジェクトセカイ]', 'プロジェクトセカイ', 'Leaf', 46034, 'プロジェクトセカイ カラフルステージ！ feat. 初音ミク', '-', 'R', '50,197,212,227,242,257,0,0,0,257', 100004, 100045, '[O.N.G.E.K.I.]1.30-E-0103', '1.30');
INSERT INTO ongeki_game_card (id, name, nick_name, attribute, chara_id, school, gakunen, rarity, level_param, skill_id, cho_kaika_skill_id, card_number, version) VALUES(101800, '【R】神代 類[プロジェクトセカイ]', 'プロジェクトセカイ', 'Leaf', 46035, 'プロジェクトセカイ カラフルステージ！ feat. 初音ミク', '-', 'R', '50,197,212,227,242,257,0,0,0,257', 110142, 110143, '[O.N.G.E.K.I.]1.30-E-0105', '1.30');
INSERT INTO ongeki_game_card (id, name, nick_name, attribute, chara_id, school, gakunen, rarity, level_param, skill_id, cho_kaika_skill_id, card_number, version) VALUES(101801, '【R】宵崎 奏[プロジェクトセカイ]', 'プロジェクトセカイ', 'Aqua', 46036, 'プロジェクトセカイ カラフルステージ！ feat. 初音ミク', '-', 'R', '50,197,212,227,242,257,0,0,0,257', 100004, 100045, '[O.N.G.E.K.I.]1.30-E-0109', '1.30');
INSERT INTO ongeki_game_card (id, name, nick_name, attribute, chara_id, school, gakunen, rarity, level_param, skill_id, cho_kaika_skill_id, card_number, version) VALUES(101802, '【R】朝比奈 まふゆ[プロジェクトセカイ]', 'プロジェクトセカイ', 'Aqua', 46037, 'プロジェクトセカイ カラフルステージ！ feat. 初音ミク', '-', 'R', '50,197,212,227,242,257,0,0,0,257', 105004, 105005, '[O.N.G.E.K.I.]1.30-E-0111', '1.30');
INSERT INTO ongeki_game_card (id, name, nick_name, attribute, chara_id, school, gakunen, rarity, level_param, skill_id, cho_kaika_skill_id, card_number, version) VALUES(101803, '【R】東雲 絵名[プロジェクトセカイ]', 'プロジェクトセカイ', 'Aqua', 46038, 'プロジェクトセカイ カラフルステージ！ feat. 初音ミク', '-', 'R', '50,197,212,227,242,257,0,0,0,257', 110092, 110093, '[O.N.G.E.K.I.]1.30-E-0113', '1.30');
INSERT INTO ongeki_game_card (id, name, nick_name, attribute, chara_id, school, gakunen, rarity, level_param, skill_id, cho_kaika_skill_id, card_number, version) VALUES(101804, '【R】暁山 瑞希[プロジェクトセカイ]', 'プロジェクトセカイ', 'Aqua', 46039, 'プロジェクトセカイ カラフルステージ！ feat. 初音ミク', '-', 'R', '50,197,212,227,242,257,0,0,0,257', 100005, 100046, '[O.N.G.E.K.I.]1.30-E-0115', '1.30');
INSERT INTO ongeki_game_card (id, name, nick_name, attribute, chara_id, school, gakunen, rarity, level_param, skill_id, cho_kaika_skill_id, card_number, version) VALUES(101805, '【SR】小豆沢 こはね[Vivid BAD SQUAD]', 'Vivid BAD SQUAD', 'Fire', 46028, 'プロジェクトセカイ カラフルステージ！ feat. 初音ミク', '-', 'SR', '50,222,237,252,267,282,0,0,0,282', 100025, 100066, '[O.N.G.E.K.I.]1.30-E-0088', '1.30');
INSERT INTO ongeki_game_card (id, name, nick_name, attribute, chara_id, school, gakunen, rarity, level_param, skill_id, cho_kaika_skill_id, card_number, version) VALUES(101806, '【SR】白石 杏[Vivid BAD SQUAD]', 'Vivid BAD SQUAD', 'Fire', 46029, 'プロジェクトセカイ カラフルステージ！ feat. 初音ミク', '-', 'SR', '50,222,237,252,267,282,0,0,0,282', 100033, 100074, '[O.N.G.E.K.I.]1.30-E-0090', '1.30');
INSERT INTO ongeki_game_card (id, name, nick_name, attribute, chara_id, school, gakunen, rarity, level_param, skill_id, cho_kaika_skill_id, card_number, version) VALUES(101807, '【SR】東雲 彰人[Vivid BAD SQUAD]', 'Vivid BAD SQUAD', 'Fire', 46030, 'プロジェクトセカイ カラフルステージ！ feat. 初音ミク', '-', 'SR', '50,222,237,252,267,282,0,0,0,282', 120074, 120075, '[O.N.G.E.K.I.]1.30-E-0092', '1.30');
INSERT INTO ongeki_game_card (id, name, nick_name, attribute, chara_id, school, gakunen, rarity, level_param, skill_id, cho_kaika_skill_id, card_number, version) VALUES(101808, '【SR】青柳 冬弥[Vivid BAD SQUAD]', 'Vivid BAD SQUAD', 'Fire', 46031, 'プロジェクトセカイ カラフルステージ！ feat. 初音ミク', '-', 'SR', '50,222,237,252,267,282,0,0,0,282', 100025, 100066, '[O.N.G.E.K.I.]1.30-E-0094', '1.30');
INSERT INTO ongeki_game_card (id, name, nick_name, attribute, chara_id, school, gakunen, rarity, level_param, skill_id, cho_kaika_skill_id, card_number, version) VALUES(101809, '【SR】天馬 司[ワンダーランズ×ショウタイム]', 'ワンダーランズ×ショウタイム', 'Leaf', 46032, 'プロジェクトセカイ カラフルステージ！ feat. 初音ミク', '-', 'SR', '50,222,237,252,267,282,0,0,0,282', 115088, 115089, '[O.N.G.E.K.I.]1.30-E-0098', '1.30');
INSERT INTO ongeki_game_card (id, name, nick_name, attribute, chara_id, school, gakunen, rarity, level_param, skill_id, cho_kaika_skill_id, card_number, version) VALUES(101810, '【SR】鳳 えむ[ワンダーランズ×ショウタイム]', 'ワンダーランズ×ショウタイム', 'Leaf', 46033, 'プロジェクトセカイ カラフルステージ！ feat. 初音ミク', '-', 'SR', '50,222,237,252,267,282,0,0,0,282', 115088, 115089, '[O.N.G.E.K.I.]1.30-E-0100', '1.30');
INSERT INTO ongeki_game_card (id, name, nick_name, attribute, chara_id, school, gakunen, rarity, level_param, skill_id, cho_kaika_skill_id, card_number, version) VALUES(101811, '【SR】草薙 寧々[ワンダーランズ×ショウタイム]', 'ワンダーランズ×ショウタイム', 'Leaf', 46034, 'プロジェクトセカイ カラフルステージ！ feat. 初音ミク', '-', 'SR', '50,222,237,252,267,282,0,0,0,282', 110066, 110067, '[O.N.G.E.K.I.]1.30-E-0102', '1.30');
INSERT INTO ongeki_game_card (id, name, nick_name, attribute, chara_id, school, gakunen, rarity, level_param, skill_id, cho_kaika_skill_id, card_number, version) VALUES(101812, '【SR】神代 類[ワンダーランズ×ショウタイム]', 'ワンダーランズ×ショウタイム', 'Leaf', 46035, 'プロジェクトセカイ カラフルステージ！ feat. 初音ミク', '-', 'SR', '50,222,237,252,267,282,0,0,0,282', 110094, 110095, '[O.N.G.E.K.I.]1.30-E-0104', '1.30');
INSERT INTO ongeki_game_card (id, name, nick_name, attribute, chara_id, school, gakunen, rarity, level_param, skill_id, cho_kaika_skill_id, card_number, version) VALUES(101813, '【SR】宵崎 奏[25時、ナイトコードで。]', '25時、ナイトコードで。', 'Aqua', 46036, 'プロジェクトセカイ カラフルステージ！ feat. 初音ミク', '-', 'SR', '50,222,237,252,267,282,0,0,0,282', 130010, 130011, '[O.N.G.E.K.I.]1.30-E-0108', '1.30');
INSERT INTO ongeki_game_card (id, name, nick_name, attribute, chara_id, school, gakunen, rarity, level_param, skill_id, cho_kaika_skill_id, card_number, version) VALUES(101814, '【SR】朝比奈 まふゆ[25時、ナイトコードで。]', '25時、ナイトコードで。', 'Aqua', 46037, 'プロジェクトセカイ カラフルステージ！ feat. 初音ミク', '-', 'SR', '50,222,237,252,267,282,0,0,0,282', 130010, 130011, '[O.N.G.E.K.I.]1.30-E-0110', '1.30');
INSERT INTO ongeki_game_card (id, name, nick_name, attribute, chara_id, school, gakunen, rarity, level_param, skill_id, cho_kaika_skill_id, card_number, version) VALUES(101815, '【SR】東雲 絵名[25時、ナイトコードで。]', '25時、ナイトコードで。', 'Aqua', 46038, 'プロジェクトセカイ カラフルステージ！ feat. 初音ミク', '-', 'SR', '50,222,237,252,267,282,0,0,0,282', 100031, 100072, '[O.N.G.E.K.I.]1.30-E-0112', '1.30');
INSERT INTO ongeki_game_card (id, name, nick_name, attribute, chara_id, school, gakunen, rarity, level_param, skill_id, cho_kaika_skill_id, card_number, version) VALUES(101816, '【SR】暁山 瑞希[25時、ナイトコードで。]', '25時、ナイトコードで。', 'Aqua', 46039, 'プロジェクトセカイ カラフルステージ！ feat. 初音ミク', '-', 'SR', '50,222,237,252,267,282,0,0,0,282', 110066, 110067, '[O.N.G.E.K.I.]1.30-E-0114', '1.30');
INSERT INTO ongeki_game_card (id, name, nick_name, attribute, chara_id, school, gakunen, rarity, level_param, skill_id, cho_kaika_skill_id, card_number, version) VALUES(101817, '【SR】初音ミク[Vivid BAD SQUAD]', 'Vivid BAD SQUAD', 'Fire', 5000, 'プロジェクトセカイ カラフルステージ！ feat. 初音ミク', '-', 'SR', '50,222,237,252,267,282,0,0,0,282', 110088, 110089, '[O.N.G.E.K.I.]1.30-E-0096', '1.30');
INSERT INTO ongeki_game_card (id, name, nick_name, attribute, chara_id, school, gakunen, rarity, level_param, skill_id, cho_kaika_skill_id, card_number, version) VALUES(101818, '【SR】初音ミク[ワンダーランズ×ショウタイム]', 'ワンダーランズ×ショウタイム', 'Leaf', 5000, 'プロジェクトセカイ カラフルステージ！ feat. 初音ミク', '-', 'SR', '50,222,237,252,267,282,0,0,0,282', 115028, 115029, '[O.N.G.E.K.I.]1.30-E-0106', '1.30');
INSERT INTO ongeki_game_card (id, name, nick_name, attribute, chara_id, school, gakunen, rarity, level_param, skill_id, cho_kaika_skill_id, card_number, version) VALUES(101819, '【SR】初音ミク[25時、ナイトコードで。]', '25時、ナイトコードで。', 'Aqua', 5000, 'プロジェクトセカイ カラフルステージ！ feat. 初音ミク', '-', 'SR', '50,222,237,252,267,282,0,0,0,282', 115038, 115039, '[O.N.G.E.K.I.]1.30-E-0116', '1.30');
INSERT INTO ongeki_game_card (id, name, nick_name, attribute, chara_id, school, gakunen, rarity, level_param, skill_id, cho_kaika_skill_id, card_number, version) VALUES(101820, '【SSR】星乃 一歌[見上げる先に]', '見上げる先に', 'Aqua', 43001, 'プロジェクトセカイ カラフルステージ！ feat. 初音ミク', '-', 'SSR', '60,257,280,295,307,317,0,0,0,322', 110098, 110099, '[O.N.G.E.K.I.]1.30-E-0085', '1.30');
INSERT INTO ongeki_game_card (id, name, nick_name, attribute, chara_id, school, gakunen, rarity, level_param, skill_id, cho_kaika_skill_id, card_number, version) VALUES(101821, '【SSR】花里 みのり[ライブ前夜の決意]', 'ライブ前夜の決意', 'Leaf', 43006, 'プロジェクトセカイ カラフルステージ！ feat. 初音ミク', '-', 'SSR', '60,257,280,295,307,317,0,0,0,322', 100144, 100145, '[O.N.G.E.K.I.]1.30-E-0086', '1.30');
INSERT INTO ongeki_game_card (id, name, nick_name, attribute, chara_id, school, gakunen, rarity, level_param, skill_id, cho_kaika_skill_id, card_number, version) VALUES(101822, '【SSR】小豆沢 こはね[セカイで一息]', 'セカイで一息', 'Fire', 46028, 'プロジェクトセカイ カラフルステージ！ feat. 初音ミク', '-', 'SSR', '60,257,280,295,307,317,0,0,0,322', 100144, 100145, '[O.N.G.E.K.I.]1.30-E-0087', '1.30');
INSERT INTO ongeki_game_card (id, name, nick_name, attribute, chara_id, school, gakunen, rarity, level_param, skill_id, cho_kaika_skill_id, card_number, version) VALUES(101823, '【SSR】天馬 司[着ぐるみからこんにちは]', '着ぐるみからこんにちは', 'Leaf', 46032, 'プロジェクトセカイ カラフルステージ！ feat. 初音ミク', '-', 'SSR', '60,257,280,295,307,317,0,0,0,322', 110070, 110071, '[O.N.G.E.K.I.]1.30-E-0097', '1.30');
INSERT INTO ongeki_game_card (id, name, nick_name, attribute, chara_id, school, gakunen, rarity, level_param, skill_id, cho_kaika_skill_id, card_number, version) VALUES(101824, '【SSR】宵崎 奏[画面の向こうに…]', '画面の向こうに…', 'Aqua', 46036, 'プロジェクトセカイ カラフルステージ！ feat. 初音ミク', '-', 'SSR', '60,257,280,295,307,317,0,0,0,322', 105056, 105057, '[O.N.G.E.K.I.]1.30-E-0107', '1.30');
INSERT INTO ongeki_game_card (id, name, nick_name, attribute, chara_id, school, gakunen, rarity, level_param, skill_id, cho_kaika_skill_id, card_number, version) VALUES(101842, '【R】名取さな[ば～ちゃるな～す]', 'ば～ちゃるな～す', 'Fire', 46019, '名取さな', '-', 'R', '50,197,212,227,242,257,0,0,0,257', 130006, 130007, '[O.N.G.E.K.I.]1.30-E-0043', '1.30');
INSERT INTO ongeki_game_card (id, name, nick_name, attribute, chara_id, school, gakunen, rarity, level_param, skill_id, cho_kaika_skill_id, card_number, version) VALUES(101843, '【SR】名取さな[おはようございナース！]', 'おはようございナース！', 'Fire', 46019, '名取さな', '-', 'SR', '50,222,237,252,267,282,0,0,0,282', 120018, 120019, '[O.N.G.E.K.I.]1.30-E-0041', '1.30');
INSERT INTO ongeki_game_card (id, name, nick_name, attribute, chara_id, school, gakunen, rarity, level_param, skill_id, cho_kaika_skill_id, card_number, version) VALUES(101844, '【SR】名取さな[オンゲキに進撃…ってね]', 'オンゲキに進撃…ってね', 'Fire', 46019, '名取さな', '-', 'SR', '50,222,237,252,267,282,0,0,0,282', 115032, 115033, '[O.N.G.E.K.I.]1.30-E-0042', '1.30');
INSERT INTO ongeki_game_card (id, name, nick_name, attribute, chara_id, school, gakunen, rarity, level_param, skill_id, cho_kaika_skill_id, card_number, version) VALUES(101845, '【SSR】名取さな[さなちゃんねる王のお言葉を聞きなさ～い！]', 'さなちゃんねる王のお言葉を聞きなさ～い！', 'Fire', 46019, '名取さな', '-', 'SSR', '60,257,280,295,307,317,0,0,0,322', 130086, 130087, '[O.N.G.E.K.I.]1.30-E-0040', '1.30');
INSERT INTO ongeki_game_card (id, name, nick_name, attribute, chara_id, school, gakunen, rarity, level_param, skill_id, cho_kaika_skill_id, card_number, version) VALUES(101846, '【SSR】名取さな[さなのばくたん。]', 'さなのばくたん。', 'Fire', 46019, '名取さな', '-', 'SSR', '60,257,280,295,307,317,0,0,0,322', 130008, 130009, '[O.N.G.E.K.I.]1.30-E-0039', '1.30');
INSERT INTO ongeki_game_card (id, name, nick_name, attribute, chara_id, school, gakunen, rarity, level_param, skill_id, cho_kaika_skill_id, card_number, version) VALUES(101847, '【R】初音ミク[対戦相手専用]', '対戦相手専用', 'Fire', 5000, 'プロジェクトセカイ カラフルステージ！ feat. 初音ミク', '-', 'R', '50,197,212,227,242,257,0,0,0,257', 100000, 100041, '', '1.30');
INSERT INTO ongeki_game_card (id, name, nick_name, attribute, chara_id, school, gakunen, rarity, level_param, skill_id, cho_kaika_skill_id, card_number, version) VALUES(101848, '【R】初音ミク[対戦相手専用]', '対戦相手専用', 'Leaf', 5000, 'プロジェクトセカイ カラフルステージ！ feat. 初音ミク', '-', 'R', '50,197,212,227,242,257,0,0,0,257', 100000, 100041, '', '1.30');
INSERT INTO ongeki_game_card (id, name, nick_name, attribute, chara_id, school, gakunen, rarity, level_param, skill_id, cho_kaika_skill_id, card_number, version) VALUES(101849, '【R】初音ミク[対戦相手専用]', '対戦相手専用', 'Aqua', 5000, 'プロジェクトセカイ カラフルステージ！ feat. 初音ミク', '-', 'R', '50,197,212,227,242,257,0,0,0,257', 100000, 100041, '', '1.30');
INSERT INTO ongeki_game_card (id, name, nick_name, attribute, chara_id, school, gakunen, rarity, level_param, skill_id, cho_kaika_skill_id, card_number, version) VALUES(101850, '【SSR】赤座 あかり[あかり、主人公だよね！？]', 'あかり、主人公だよね！？', 'Leaf', 30003, 'ゆるゆり♪♪', '-', 'SSR', '60,257,280,295,307,317,0,0,0,322', 130084, 130085, '[O.N.G.E.K.I.]1.30-E-0001', '1.30');
-- cards end

-- charas
INSERT INTO ongeki_game_chara (id, name, cv, model_id) VALUES(30003, '赤座 あかり', '', 30003);
INSERT INTO ongeki_game_chara (id, name, cv, model_id) VALUES(46001, '天海 春香', '', 46001);
INSERT INTO ongeki_game_chara (id, name, cv, model_id) VALUES(46002, '如月 千早', '', 46002);
INSERT INTO ongeki_game_chara (id, name, cv, model_id) VALUES(46003, '星井 美希', '', 46003);
INSERT INTO ongeki_game_chara (id, name, cv, model_id) VALUES(46004, '島村 卯月', '', 46004);
INSERT INTO ongeki_game_chara (id, name, cv, model_id) VALUES(46005, '渋谷 凛', '', 46005);
INSERT INTO ongeki_game_chara (id, name, cv, model_id) VALUES(46006, '本田 未央', '', 46006);
INSERT INTO ongeki_game_chara (id, name, cv, model_id) VALUES(46007, '春日 未来', '', 46007);
INSERT INTO ongeki_game_chara (id, name, cv, model_id) VALUES(46008, '最上 静香', '', 46008);
INSERT INTO ongeki_game_chara (id, name, cv, model_id) VALUES(46009, '伊吹 翼', '', 46009);
INSERT INTO ongeki_game_chara (id, name, cv, model_id) VALUES(46010, '天道 輝', '', 46010);
INSERT INTO ongeki_game_chara (id, name, cv, model_id) VALUES(46011, '桜庭 薫', '', 46011);
INSERT INTO ongeki_game_chara (id, name, cv, model_id) VALUES(46012, '柏木 翼', '', 46012);
INSERT INTO ongeki_game_chara (id, name, cv, model_id) VALUES(46013, '櫻木 真乃', '', 46013);
INSERT INTO ongeki_game_chara (id, name, cv, model_id) VALUES(46014, '風野 灯織', '', 46014);
INSERT INTO ongeki_game_chara (id, name, cv, model_id) VALUES(46015, '八宮 めぐる', '', 46015);
INSERT INTO ongeki_game_chara (id, name, cv, model_id) VALUES(46016, '芹沢 あさひ', '', 46016);
INSERT INTO ongeki_game_chara (id, name, cv, model_id) VALUES(46017, '黛 冬優子', '', 46017);
INSERT INTO ongeki_game_chara (id, name, cv, model_id) VALUES(46018, '和泉 愛依', '', 46018);
INSERT INTO ongeki_game_chara (id, name, cv, model_id) VALUES(46019, '名取さな', '', 46019);
INSERT INTO ongeki_game_chara (id, name, cv, model_id) VALUES(46028, '小豆沢 こはね', '', 46028);
INSERT INTO ongeki_game_chara (id, name, cv, model_id) VALUES(46029, '白石 杏', '', 46029);
INSERT INTO ongeki_game_chara (id, name, cv, model_id) VALUES(46030, '東雲 彰人', '', 46030);
INSERT INTO ongeki_game_chara (id, name, cv, model_id) VALUES(46031, '青柳 冬弥', '', 46031);
INSERT INTO ongeki_game_chara (id, name, cv, model_id) VALUES(46032, '天馬 司', '', 46032);
INSERT INTO ongeki_game_chara (id, name, cv, model_id) VALUES(46033, '鳳 えむ', '', 46033);
INSERT INTO ongeki_game_chara (id, name, cv, model_id) VALUES(46034, '草薙 寧々', '', 46034);
INSERT INTO ongeki_game_chara (id, name, cv, model_id) VALUES(46035, '神代 類', '', 46035);
INSERT INTO ongeki_game_chara (id, name, cv, model_id) VALUES(46036, '宵崎 奏', '', 46036);
INSERT INTO ongeki_game_chara (id, name, cv, model_id) VALUES(46037, '朝比奈 まふゆ', '', 46037);
INSERT INTO ongeki_game_chara (id, name, cv, model_id) VALUES(46038, '東雲 絵名', '', 46038);
INSERT INTO ongeki_game_chara (id, name, cv, model_id) VALUES(46039, '暁山 瑞希', '', 46039);
INSERT INTO ongeki_game_chara (id, name, cv, model_id) VALUES(46040, 'リンカ', '', 46040);
INSERT INTO ongeki_game_chara (id, name, cv, model_id) VALUES(46041, 'ユメ', '', 46041);
INSERT INTO ongeki_game_chara (id, name, cv, model_id) VALUES(46042, 'セイネ', '', 46042);
INSERT INTO ongeki_game_chara (id, name, cv, model_id) VALUES(46043, '為栗 メロ', '', 46043);
INSERT INTO ongeki_game_chara (id, name, cv, model_id) VALUES(46044, '新阪 ルナ', '', 46044);
INSERT INTO ongeki_game_chara (id, name, cv, model_id) VALUES(46045, '恋浜 みろく', '', 46045);
INSERT INTO ongeki_game_chara (id, name, cv, model_id) VALUES(46046, '天下 さや', '', 46046);
INSERT INTO ongeki_game_chara (id, name, cv, model_id) VALUES(46047, '根雨 つむぎ', '', 46047);
INSERT INTO ongeki_game_chara (id, name, cv, model_id) VALUES(46048, '観音町 ひめ', '', 46048);
INSERT INTO ongeki_game_chara (id, name, cv, model_id) VALUES(46049, 'ティアラ', '', 46049);
INSERT INTO ongeki_game_chara (id, name, cv, model_id) VALUES(46050, 'ロゼッタ', '', 46050);
INSERT INTO ongeki_game_chara (id, name, cv, model_id) VALUES(46051, 'ラヴィ', '', 46051);
INSERT INTO ongeki_game_chara (id, name, cv, model_id) VALUES(46052, 'アシュレイ', '', 46052);
INSERT INTO ongeki_game_chara (id, name, cv, model_id) VALUES(46053, 'リネット', '', 46053);
INSERT INTO ongeki_game_chara (id, name, cv, model_id) VALUES(46054, 'エミリア', '', 46054);
INSERT INTO ongeki_game_chara (id, name, cv, model_id) VALUES(46055, 'あるふぁ', '', 46055);
INSERT INTO ongeki_game_chara (id, name, cv, model_id) VALUES(46056, 'サルサ', '', 46056);
INSERT INTO ongeki_game_chara (id, name, cv, model_id) VALUES(46057, 'ガーネット', '', 46057);
INSERT INTO ongeki_game_chara (id, name, cv, model_id) VALUES(46058, 'ナデシコ', '', 46058);
INSERT INTO ongeki_game_chara (id, name, cv, model_id) VALUES(46059, 'ツバキ', '', 46059);
INSERT INTO ongeki_game_chara (id, name, cv, model_id) VALUES(46060, 'カエデ', '', 46060);
INSERT INTO ongeki_game_chara (id, name, cv, model_id) VALUES(46061, 'ラトゥーラ', '', 46061);
INSERT INTO ongeki_game_chara (id, name, cv, model_id) VALUES(46062, 'シャンペ', '', 46062);
INSERT INTO ongeki_game_chara (id, name, cv, model_id) VALUES(46063, 'メアリーベリー', '', 46063);
INSERT INTO ongeki_game_chara (id, name, cv, model_id) VALUES(46064, 'アンジェリカ', '', 46064);
INSERT INTO ongeki_game_chara (id, name, cv, model_id) VALUES(46065, 'ルキフェル', '', 46065);
INSERT INTO ongeki_game_chara (id, name, cv, model_id) VALUES(46066, 'ユエ', '', 46066);
INSERT INTO ongeki_game_chara (id, name, cv, model_id) VALUES(46067, 'ミルフィーユ', '', 46067);
INSERT INTO ongeki_game_chara (id, name, cv, model_id) VALUES(46068, 'フィオナ', '', 46068);
-- charas end

-- events
INSERT INTO ongeki_game_event (id) VALUES(1301030101);
INSERT INTO ongeki_game_event (id) VALUES(1301030102);
INSERT INTO ongeki_game_event (id) VALUES(1301030103);
INSERT INTO ongeki_game_event (id) VALUES(1301030104);
INSERT INTO ongeki_game_event (id) VALUES(1301030105);
INSERT INTO ongeki_game_event (id) VALUES(1301030106);
INSERT INTO ongeki_game_event (id) VALUES(1301030107);
INSERT INTO ongeki_game_event (id) VALUES(1301030108);
INSERT INTO ongeki_game_event (id) VALUES(1301030201);
INSERT INTO ongeki_game_event (id) VALUES(1301030301);
INSERT INTO ongeki_game_event (id) VALUES(1301030401);
INSERT INTO ongeki_game_event (id) VALUES(1301030501);
INSERT INTO ongeki_game_event (id) VALUES(1301030502);
INSERT INTO ongeki_game_event (id) VALUES(1301030801);
INSERT INTO ongeki_game_event (id) VALUES(1301030901);
INSERT INTO ongeki_game_event (id) VALUES(1301031301);
INSERT INTO ongeki_game_event (id) VALUES(1301031401);
INSERT INTO ongeki_game_event (id) VALUES(1301031402);
INSERT INTO ongeki_game_event (id) VALUES(1301031501);
INSERT INTO ongeki_game_event (id) VALUES(1301031502);
INSERT INTO ongeki_game_event (id) VALUES(1301031503);
INSERT INTO ongeki_game_event (id) VALUES(1301031504);
INSERT INTO ongeki_game_event (id) VALUES(1301031601);
INSERT INTO ongeki_game_event (id) VALUES(1301031602);
INSERT INTO ongeki_game_event (id) VALUES(1301031603);
INSERT INTO ongeki_game_event (id) VALUES(1301031604);
INSERT INTO ongeki_game_event (id) VALUES(1301031701);
INSERT INTO ongeki_game_event (id) VALUES(1301040101);
INSERT INTO ongeki_game_event (id) VALUES(1301040102);
INSERT INTO ongeki_game_event (id) VALUES(1301040301);
INSERT INTO ongeki_game_event (id) VALUES(1301040901);
INSERT INTO ongeki_game_event (id) VALUES(1301110601);
-- events end

-- musics
INSERT INTO ongeki_game_music (id, name, sort_name, artist_name, genre, boss_card_id, boss_level, level0, level1, level2, level3, level4) VALUES(600, 'なんどでも笑おう', 'ナントテモワラオウ', 'THE IDOLM@STER FIVE STARS!!!!!「アイドルマスター」シリーズ', 'POPS＆ANIME', 101706, 15, '2,0', '5,0', '8,70', '11,70', '0,0');
INSERT INTO ongeki_game_music (id, name, sort_name, artist_name, genre, boss_card_id, boss_level, level0, level1, level2, level3, level4) VALUES(601, 'Hide & Attack', 'HIDEATTACK', 'ストレイライト「アイドルマスター シャイニーカラーズ」', 'POPS＆ANIME', 101721, 6, '3,0', '6,0', '9,70', '12,50', '0,0');
INSERT INTO ongeki_game_music (id, name, sort_name, artist_name, genre, boss_card_id, boss_level, level0, level1, level2, level3, level4) VALUES(602, 'よんでミラクるん!', 'ヨンテミラクルン', '魔女っ娘ミラクるん（CV：竹達彩奈）「ゆるゆり♪♪」', 'POPS＆ANIME', 101679, 9, '4,0', '7,0', '9,70', '12,90', '0,0');
INSERT INTO ongeki_game_music (id, name, sort_name, artist_name, genre, boss_card_id, boss_level, level0, level1, level2, level3, level4) VALUES(603, 'NEXT COLOR PLANET', 'NEXTCOLORPLANET', '星街すいせい(ホロライブ)', 'POPS＆ANIME', 100058, 3, '2,0', '7,0', '10,0', '13,20', '0,0');
INSERT INTO ongeki_game_music (id, name, sort_name, artist_name, genre, boss_card_id, boss_level, level0, level1, level2, level3, level4) VALUES(604, '花ハ踊レヤいろはにほ', 'ハナハオトレヤイロハニホ', 'チーム“ハナヤマタ”「ハナヤマタ」', 'POPS＆ANIME', 100262, 5, '2,0', '5,0', '9,70', '12,70', '0,0');
INSERT INTO ongeki_game_music (id, name, sort_name, artist_name, genre, boss_card_id, boss_level, level0, level1, level2, level3, level4) VALUES(605, 'うっせぇわ', 'ウツセエワ', 'Ado', 'POPS＆ANIME', 100043, 20, '3,0', '7,0', '10,0', '12,60', '0,0');
INSERT INTO ongeki_game_music (id, name, sort_name, artist_name, genre, boss_card_id, boss_level, level0, level1, level2, level3, level4) VALUES(606, '春を告げる', 'ハルヲツケル', 'yama', 'POPS＆ANIME', 100022, 17, '2,0', '5,0', '9,40', '13,30', '0,0');
INSERT INTO ongeki_game_music (id, name, sort_name, artist_name, genre, boss_card_id, boss_level, level0, level1, level2, level3, level4) VALUES(607, 'KING', 'KING', 'Kanaria', 'niconico', 100082, 13, '2,0', '6,0', '9,0', '12,40', '0,0');
INSERT INTO ongeki_game_music (id, name, sort_name, artist_name, genre, boss_card_id, boss_level, level0, level1, level2, level3, level4) VALUES(609, 'ダーリンダンス', 'タリンタンス', 'かいりきベア', 'niconico', 100208, 7, '2,0', '6,0', '10,40', '13,40', '0,0');
INSERT INTO ongeki_game_music (id, name, sort_name, artist_name, genre, boss_card_id, boss_level, level0, level1, level2, level3, level4) VALUES(610, '恋愛裁判', 'レンアイサイハン', '40mP', 'niconico', 100219, 10, '2,0', '6,0', '9,40', '12,30', '0,0');
INSERT INTO ongeki_game_music (id, name, sort_name, artist_name, genre, boss_card_id, boss_level, level0, level1, level2, level3, level4) VALUES(611, 'Dement ～after legend～', 'DEMENTAFTERLEGEND', 'Cosmograph', 'VARIETY', 101589, 15, '4,0', '9,0', '11,40', '13,80', '0,0');
INSERT INTO ongeki_game_music (id, name, sort_name, artist_name, genre, boss_card_id, boss_level, level0, level1, level2, level3, level4) VALUES(612, '色は匂へど散りぬるを', 'イロハニオヘトチリヌルヲ', '幽閉サテライト', '東方Project', 100094, 23, '2,0', '5,0', '9,70', '12,30', '0,0');
INSERT INTO ongeki_game_music (id, name, sort_name, artist_name, genre, boss_card_id, boss_level, level0, level1, level2, level3, level4) VALUES(613, 'Last Celebration', 'LASTCELEBRATION', 'Laur vs CK', 'チュウマイ', 101074, 23, '5,0', '8,70', '12,0', '14,60', '0,0');
INSERT INTO ongeki_game_music (id, name, sort_name, artist_name, genre, boss_card_id, boss_level, level0, level1, level2, level3, level4) VALUES(614, 'TEmPTaTiON', 'TEMPTATION', 'かねこちはる', 'チュウマイ', 100088, 30, '4,0', '8,70', '12,30', '14,50', '0,0');
INSERT INTO ongeki_game_music (id, name, sort_name, artist_name, genre, boss_card_id, boss_level, level0, level1, level2, level3, level4) VALUES(615, 'Transcend Lights', 'TRANSCENDLIGHTS', '曲：小高光太郎／歌：オンゲキシューターズ', 'オンゲキ', 101050, 7, '2,0', '7,0', '10,0', '12,70', '0,0');
INSERT INTO ongeki_game_music (id, name, sort_name, artist_name, genre, boss_card_id, boss_level, level0, level1, level2, level3, level4) VALUES(616, 'Happiness on the Table', 'HAPPINESSONTHETABLE', '曲：原田篤（Arte Refact）／歌：柏木 咲姫(CV：石見 舞菜香)', 'オンゲキ', 100294, 15, '1,0', '5,0', '8,40', '12,0', '0,0');
INSERT INTO ongeki_game_music (id, name, sort_name, artist_name, genre, boss_card_id, boss_level, level0, level1, level2, level3, level4) VALUES(617, '花時は夢を見る。', 'ハナトキハユメヲミル', '曲：ラムシーニ／歌：藍原 椿(CV：橋本 ちなみ)', 'オンゲキ', 100206, 25, '3,0', '7,70', '9,40', '13,10', '0,0');
INSERT INTO ongeki_game_music (id, name, sort_name, artist_name, genre, boss_card_id, boss_level, level0, level1, level2, level3, level4) VALUES(618, 'ゲーミングポーラーベア', 'ケミンクホラヘア', 'OSTER project', 'オンゲキ', 100086, 26, '5,0', '8,0', '11,40', '13,90', '0,0');
INSERT INTO ongeki_game_music (id, name, sort_name, artist_name, genre, boss_card_id, boss_level, level0, level1, level2, level3, level4) VALUES(619, 'Elusive Emotes', 'ELUSIVEEMOTES', 'polysha', 'オンゲキ', 100056, 29, '2,0', '8,0', '11,0', '13,80', '0,0');
INSERT INTO ongeki_game_music (id, name, sort_name, artist_name, genre, boss_card_id, boss_level, level0, level1, level2, level3, level4) VALUES(620, 'ミラージュ・フレイグランス', 'ミラシユフレイクランス', 'Sound piercer “Espitz”', 'オンゲキ', 100449, 34, '4,0', '9,40', '12,80', '14,40', '0,0');
INSERT INTO ongeki_game_music (id, name, sort_name, artist_name, genre, boss_card_id, boss_level, level0, level1, level2, level3, level4) VALUES(621, 'SUPER AMBULANCE', 'SUPERAMBULANCE', 'AJURIKA', 'オンゲキ', 100440, 37, '5,0', '9,70', '12,90', '14,70', '0,0');
INSERT INTO ongeki_game_music (id, name, sort_name, artist_name, genre, boss_card_id, boss_level, level0, level1, level2, level3, level4) VALUES(623, '竹', 'タケ', '立秋 feat. ちょこ', 'VARIETY', 100265, 1, '5,0', '8,70', '12,40', '14,20', '0,0');
INSERT INTO ongeki_game_music (id, name, sort_name, artist_name, genre, boss_card_id, boss_level, level0, level1, level2, level3, level4) VALUES(624, 'Cutter', 'CUTTER', 'EmoCosine', 'VARIETY', 100337, 35, '3,0', '8,40', '11,10', '13,80', '0,0');
INSERT INTO ongeki_game_music (id, name, sort_name, artist_name, genre, boss_card_id, boss_level, level0, level1, level2, level3, level4) VALUES(625, 'Psalms ～魂の還るばしょ～', 'PSALMSタマシイノカエルハシヨ', 'qfeileadh&レゾナンスもえこ', 'VARIETY', 100050, 28, '1,0', '6,0', '10,70', '13,0', '0,0');
INSERT INTO ongeki_game_music (id, name, sort_name, artist_name, genre, boss_card_id, boss_level, level0, level1, level2, level3, level4) VALUES(702, 'ジャンキーナイトタウンオーケストラ', 'シヤンキナイトタウンオケストラ', 'すりぃ feat.鏡音レン', 'niconico', 101001, 3, '2,0', '7,70', '11,20', '13,60', '0,0');
INSERT INTO ongeki_game_music (id, name, sort_name, artist_name, genre, boss_card_id, boss_level, level0, level1, level2, level3, level4) VALUES(7025, 'No Limit RED Force -星咲 あかりソロver.-', 'NOLIMITREDFORCEホシサキアカリソロVER', '曲：本多友紀（Arte Refact）／歌：星咲 あかり(CV：赤尾 ひかる)', 'オンゲキ', 101536, 40, '2,0', '6,0', '9,40', '12,70', '0,0');
INSERT INTO ongeki_game_music (id, name, sort_name, artist_name, genre, boss_card_id, boss_level, level0, level1, level2, level3, level4) VALUES(7026, 'No Limit RED Force -藍原 椿ソロver.-', 'NOLIMITREDFORCEアイハラツハキソロVER', '曲：本多友紀（Arte Refact）／歌：藍原 椿(CV：橋本 ちなみ)', 'オンゲキ', 101541, 40, '2,0', '6,0', '9,40', '12,70', '0,0');
INSERT INTO ongeki_game_music (id, name, sort_name, artist_name, genre, boss_card_id, boss_level, level0, level1, level2, level3, level4) VALUES(7027, 'No Limit RED Force -早乙女 彩華ソロver.-', 'NOLIMITREDFORCEサオトメアヤカソロVER', '曲：本多友紀（Arte Refact）／歌：早乙女 彩華(CV：中島 唯)', 'オンゲキ', 101542, 40, '2,0', '6,0', '9,40', '12,70', '0,0');
INSERT INTO ongeki_game_music (id, name, sort_name, artist_name, genre, boss_card_id, boss_level, level0, level1, level2, level3, level4) VALUES(7028, 'No Limit RED Force -柏木 咲姫ソロver.-', 'NOLIMITREDFORCEカシワキサキソロVER', '曲：本多友紀（Arte Refact）／歌：柏木 咲姫(CV：石見 舞菜香)', 'オンゲキ', 101545, 40, '2,0', '6,0', '9,40', '12,70', '0,0');
INSERT INTO ongeki_game_music (id, name, sort_name, artist_name, genre, boss_card_id, boss_level, level0, level1, level2, level3, level4) VALUES(7029, 'No Limit RED Force -柏木 美亜ソロver.-', 'NOLIMITREDFORCEカシワキミアソロVER', '曲：本多友紀（Arte Refact）／歌：柏木 美亜(CV：和氣 あず未)', 'オンゲキ', 101549, 40, '2,0', '6,0', '9,40', '12,70', '0,0');
INSERT INTO ongeki_game_music (id, name, sort_name, artist_name, genre, boss_card_id, boss_level, level0, level1, level2, level3, level4) VALUES(8065, '六兆年と一夜物語', 'ロクチヨウネントイチヤモノカタリ', 'kemu', 'niconico', 100038, 30, '0,0', '0,0', '0,0', '0,0', '14,0');
INSERT INTO ongeki_game_music (id, name, sort_name, artist_name, genre, boss_card_id, boss_level, level0, level1, level2, level3, level4) VALUES(8080, '最終鬼畜全部声', 'サイシユウキチクセンフコエ', 'ビートまりお（COOL&CREATE）', '東方Project', 100103, 55, '0,0', '0,0', '0,0', '0,0', '14,30');
-- musics end
