-- Imported from SDGS A092

INSERT INTO chusan_trophy (id, name) VALUES (5968, 'Requiem…');
INSERT INTO chusan_trophy (id, name) VALUES (6229, 'Let you DIVE!');
INSERT INTO chusan_trophy (id, name) VALUES (6230, 'Let you DIVE!');
INSERT INTO chusan_trophy (id, name) VALUES (6231, 'Knight Rider');
INSERT INTO chusan_trophy (id, name) VALUES (6232, 'Knight Rider');
INSERT INTO chusan_trophy (id, name) VALUES (6233, 'ADAM');
INSERT INTO chusan_trophy (id, name) VALUES (6234, 'ADAM');
INSERT INTO chusan_trophy (id, name) VALUES (6235, 'Exitium');
INSERT INTO chusan_trophy (id, name) VALUES (6236, 'Exitium');
INSERT INTO chusan_trophy (id, name) VALUES (6237, 'eden');
INSERT INTO chusan_trophy (id, name) VALUES (6238, 'eden');
INSERT INTO chusan_trophy (id, name) VALUES (6239, 'ついに、始まる。');
INSERT INTO chusan_trophy (id, name) VALUES (6240, 'ALL Marvelous!');
INSERT INTO chusan_trophy (id, name) VALUES (6241, '禁断の果実');
INSERT INTO chusan_trophy (id, name) VALUES (6242, '君チュウニズムうまいねぇ');

INSERT INTO chusan_music (music_id, artist_name, genre, name, release_version, sort_name) VALUES (2381, 'HARDCORE TANO*C & エリザベス（CV:大西沙織）「WACCA」', 6, 'Let you DIVE!', 'v2 2.05.00 (SDGS)', 'LETYOUDIVE');
INSERT INTO chusan_music (music_id, artist_name, genre, name, release_version, sort_name) VALUES (2382, 'USAO「WACCA」', 6, 'Knight Rider', 'v2 2.05.00 (SDGS)', 'KNIGHTRIDER');
INSERT INTO chusan_music (music_id, artist_name, genre, name, release_version, sort_name) VALUES (2383, 'P*Light「WACCA」', 6, 'ADAM', 'v2 2.05.00 (SDGS)', 'ADAM');
INSERT INTO chusan_music (music_id, artist_name, genre, name, release_version, sort_name) VALUES (2384, 'Laur「WACCA」', 6, 'Exitium', 'v2 2.05.00 (SDGS)', 'EXITIUM');
INSERT INTO chusan_music (music_id, artist_name, genre, name, release_version, sort_name) VALUES (2385, '"漆黒"の堕天使《Gram》†Versus† "聖刻"の熾天使《Gram》「WACCA」', 6, 'eden', 'v2 2.05.00 (SDGS)', 'EDEN');

INSERT INTO chusan_music_level (diff, enable, level, level_decimal, music_id) VALUES (0, 1, 3, 0, 2381);
INSERT INTO chusan_music_level (diff, enable, level, level_decimal, music_id) VALUES (1, 1, 7, 0, 2381);
INSERT INTO chusan_music_level (diff, enable, level, level_decimal, music_id) VALUES (2, 1, 9, 0, 2381);
INSERT INTO chusan_music_level (diff, enable, level, level_decimal, music_id) VALUES (3, 1, 12, 0, 2381);
INSERT INTO chusan_music_level (diff, enable, level, level_decimal, music_id) VALUES (4, 0, 0, 0, 2381);
INSERT INTO chusan_music_level (diff, enable, level, level_decimal, music_id) VALUES (5, 0, 0, 0, 2381);
INSERT INTO chusan_music_level (diff, enable, level, level_decimal, music_id) VALUES (0, 1, 3, 0, 2382);
INSERT INTO chusan_music_level (diff, enable, level, level_decimal, music_id) VALUES (1, 1, 9, 0, 2382);
INSERT INTO chusan_music_level (diff, enable, level, level_decimal, music_id) VALUES (2, 1, 13, 40, 2382);
INSERT INTO chusan_music_level (diff, enable, level, level_decimal, music_id) VALUES (3, 1, 14, 20, 2382);
INSERT INTO chusan_music_level (diff, enable, level, level_decimal, music_id) VALUES (4, 0, 0, 0, 2382);
INSERT INTO chusan_music_level (diff, enable, level, level_decimal, music_id) VALUES (5, 0, 0, 0, 2382);
INSERT INTO chusan_music_level (diff, enable, level, level_decimal, music_id) VALUES (0, 1, 3, 0, 2383);
INSERT INTO chusan_music_level (diff, enable, level, level_decimal, music_id) VALUES (1, 1, 7, 50, 2383);
INSERT INTO chusan_music_level (diff, enable, level, level_decimal, music_id) VALUES (2, 1, 11, 40, 2383);
INSERT INTO chusan_music_level (diff, enable, level, level_decimal, music_id) VALUES (3, 1, 14, 10, 2383);
INSERT INTO chusan_music_level (diff, enable, level, level_decimal, music_id) VALUES (4, 0, 0, 0, 2383);
INSERT INTO chusan_music_level (diff, enable, level, level_decimal, music_id) VALUES (5, 0, 0, 0, 2383);
INSERT INTO chusan_music_level (diff, enable, level, level_decimal, music_id) VALUES (0, 1, 4, 0, 2384);
INSERT INTO chusan_music_level (diff, enable, level, level_decimal, music_id) VALUES (1, 1, 8, 50, 2384);
INSERT INTO chusan_music_level (diff, enable, level, level_decimal, music_id) VALUES (2, 1, 13, 50, 2384);
INSERT INTO chusan_music_level (diff, enable, level, level_decimal, music_id) VALUES (3, 1, 14, 90, 2384);
INSERT INTO chusan_music_level (diff, enable, level, level_decimal, music_id) VALUES (4, 0, 0, 0, 2384);
INSERT INTO chusan_music_level (diff, enable, level, level_decimal, music_id) VALUES (5, 0, 0, 0, 2384);
INSERT INTO chusan_music_level (diff, enable, level, level_decimal, music_id) VALUES (0, 1, 4, 0, 2385);
INSERT INTO chusan_music_level (diff, enable, level, level_decimal, music_id) VALUES (1, 1, 8, 0, 2385);
INSERT INTO chusan_music_level (diff, enable, level, level_decimal, music_id) VALUES (2, 1, 13, 80, 2385);
INSERT INTO chusan_music_level (diff, enable, level, level_decimal, music_id) VALUES (3, 1, 14, 80, 2385);
INSERT INTO chusan_music_level (diff, enable, level, level_decimal, music_id) VALUES (4, 0, 0, 0, 2385);
INSERT INTO chusan_music_level (diff, enable, level, level_decimal, music_id) VALUES (5, 0, 0, 0, 2385);
