INSERT INTO chusan_avatar (id, name, category) VALUES (3102001, 'メイド服', 1);
INSERT INTO chusan_avatar (id, name, category) VALUES (3202001, 'ホワイトブリム', 2);
INSERT INTO chusan_avatar (id, name, category) VALUES (3502001, '萌え萌えオムライス', 5);
INSERT INTO chusan_avatar (id, name, category) VALUES (6502701, '桜井 春菜のフラワーブーケ', 5);
INSERT INTO chusan_avatar (id, name, category) VALUES (6502801, '早乙女 彩華の二丁拳銃', 5);
INSERT INTO chusan_game_character (id, name, release_tag, works_name, illustrator_name, add_images) VALUES (15040, '宮古 芳香', 'v2 2.10.00', '東方Project', 'ヌードル', '-1:,-1:,-1:,-1:,-1:,-1:,-1:,-1:,-1:');
INSERT INTO chusan_game_character (id, name, release_tag, works_name, illustrator_name, add_images) VALUES (15050, '霍 青娥', 'v2 2.10.00', '東方Project', 'ごとー', '-1:,-1:,-1:,-1:,-1:,-1:,-1:,-1:,-1:');
INSERT INTO chusan_game_character (id, name, release_tag, works_name, illustrator_name, add_images) VALUES (15060, '物部 布都', 'v2 2.10.00', '東方Project', '志田', '-1:,-1:,-1:,-1:,-1:,-1:,-1:,-1:,-1:');
INSERT INTO chusan_game_character (id, name, release_tag, works_name, illustrator_name, add_images) VALUES (15070, '豊聡耳 神子', 'v2 2.10.00', '東方Project', 'しがらき旭', '-1:,-1:,-1:,-1:,-1:,-1:,-1:,-1:,-1:');
INSERT INTO chusan_game_character (id, name, release_tag, works_name, illustrator_name, add_images) VALUES (15080, '二ッ岩 マミゾウ', 'v2 2.10.00', '東方Project', 'フルーツパンチ。', '-1:,-1:,-1:,-1:,-1:,-1:,-1:,-1:,-1:');
INSERT INTO `chusan_game_event` (`id`, `end_date`, `start_date`, `type`, `enable`) VALUES (12080, '2029-01-01 00:00:00.000000', '2019-01-01 00:00:00.000000',1, 0);
INSERT INTO `chusan_game_event` (`id`, `end_date`, `start_date`, `type`, `enable`) VALUES (12081, '2029-01-01 00:00:00.000000', '2019-01-01 00:00:00.000000',3, 1);
INSERT INTO `chusan_game_event` (`id`, `end_date`, `start_date`, `type`, `enable`) VALUES (12082, '2029-01-01 00:00:00.000000', '2019-01-01 00:00:00.000000',1, 0);
INSERT INTO `chusan_game_event` (`id`, `end_date`, `start_date`, `type`, `enable`) VALUES (12083, '2029-01-01 00:00:00.000000', '2019-01-01 00:00:00.000000',2, 1);
INSERT INTO `chusan_game_event` (`id`, `end_date`, `start_date`, `type`, `enable`) VALUES (12084, '2029-01-01 00:00:00.000000', '2019-01-01 00:00:00.000000',8, 1);
INSERT INTO `chusan_game_event` (`id`, `end_date`, `start_date`, `type`, `enable`) VALUES (12085, '2029-01-01 00:00:00.000000', '2019-01-01 00:00:00.000000',1, 0);
INSERT INTO `chusan_game_event` (`id`, `end_date`, `start_date`, `type`, `enable`) VALUES (12086, '2029-01-01 00:00:00.000000', '2019-01-01 00:00:00.000000',3, 1);
INSERT INTO `chusan_game_event` (`id`, `end_date`, `start_date`, `type`, `enable`) VALUES (12087, '2029-01-01 00:00:00.000000', '2019-01-01 00:00:00.000000',4, 1);
INSERT INTO chusan_nameplate (id, name) VALUES (10087, '東方神霊廟 【1】');
INSERT INTO chusan_nameplate (id, name) VALUES (10088, '東方神霊廟 【2】');
INSERT INTO chusan_music (music_id, artist_name, genre, name, release_version, sort_name) VALUES (2285, 'UNDEAD CORPORATION', 3, 'Revived', 'v2 2.10.00', 'REVIVED');
INSERT INTO chusan_music (music_id, artist_name, genre, name, release_version, sort_name) VALUES (2286, 'あ～るの～と', 3, 'デザイアシューティング', 'v2 2.10.00', 'テサイアシユウテインク');
INSERT INTO chusan_music (music_id, artist_name, genre, name, release_version, sort_name) VALUES (2287, 'REDALiCE feat. 野宮あゆみ', 3, 'Mami Mami Zone', 'v2 2.10.00', 'MAMIMAMIZONE');
INSERT INTO chusan_music (music_id, artist_name, genre, name, release_version, sort_name) VALUES (2288, 'LeaF', 3, 'Armageddon', 'v2 2.10.00', 'ARMAGEDDON');
INSERT INTO chusan_music (music_id, artist_name, genre, name, release_version, sort_name) VALUES (2289, '立秋 feat.ちょこ', 6, '田中', 'v2 2.10.00', 'タナカ');
INSERT INTO chusan_music_level (diff, enable, level, level_decimal, music_id) VALUES (0, 1, 3, 0, 2285);
INSERT INTO chusan_music_level (diff, enable, level, level_decimal, music_id) VALUES (1, 1, 7, 50, 2285);
INSERT INTO chusan_music_level (diff, enable, level, level_decimal, music_id) VALUES (2, 1, 10, 90, 2285);
INSERT INTO chusan_music_level (diff, enable, level, level_decimal, music_id) VALUES (3, 1, 14, 40, 2285);
INSERT INTO chusan_music_level (diff, enable, level, level_decimal, music_id) VALUES (4, 0, 0, 0, 2285);
INSERT INTO chusan_music_level (diff, enable, level, level_decimal, music_id) VALUES (5, 0, 0, 0, 2285);
INSERT INTO chusan_music_level (diff, enable, level, level_decimal, music_id) VALUES (0, 1, 2, 0, 2286);
INSERT INTO chusan_music_level (diff, enable, level, level_decimal, music_id) VALUES (1, 1, 5, 0, 2286);
INSERT INTO chusan_music_level (diff, enable, level, level_decimal, music_id) VALUES (2, 1, 8, 50, 2286);
INSERT INTO chusan_music_level (diff, enable, level, level_decimal, music_id) VALUES (3, 1, 11, 50, 2286);
INSERT INTO chusan_music_level (diff, enable, level, level_decimal, music_id) VALUES (4, 0, 0, 0, 2286);
INSERT INTO chusan_music_level (diff, enable, level, level_decimal, music_id) VALUES (5, 0, 0, 0, 2286);
INSERT INTO chusan_music_level (diff, enable, level, level_decimal, music_id) VALUES (0, 1, 3, 0, 2287);
INSERT INTO chusan_music_level (diff, enable, level, level_decimal, music_id) VALUES (1, 1, 5, 0, 2287);
INSERT INTO chusan_music_level (diff, enable, level, level_decimal, music_id) VALUES (2, 1, 9, 0, 2287);
INSERT INTO chusan_music_level (diff, enable, level, level_decimal, music_id) VALUES (3, 1, 13, 20, 2287);
INSERT INTO chusan_music_level (diff, enable, level, level_decimal, music_id) VALUES (4, 0, 0, 0, 2287);
INSERT INTO chusan_music_level (diff, enable, level, level_decimal, music_id) VALUES (5, 0, 0, 0, 2287);
INSERT INTO chusan_music_level (diff, enable, level, level_decimal, music_id) VALUES (0, 1, 4, 0, 2288);
INSERT INTO chusan_music_level (diff, enable, level, level_decimal, music_id) VALUES (1, 1, 8, 50, 2288);
INSERT INTO chusan_music_level (diff, enable, level, level_decimal, music_id) VALUES (2, 1, 13, 80, 2288);
INSERT INTO chusan_music_level (diff, enable, level, level_decimal, music_id) VALUES (3, 1, 14, 80, 2288);
INSERT INTO chusan_music_level (diff, enable, level, level_decimal, music_id) VALUES (4, 0, 0, 0, 2288);
INSERT INTO chusan_music_level (diff, enable, level, level_decimal, music_id) VALUES (5, 0, 0, 0, 2288);
INSERT INTO chusan_music_level (diff, enable, level, level_decimal, music_id) VALUES (0, 1, 4, 0, 2289);
INSERT INTO chusan_music_level (diff, enable, level, level_decimal, music_id) VALUES (1, 1, 7, 50, 2289);
INSERT INTO chusan_music_level (diff, enable, level, level_decimal, music_id) VALUES (2, 1, 11, 40, 2289);
INSERT INTO chusan_music_level (diff, enable, level, level_decimal, music_id) VALUES (3, 1, 14, 60, 2289);
INSERT INTO chusan_music_level (diff, enable, level, level_decimal, music_id) VALUES (4, 0, 0, 0, 2289);
INSERT INTO chusan_music_level (diff, enable, level, level_decimal, music_id) VALUES (5, 0, 0, 0, 2289);
INSERT INTO chusan_trophy (id, name) VALUES (5927, '忠実な死体');
INSERT INTO chusan_trophy (id, name) VALUES (5928, '無理非道な仙人');
INSERT INTO chusan_trophy (id, name) VALUES (5929, '古代日本の尸解仙');
INSERT INTO chusan_trophy (id, name) VALUES (5930, '聖徳道士');
INSERT INTO chusan_trophy (id, name) VALUES (5931, '佐渡の二ッ岩');
INSERT INTO chusan_trophy (id, name) VALUES (5932, 'えいやっさ　えいやっさ');
INSERT INTO chusan_trophy (id, name) VALUES (5933, '!!CAUTION!!CAUTION!!CAUTION!!');
INSERT INTO chusan_trophy (id, name) VALUES (5934, '最終鬼畜妹フランドール・SSS');
INSERT INTO chusan_trophy (id, name) VALUES (5935, '中田');
INSERT INTO chusan_trophy (id, name) VALUES (5936, 'た');
INSERT INTO chusan_trophy (id, name) VALUES (5937, 'Revived');
INSERT INTO chusan_trophy (id, name) VALUES (5938, 'Revived');
INSERT INTO chusan_trophy (id, name) VALUES (5939, 'デザイアシューティング');
INSERT INTO chusan_trophy (id, name) VALUES (5940, 'デザイアシューティング');
INSERT INTO chusan_trophy (id, name) VALUES (5941, 'Mami Mami Zone');
INSERT INTO chusan_trophy (id, name) VALUES (5942, 'Mami Mami Zone');
INSERT INTO chusan_trophy (id, name) VALUES (5943, 'Armageddon');
INSERT INTO chusan_trophy (id, name) VALUES (5944, 'Armageddon');
INSERT INTO chusan_trophy (id, name) VALUES (5945, '田中');
INSERT INTO chusan_trophy (id, name) VALUES (5946, '田中');
