INSERT INTO chusan_avatar (id, name, category) VALUES (4102301, 'リスのきぐるみ', 1);
INSERT INTO chusan_avatar (id, name, category) VALUES (4102302, '落ち葉', 1);
INSERT INTO chusan_avatar (id, name, category) VALUES (4202301, 'リスのかぶりもの', 2);
INSERT INTO chusan_avatar (id, name, category) VALUES (4202302, '枯れ葉', 2);
INSERT INTO chusan_avatar (id, name, category) VALUES (4502301, 'どんぐり', 5);
INSERT INTO chusan_avatar (id, name, category) VALUES (4502302, 'モミジ', 5);
INSERT INTO chusan_avatar (id, name, category) VALUES (6100201, '御形 アリシアナの服', 1);
INSERT INTO chusan_avatar (id, name, category) VALUES (6102901, '井之原 小星の服(シュータードレス)', 1);
INSERT INTO chusan_avatar (id, name, category) VALUES (6103001, '柏木 咲姫の服(シュータードレス)', 1);
INSERT INTO chusan_avatar (id, name, category) VALUES (6200201, '御形 アリシアナの頭', 2);
INSERT INTO chusan_avatar (id, name, category) VALUES (6202201, '藤沢 柚子の頭(シュータードレス)', 2);
INSERT INTO chusan_game_character (id, name, release_tag, works_name, illustrator_name, add_images) VALUES (11520, 'サジ＆ニナ／パステルウォーカー', 'v2 2.10.00', 'CHUNITHM SUN', 'モゲラッタ', '-1:,-1:,-1:,-1:,-1:,-1:,-1:,-1:,-1:');
INSERT INTO chusan_game_character (id, name, release_tag, works_name, illustrator_name, add_images) VALUES (11550, '蒼き大地のソルナ', 'v2 2.10.00', 'CHUNITHM SUN', 'わし元', '-1:,-1:,-1:,-1:,-1:,-1:,-1:,-1:,-1:');
INSERT INTO chusan_game_character (id, name, release_tag, works_name, illustrator_name, add_images) VALUES (14510, 'ナイ／0419_Guardian', 'v2 2.10.00', 'CHUNITHM SUN', 'しがらき旭', '-1:,-1:,-1:,-1:,-1:,-1:,-1:,-1:,-1:');
INSERT INTO chusan_game_character (id, name, release_tag, works_name, illustrator_name, add_images) VALUES (14530, '聖女 アンナ・マルグレーテ／運命の禍福', 'v2 2.10.00', 'CHUNITHM SUN', 'リウイチ', '-1:,-1:,-1:,-1:,-1:,-1:,-1:,-1:,-1:');
INSERT INTO chusan_game_character (id, name, release_tag, works_name, illustrator_name, add_images) VALUES (15090, '富樫 勇太', 'v2 2.10.00', '中二病でも恋がしたい！', 'None', '-1:,-1:,-1:,-1:,-1:,-1:,-1:,-1:,-1:');
INSERT INTO chusan_game_character (id, name, release_tag, works_name, illustrator_name, add_images) VALUES (15100, '小鳥遊 六花', 'v2 2.10.00', '中二病でも恋がしたい！', 'None', '15101:小鳥遊 六花／邪王真眼の使い手,-1:,-1:,-1:,-1:,-1:,-1:,-1:,-1:');
INSERT INTO chusan_game_character (id, name, release_tag, works_name, illustrator_name, add_images) VALUES (15110, '丹生谷 森夏', 'v2 2.10.00', '中二病でも恋がしたい！', 'None', '15111:丹生谷 森夏／モリサマー,-1:,-1:,-1:,-1:,-1:,-1:,-1:,-1:');
INSERT INTO chusan_game_character (id, name, release_tag, works_name, illustrator_name, add_images) VALUES (15120, '五月七日 くみん', 'v2 2.10.00', '中二病でも恋がしたい！', 'None', '15121:五月七日 くみん／昼寝大好き少女,-1:,-1:,-1:,-1:,-1:,-1:,-1:,-1:');
INSERT INTO chusan_game_character (id, name, release_tag, works_name, illustrator_name, add_images) VALUES (15130, '凸守 早苗', 'v2 2.10.00', '中二病でも恋がしたい！', 'None', '15131:凸守 早苗／ミョルニルハンマーの使い手,-1:,-1:,-1:,-1:,-1:,-1:,-1:,-1:');
INSERT INTO chusan_game_character (id, name, release_tag, works_name, illustrator_name, add_images) VALUES (16180, '高瀬 梨緒／六花の妖精', 'v2 2.10.00', 'オンゲキ', 'None', '-1:,-1:,-1:,-1:,-1:,-1:,-1:,-1:,-1:');
INSERT INTO chusan_game_character (id, name, release_tag, works_name, illustrator_name, add_images) VALUES (16190, '結城 莉玖／神に仇なす者', 'v2 2.10.00', 'オンゲキ', 'None', '-1:,-1:,-1:,-1:,-1:,-1:,-1:,-1:,-1:');
INSERT INTO chusan_game_character (id, name, release_tag, works_name, illustrator_name, add_images) VALUES (16200, '藍原 椿／狐の嫁入り', 'v2 2.10.00', 'オンゲキ', 'None', '-1:,-1:,-1:,-1:,-1:,-1:,-1:,-1:,-1:');
INSERT INTO `chusan_game_event` (`id`, `end_date`, `start_date`, `type`, `enable`) VALUES (12100, '2029-01-01 00:00:00.000000', '2019-01-01 00:00:00.000000',3, 1);
INSERT INTO `chusan_game_event` (`id`, `end_date`, `start_date`, `type`, `enable`) VALUES (12101, '2029-01-01 00:00:00.000000', '2019-01-01 00:00:00.000000',1, 0);
INSERT INTO `chusan_game_event` (`id`, `end_date`, `start_date`, `type`, `enable`) VALUES (12102, '2029-01-01 00:00:00.000000', '2019-01-01 00:00:00.000000',3, 1);
INSERT INTO `chusan_game_event` (`id`, `end_date`, `start_date`, `type`, `enable`) VALUES (12103, '2029-01-01 00:00:00.000000', '2019-01-01 00:00:00.000000',1, 0);
INSERT INTO `chusan_game_event` (`id`, `end_date`, `start_date`, `type`, `enable`) VALUES (12104, '2029-01-01 00:00:00.000000', '2019-01-01 00:00:00.000000',2, 1);
INSERT INTO `chusan_game_event` (`id`, `end_date`, `start_date`, `type`, `enable`) VALUES (12105, '2029-01-01 00:00:00.000000', '2019-01-01 00:00:00.000000',8, 1);
INSERT INTO `chusan_game_event` (`id`, `end_date`, `start_date`, `type`, `enable`) VALUES (12106, '2029-01-01 00:00:00.000000', '2019-01-01 00:00:00.000000',1, 0);
INSERT INTO `chusan_game_event` (`id`, `end_date`, `start_date`, `type`, `enable`) VALUES (12107, '2029-01-01 00:00:00.000000', '2019-01-01 00:00:00.000000',2, 1);
INSERT INTO `chusan_game_event` (`id`, `end_date`, `start_date`, `type`, `enable`) VALUES (12108, '2029-01-01 00:00:00.000000', '2019-01-01 00:00:00.000000',2, 1);
INSERT INTO `chusan_game_event` (`id`, `end_date`, `start_date`, `type`, `enable`) VALUES (12109, '2029-01-01 00:00:00.000000', '2019-01-01 00:00:00.000000',2, 1);
INSERT INTO `chusan_game_event` (`id`, `end_date`, `start_date`, `type`, `enable`) VALUES (12110, '2029-01-01 00:00:00.000000', '2019-01-01 00:00:00.000000',2, 1);
INSERT INTO `chusan_game_event` (`id`, `end_date`, `start_date`, `type`, `enable`) VALUES (12111, '2029-01-01 00:00:00.000000', '2019-01-01 00:00:00.000000',1, 0);
INSERT INTO `chusan_game_event` (`id`, `end_date`, `start_date`, `type`, `enable`) VALUES (12112, '2029-01-01 00:00:00.000000', '2019-01-01 00:00:00.000000',9, 1);
INSERT INTO `chusan_game_event` (`id`, `end_date`, `start_date`, `type`, `enable`) VALUES (12113, '2029-01-01 00:00:00.000000', '2019-01-01 00:00:00.000000',1, 0);
INSERT INTO `chusan_game_event` (`id`, `end_date`, `start_date`, `type`, `enable`) VALUES (12114, '2029-01-01 00:00:00.000000', '2019-01-01 00:00:00.000000',10, 1);
INSERT INTO `chusan_game_event` (`id`, `end_date`, `start_date`, `type`, `enable`) VALUES (12115, '2029-01-01 00:00:00.000000', '2019-01-01 00:00:00.000000',1, 0);
INSERT INTO `chusan_game_event` (`id`, `end_date`, `start_date`, `type`, `enable`) VALUES (12116, '2029-01-01 00:00:00.000000', '2019-01-01 00:00:00.000000',12, 1);
INSERT INTO `chusan_game_event` (`id`, `end_date`, `start_date`, `type`, `enable`) VALUES (12117, '2029-01-01 00:00:00.000000', '2019-01-01 00:00:00.000000',1, 0);
INSERT INTO `chusan_game_event` (`id`, `end_date`, `start_date`, `type`, `enable`) VALUES (12118, '2029-01-01 00:00:00.000000', '2019-01-01 00:00:00.000000',3, 1);
INSERT INTO `chusan_game_event` (`id`, `end_date`, `start_date`, `type`, `enable`) VALUES (12119, '2029-01-01 00:00:00.000000', '2019-01-01 00:00:00.000000',5, 1);
INSERT INTO `chusan_game_event` (`id`, `end_date`, `start_date`, `type`, `enable`) VALUES (12120, '2029-01-01 00:00:00.000000', '2019-01-01 00:00:00.000000',4, 1);
INSERT INTO `chusan_game_event` (`id`, `end_date`, `start_date`, `type`, `enable`) VALUES (12121, '2029-01-01 00:00:00.000000', '2019-01-01 00:00:00.000000',11, 1);
INSERT INTO `chusan_game_event` (`id`, `end_date`, `start_date`, `type`, `enable`) VALUES (12122, '2029-01-01 00:00:00.000000', '2019-01-01 00:00:00.000000',1, 0);
INSERT INTO `chusan_game_event` (`id`, `end_date`, `start_date`, `type`, `enable`) VALUES (12123, '2029-01-01 00:00:00.000000', '2019-01-01 00:00:00.000000',1, 0);
INSERT INTO `chusan_game_event` (`id`, `end_date`, `start_date`, `type`, `enable`) VALUES (12124, '2029-01-01 00:00:00.000000', '2019-01-01 00:00:00.000000',7, 1);
INSERT INTO `chusan_game_event` (`id`, `end_date`, `start_date`, `type`, `enable`) VALUES (12125, '2029-01-01 00:00:00.000000', '2019-01-01 00:00:00.000000',7, 1);
INSERT INTO chusan_mapicon (id, name) VALUES (49, '第八皇女エルルーン');
INSERT INTO chusan_nameplate (id, name) VALUES (10089, '中二病でも恋がしたい！ 【1】');
INSERT INTO chusan_nameplate (id, name) VALUES (10090, '中二病でも恋がしたい！ 【2】');
INSERT INTO chusan_nameplate (id, name) VALUES (25016, '第八皇女エルルーン');
INSERT INTO chusan_music (music_id, artist_name, genre, name, release_version, sort_name) VALUES (2253, 'ドーラ × sasakure.UK', 0, 'レッド・ルーラー', 'v2 2.10.00', 'レツトルウラウ');
INSERT INTO chusan_music (music_id, artist_name, genre, name, release_version, sort_name) VALUES (2290, 'Black Raison d''être「中二病でも恋がしたい！」', 0, 'INSIDE IDENTITY', 'v2 2.10.00', 'INSIDEIDENTITY');
INSERT INTO chusan_music (music_id, artist_name, genre, name, release_version, sort_name) VALUES (2291, 'Black Raison d''être「中二病でも恋がしたい！戀」', 0, 'Van!shment Th!s World', 'v2 2.10.00', 'VANISHMENTTHISWORLD');
INSERT INTO chusan_music (music_id, artist_name, genre, name, release_version, sort_name) VALUES (2292, '「私」(CV：悠木碧）「蜘蛛ですが、なにか？」', 0, 'がんばれ！蜘蛛子さんのテーマ', 'v2 2.10.00', 'カンハレクモコサンノテウマ');
INSERT INTO chusan_music (music_id, artist_name, genre, name, release_version, sort_name) VALUES (2293, '小仏 凪(CV:佐倉 薫)＆五十嵐 撫子(CV:花井 美春)', 7, '新世界スターター', 'v2 2.10.00', 'シンセカイスタウタウ');
INSERT INTO chusan_music (music_id, artist_name, genre, name, release_version, sort_name) VALUES (2295, 'Laur', 9, 'Viyella''s Scream', 'v2 2.10.00', 'VIYELLASSCREAM');
INSERT INTO chusan_music (music_id, artist_name, genre, name, release_version, sort_name) VALUES (2296, 'ぺのれり', 9, 'Desperado Waltz', 'v2 2.10.00', 'DESPERADOWALTZ');
INSERT INTO chusan_music (music_id, artist_name, genre, name, release_version, sort_name) VALUES (2358, 'Cranky', 5, '4月1日でございました', 'v2 2.10.00', '4カツ1タチテコサイマシタ');
INSERT INTO chusan_music (music_id, artist_name, genre, name, release_version, sort_name) VALUES (2367, '曲：中土智博／歌：⊿TRiEDGE [高瀬 梨緒(CV：久保 ユリカ)、結城 莉玖(CV：朝日奈 丸佳)、藍原 椿(CV：橋本 ちなみ)]', 9, 'ヒストリー×ブレイカー', 'v2 2.10.00', 'ヒストリウフレイカウ');
INSERT INTO chusan_music_level (diff, enable, level, level_decimal, music_id) VALUES (0, 1, 3, 0, 2253);
INSERT INTO chusan_music_level (diff, enable, level, level_decimal, music_id) VALUES (1, 1, 7, 0, 2253);
INSERT INTO chusan_music_level (diff, enable, level, level_decimal, music_id) VALUES (2, 1, 10, 90, 2253);
INSERT INTO chusan_music_level (diff, enable, level, level_decimal, music_id) VALUES (3, 1, 13, 50, 2253);
INSERT INTO chusan_music_level (diff, enable, level, level_decimal, music_id) VALUES (4, 0, 0, 0, 2253);
INSERT INTO chusan_music_level (diff, enable, level, level_decimal, music_id) VALUES (5, 0, 0, 0, 2253);
INSERT INTO chusan_music_level (diff, enable, level, level_decimal, music_id) VALUES (0, 1, 3, 0, 2290);
INSERT INTO chusan_music_level (diff, enable, level, level_decimal, music_id) VALUES (1, 1, 6, 0, 2290);
INSERT INTO chusan_music_level (diff, enable, level, level_decimal, music_id) VALUES (2, 1, 9, 50, 2290);
INSERT INTO chusan_music_level (diff, enable, level, level_decimal, music_id) VALUES (3, 1, 12, 70, 2290);
INSERT INTO chusan_music_level (diff, enable, level, level_decimal, music_id) VALUES (4, 0, 0, 0, 2290);
INSERT INTO chusan_music_level (diff, enable, level, level_decimal, music_id) VALUES (5, 0, 0, 0, 2290);
INSERT INTO chusan_music_level (diff, enable, level, level_decimal, music_id) VALUES (0, 1, 3, 0, 2291);
INSERT INTO chusan_music_level (diff, enable, level, level_decimal, music_id) VALUES (1, 1, 5, 0, 2291);
INSERT INTO chusan_music_level (diff, enable, level, level_decimal, music_id) VALUES (2, 1, 9, 50, 2291);
INSERT INTO chusan_music_level (diff, enable, level, level_decimal, music_id) VALUES (3, 1, 12, 20, 2291);
INSERT INTO chusan_music_level (diff, enable, level, level_decimal, music_id) VALUES (4, 0, 0, 0, 2291);
INSERT INTO chusan_music_level (diff, enable, level, level_decimal, music_id) VALUES (5, 0, 0, 0, 2291);
INSERT INTO chusan_music_level (diff, enable, level, level_decimal, music_id) VALUES (0, 1, 4, 0, 2292);
INSERT INTO chusan_music_level (diff, enable, level, level_decimal, music_id) VALUES (1, 1, 7, 0, 2292);
INSERT INTO chusan_music_level (diff, enable, level, level_decimal, music_id) VALUES (2, 1, 10, 50, 2292);
INSERT INTO chusan_music_level (diff, enable, level, level_decimal, music_id) VALUES (3, 1, 14, 40, 2292);
INSERT INTO chusan_music_level (diff, enable, level, level_decimal, music_id) VALUES (4, 0, 0, 0, 2292);
INSERT INTO chusan_music_level (diff, enable, level, level_decimal, music_id) VALUES (5, 0, 0, 0, 2292);
INSERT INTO chusan_music_level (diff, enable, level, level_decimal, music_id) VALUES (0, 1, 3, 0, 2293);
INSERT INTO chusan_music_level (diff, enable, level, level_decimal, music_id) VALUES (1, 1, 6, 0, 2293);
INSERT INTO chusan_music_level (diff, enable, level, level_decimal, music_id) VALUES (2, 1, 9, 0, 2293);
INSERT INTO chusan_music_level (diff, enable, level, level_decimal, music_id) VALUES (3, 1, 12, 70, 2293);
INSERT INTO chusan_music_level (diff, enable, level, level_decimal, music_id) VALUES (4, 0, 0, 0, 2293);
INSERT INTO chusan_music_level (diff, enable, level, level_decimal, music_id) VALUES (5, 0, 0, 0, 2293);
INSERT INTO chusan_music_level (diff, enable, level, level_decimal, music_id) VALUES (0, 1, 4, 0, 2295);
INSERT INTO chusan_music_level (diff, enable, level, level_decimal, music_id) VALUES (1, 1, 9, 0, 2295);
INSERT INTO chusan_music_level (diff, enable, level, level_decimal, music_id) VALUES (2, 1, 13, 40, 2295);
INSERT INTO chusan_music_level (diff, enable, level, level_decimal, music_id) VALUES (3, 1, 14, 90, 2295);
INSERT INTO chusan_music_level (diff, enable, level, level_decimal, music_id) VALUES (4, 0, 0, 0, 2295);
INSERT INTO chusan_music_level (diff, enable, level, level_decimal, music_id) VALUES (5, 0, 0, 0, 2295);
INSERT INTO chusan_music_level (diff, enable, level, level_decimal, music_id) VALUES (0, 1, 4, 0, 2296);
INSERT INTO chusan_music_level (diff, enable, level, level_decimal, music_id) VALUES (1, 1, 9, 50, 2296);
INSERT INTO chusan_music_level (diff, enable, level, level_decimal, music_id) VALUES (2, 1, 13, 0, 2296);
INSERT INTO chusan_music_level (diff, enable, level, level_decimal, music_id) VALUES (3, 1, 14, 80, 2296);
INSERT INTO chusan_music_level (diff, enable, level, level_decimal, music_id) VALUES (4, 0, 0, 0, 2296);
INSERT INTO chusan_music_level (diff, enable, level, level_decimal, music_id) VALUES (5, 0, 0, 0, 2296);
INSERT INTO chusan_music_level (diff, enable, level, level_decimal, music_id) VALUES (0, 1, 4, 0, 2358);
INSERT INTO chusan_music_level (diff, enable, level, level_decimal, music_id) VALUES (1, 1, 8, 50, 2358);
INSERT INTO chusan_music_level (diff, enable, level, level_decimal, music_id) VALUES (2, 1, 11, 40, 2358);
INSERT INTO chusan_music_level (diff, enable, level, level_decimal, music_id) VALUES (3, 1, 14, 70, 2358);
INSERT INTO chusan_music_level (diff, enable, level, level_decimal, music_id) VALUES (4, 0, 0, 0, 2358);
INSERT INTO chusan_music_level (diff, enable, level, level_decimal, music_id) VALUES (5, 0, 0, 0, 2358);
INSERT INTO chusan_music_level (diff, enable, level, level_decimal, music_id) VALUES (0, 1, 2, 0, 2367);
INSERT INTO chusan_music_level (diff, enable, level, level_decimal, music_id) VALUES (1, 1, 5, 0, 2367);
INSERT INTO chusan_music_level (diff, enable, level, level_decimal, music_id) VALUES (2, 1, 9, 50, 2367);
INSERT INTO chusan_music_level (diff, enable, level, level_decimal, music_id) VALUES (3, 1, 13, 0, 2367);
INSERT INTO chusan_music_level (diff, enable, level, level_decimal, music_id) VALUES (4, 0, 0, 0, 2367);
INSERT INTO chusan_music_level (diff, enable, level, level_decimal, music_id) VALUES (5, 0, 0, 0, 2367);
INSERT INTO chusan_trophy (id, name) VALUES (5827, 'レッド・ルーラー');
INSERT INTO chusan_trophy (id, name) VALUES (5828, 'レッド・ルーラー');
INSERT INTO chusan_trophy (id, name) VALUES (5947, '中二病でも恋がしたい！');
INSERT INTO chusan_trophy (id, name) VALUES (5948, 'チュウニズムでもマッチングしたい！');
INSERT INTO chusan_trophy (id, name) VALUES (5949, '爆ぜろリアル！ 弾けろシナプス！ Van!shment Th!s World！');
INSERT INTO chusan_trophy (id, name) VALUES (5950, 'ウニですが、何か？');
INSERT INTO chusan_trophy (id, name) VALUES (5951, 'MaidenHouse');
INSERT INTO chusan_trophy (id, name) VALUES (5952, 'INSIDE IDENTITY');
INSERT INTO chusan_trophy (id, name) VALUES (5953, 'INSIDE IDENTITY');
INSERT INTO chusan_trophy (id, name) VALUES (5954, 'Van!shment Th!s World');
INSERT INTO chusan_trophy (id, name) VALUES (5955, 'Van!shment Th!s World');
INSERT INTO chusan_trophy (id, name) VALUES (5956, 'がんばれ！蜘蛛子さんのテーマ');
INSERT INTO chusan_trophy (id, name) VALUES (5957, 'がんばれ！蜘蛛子さんのテーマ');
INSERT INTO chusan_trophy (id, name) VALUES (5958, '新世界スターター');
INSERT INTO chusan_trophy (id, name) VALUES (5959, '新世界スターター');
INSERT INTO chusan_trophy (id, name) VALUES (5962, 'Viyella''s Scream');
INSERT INTO chusan_trophy (id, name) VALUES (5963, 'Viyella''s Scream');
INSERT INTO chusan_trophy (id, name) VALUES (5964, 'Desperado Waltz');
INSERT INTO chusan_trophy (id, name) VALUES (5965, 'Desperado Waltz');
INSERT INTO chusan_trophy (id, name) VALUES (6201, 'ヒストリー×ブレイカー');
INSERT INTO chusan_trophy (id, name) VALUES (6202, 'ヒストリー×ブレイカー');
INSERT INTO chusan_trophy (id, name) VALUES (6243, '4月1日でございました');
INSERT INTO chusan_trophy (id, name) VALUES (6244, '4月1日でございました');
INSERT INTO chusan_voice (id, name) VALUES (49, '第八皇女エルルーン');
